"FileName","Folder","Extension","SizeKB","RelativePath"
".gitignore","",".gitignore","0.28",".gitignore"
"README.md","",".md","1.63","README.md"
"Advise.m","\01_matlab_simulation\loose_matlab_files",".m","1.24","01_matlab_simulation\loose_matlab_files\Advise.m"
"animate_3D_descent.m","\01_matlab_simulation\loose_matlab_files",".m","10.02","01_matlab_simulation\loose_matlab_files\animate_3D_descent.m"
"balloon_stress_strain_estimate.m","\01_matlab_simulation\loose_matlab_files",".m","1.81","01_matlab_simulation\loose_matlab_files\balloon_stress_strain_estimate.m"
"BuildRunGMAT.m","\01_matlab_simulation\loose_matlab_files",".m","0.78","01_matlab_simulation\loose_matlab_files\BuildRunGMAT.m"
"CallGMAT.m","\01_matlab_simulation\loose_matlab_files",".m","2.61","01_matlab_simulation\loose_matlab_files\CallGMAT.m"
"CallGMATfminconSolver.m","\01_matlab_simulation\loose_matlab_files",".m","2.73","01_matlab_simulation\loose_matlab_files\CallGMATfminconSolver.m"
"ClearGMAT.m","\01_matlab_simulation\loose_matlab_files",".m","0.86","01_matlab_simulation\loose_matlab_files\ClearGMAT.m"
"CloseGMAT.m","\01_matlab_simulation\loose_matlab_files",".m","1.31","01_matlab_simulation\loose_matlab_files\CloseGMAT.m"
"collect_step_outputs.m","\01_matlab_simulation\loose_matlab_files",".m","1.47","01_matlab_simulation\loose_matlab_files\collect_step_outputs.m"
"compare_main_chute_cases.m","\01_matlab_simulation\loose_matlab_files",".m","2.08","01_matlab_simulation\loose_matlab_files\compare_main_chute_cases.m"
"descent_2D.m","\01_matlab_simulation\loose_matlab_files",".m","12.38","01_matlab_simulation\loose_matlab_files\descent_2D.m"
"descent_3D.m","\01_matlab_simulation\loose_matlab_files",".m","8.32","01_matlab_simulation\loose_matlab_files\descent_3D.m"
"drag_model.m","\01_matlab_simulation\loose_matlab_files",".m","17.73","01_matlab_simulation\loose_matlab_files\drag_model.m"
"EvaluateGMATConstraints.m","\01_matlab_simulation\loose_matlab_files",".m","1.72","01_matlab_simulation\loose_matlab_files\EvaluateGMATConstraints.m"
"EvaluateGMATObjective.m","\01_matlab_simulation\loose_matlab_files",".m","1.89","01_matlab_simulation\loose_matlab_files\EvaluateGMATObjective.m"
"Ex_R2020a_BasicFM.m","\01_matlab_simulation\loose_matlab_files",".m","1.8","01_matlab_simulation\loose_matlab_files\Ex_R2020a_BasicFM.m"
"Ex_R2020a_BasicForceModel.m","\01_matlab_simulation\loose_matlab_files",".m","2.37","01_matlab_simulation\loose_matlab_files\Ex_R2020a_BasicForceModel.m"
"Ex_R2020a_CompleteForceModel.m","\01_matlab_simulation\loose_matlab_files",".m","3.37","01_matlab_simulation\loose_matlab_files\Ex_R2020a_CompleteForceModel.m"
"Ex_R2020a_FindTheMoon.m","\01_matlab_simulation\loose_matlab_files",".m","2.25","01_matlab_simulation\loose_matlab_files\Ex_R2020a_FindTheMoon.m"
"Ex_R2020a_PropagationLoop.m","\01_matlab_simulation\loose_matlab_files",".m","1.21","01_matlab_simulation\loose_matlab_files\Ex_R2020a_PropagationLoop.m"
"Ex_R2020a_PropagationStep.m","\01_matlab_simulation\loose_matlab_files",".m","1.17","01_matlab_simulation\loose_matlab_files\Ex_R2020a_PropagationStep.m"
"Ex_R2020a_RangeMeasurement.m","\01_matlab_simulation\loose_matlab_files",".m","4.51","01_matlab_simulation\loose_matlab_files\Ex_R2020a_RangeMeasurement.m"
"Ex_R2025a_BasicTarget.m","\01_matlab_simulation\loose_matlab_files",".m","0.68","01_matlab_simulation\loose_matlab_files\Ex_R2025a_BasicTarget.m"
"Ex_R2025a_MarsBPlane.m","\01_matlab_simulation\loose_matlab_files",".m","9.3","01_matlab_simulation\loose_matlab_files\Ex_R2025a_MarsBPlane.m"
"GetGMATObject.m","\01_matlab_simulation\loose_matlab_files",".m","1.07","01_matlab_simulation\loose_matlab_files\GetGMATObject.m"
"GetGMATVar.m","\01_matlab_simulation\loose_matlab_files",".m","1.33","01_matlab_simulation\loose_matlab_files\GetGMATVar.m"
"GMATAPI.m","\01_matlab_simulation\loose_matlab_files",".m","3.23","01_matlab_simulation\loose_matlab_files\GMATAPI.m"
"GmatFminconOptimizationDriver.m","\01_matlab_simulation\loose_matlab_files",".m","1.68","01_matlab_simulation\loose_matlab_files\GmatFminconOptimizationDriver.m"
"gmat_startup.m","\01_matlab_simulation\loose_matlab_files",".m","0.65","01_matlab_simulation\loose_matlab_files\gmat_startup.m"
"ISA_atmosphere.m","\01_matlab_simulation\loose_matlab_files",".m","7.64","01_matlab_simulation\loose_matlab_files\ISA_atmosphere.m"
"load_gmat.m","\01_matlab_simulation\loose_matlab_files",".m","3.19","01_matlab_simulation\loose_matlab_files\load_gmat.m"
"main.m","\01_matlab_simulation\loose_matlab_files",".m","2.42","01_matlab_simulation\loose_matlab_files\main.m"
"main_step3.m","\01_matlab_simulation\loose_matlab_files",".m","4.05","01_matlab_simulation\loose_matlab_files\main_step3.m"
"main_step4.m","\01_matlab_simulation\loose_matlab_files",".m","4.31","01_matlab_simulation\loose_matlab_files\main_step4.m"
"main_step4_animation.m","\01_matlab_simulation\loose_matlab_files",".m","1.89","01_matlab_simulation\loose_matlab_files\main_step4_animation.m"
"mission_parameters.m","\01_matlab_simulation\loose_matlab_files",".m","4.1","01_matlab_simulation\loose_matlab_files\mission_parameters.m"
"monte_carlo.m","\01_matlab_simulation\loose_matlab_files",".m","10.16","01_matlab_simulation\loose_matlab_files\monte_carlo.m"
"OpenGMAT.m","\01_matlab_simulation\loose_matlab_files",".m","1.52","01_matlab_simulation\loose_matlab_files\OpenGMAT.m"
"plot_monte_carlo_results.m","\01_matlab_simulation\loose_matlab_files",".m","4.84","01_matlab_simulation\loose_matlab_files\plot_monte_carlo_results.m"
"plot_results_2D.m","\01_matlab_simulation\loose_matlab_files",".m","6.14","01_matlab_simulation\loose_matlab_files\plot_results_2D.m"
"plot_results_3D.m","\01_matlab_simulation\loose_matlab_files",".m","5.07","01_matlab_simulation\loose_matlab_files\plot_results_3D.m"
"Poke.m","\01_matlab_simulation\loose_matlab_files",".m","1.18","01_matlab_simulation\loose_matlab_files\Poke.m"
"Request.m","\01_matlab_simulation\loose_matlab_files",".m","1.35","01_matlab_simulation\loose_matlab_files\Request.m"
"RunGMAT.m","\01_matlab_simulation\loose_matlab_files",".m","0.88","01_matlab_simulation\loose_matlab_files\RunGMAT.m"
"runMatlabToGMAT.m","\01_matlab_simulation\loose_matlab_files",".m","3.71","01_matlab_simulation\loose_matlab_files\runMatlabToGMAT.m"
"runMatlabToGMATsimple.m","\01_matlab_simulation\loose_matlab_files",".m","2.2","01_matlab_simulation\loose_matlab_files\runMatlabToGMATsimple.m"
"step1_smoke_test.m","\01_matlab_simulation\loose_matlab_files",".m","1.94","01_matlab_simulation\loose_matlab_files\step1_smoke_test.m"
"UpdateGMAT.m","\01_matlab_simulation\loose_matlab_files",".m","0.9","01_matlab_simulation\loose_matlab_files\UpdateGMAT.m"
"WaitForCallback.m","\01_matlab_simulation\loose_matlab_files",".m","2.12","01_matlab_simulation\loose_matlab_files\WaitForCallback.m"
"WaitForCallbackResults.m","\01_matlab_simulation\loose_matlab_files",".m","2.15","01_matlab_simulation\loose_matlab_files\WaitForCallbackResults.m"
"WaitForGMAT.m","\01_matlab_simulation\loose_matlab_files",".m","2.41","01_matlab_simulation\loose_matlab_files\WaitForGMAT.m"
"drag_model.m","\01_matlab_simulation\step1_isa_drag_functions",".m","17.73","01_matlab_simulation\step1_isa_drag_functions\drag_model.m"
"ISA_atmosphere.m","\01_matlab_simulation\step1_isa_drag_functions",".m","7.64","01_matlab_simulation\step1_isa_drag_functions\ISA_atmosphere.m"
"step1_smoke_test.m","\01_matlab_simulation\step1_isa_drag_functions",".m","1.94","01_matlab_simulation\step1_isa_drag_functions\step1_smoke_test.m"
"compare_main_chute_cases.m","\01_matlab_simulation\step2_2d_descent\gaganyaan_step2_descent2D",".m","2.08","01_matlab_simulation\step2_2d_descent\gaganyaan_step2_descent2D\compare_main_chute_cases.m"
"descent_2D.m","\01_matlab_simulation\step2_2d_descent\gaganyaan_step2_descent2D",".m","12.38","01_matlab_simulation\step2_2d_descent\gaganyaan_step2_descent2D\descent_2D.m"
"drag_model.m","\01_matlab_simulation\step2_2d_descent\gaganyaan_step2_descent2D",".m","17.73","01_matlab_simulation\step2_2d_descent\gaganyaan_step2_descent2D\drag_model.m"
"ISA_atmosphere.m","\01_matlab_simulation\step2_2d_descent\gaganyaan_step2_descent2D",".m","7.64","01_matlab_simulation\step2_2d_descent\gaganyaan_step2_descent2D\ISA_atmosphere.m"
"main.m","\01_matlab_simulation\step2_2d_descent\gaganyaan_step2_descent2D",".m","2.42","01_matlab_simulation\step2_2d_descent\gaganyaan_step2_descent2D\main.m"
"mission_parameters.m","\01_matlab_simulation\step2_2d_descent\gaganyaan_step2_descent2D",".m","4.1","01_matlab_simulation\step2_2d_descent\gaganyaan_step2_descent2D\mission_parameters.m"
"plot_results_2D.m","\01_matlab_simulation\step2_2d_descent\gaganyaan_step2_descent2D",".m","6.14","01_matlab_simulation\step2_2d_descent\gaganyaan_step2_descent2D\plot_results_2D.m"
"README_STEP2.md","\01_matlab_simulation\step2_2d_descent\gaganyaan_step2_descent2D",".md","1.06","01_matlab_simulation\step2_2d_descent\gaganyaan_step2_descent2D\README_STEP2.md"
"step1_smoke_test.m","\01_matlab_simulation\step2_2d_descent\gaganyaan_step2_descent2D",".m","1.94","01_matlab_simulation\step2_2d_descent\gaganyaan_step2_descent2D\step1_smoke_test.m"
"01_altitude_vs_time.png","\01_matlab_simulation\step2_2d_descent\gaganyaan_step2_descent2D\gaganyaan_step2_outputs",".png","89.56","01_matlab_simulation\step2_2d_descent\gaganyaan_step2_descent2D\gaganyaan_step2_outputs\01_altitude_vs_time.png"
"02_velocity_vs_time.png","\01_matlab_simulation\step2_2d_descent\gaganyaan_step2_descent2D\gaganyaan_step2_outputs",".png","93.48","01_matlab_simulation\step2_2d_descent\gaganyaan_step2_descent2D\gaganyaan_step2_outputs\02_velocity_vs_time.png"
"03_dynamic_pressure_vs_altitude.png","\01_matlab_simulation\step2_2d_descent\gaganyaan_step2_descent2D\gaganyaan_step2_outputs",".png","65.83","01_matlab_simulation\step2_2d_descent\gaganyaan_step2_descent2D\gaganyaan_step2_outputs\03_dynamic_pressure_vs_altitude.png"
"04_deceleration_vs_time.png","\01_matlab_simulation\step2_2d_descent\gaganyaan_step2_descent2D\gaganyaan_step2_outputs",".png","83.22","01_matlab_simulation\step2_2d_descent\gaganyaan_step2_descent2D\gaganyaan_step2_outputs\04_deceleration_vs_time.png"
"05_drag_components_vs_time.png","\01_matlab_simulation\step2_2d_descent\gaganyaan_step2_descent2D\gaganyaan_step2_outputs",".png","105.65","01_matlab_simulation\step2_2d_descent\gaganyaan_step2_descent2D\gaganyaan_step2_outputs\05_drag_components_vs_time.png"
"06_cd_effective_vs_mach.png","\01_matlab_simulation\step2_2d_descent\gaganyaan_step2_descent2D\gaganyaan_step2_outputs",".png","100.4","01_matlab_simulation\step2_2d_descent\gaganyaan_step2_descent2D\gaganyaan_step2_outputs\06_cd_effective_vs_mach.png"
"07_velocity_altitude_by_stage.png","\01_matlab_simulation\step2_2d_descent\gaganyaan_step2_descent2D\gaganyaan_step2_outputs",".png","84.2","01_matlab_simulation\step2_2d_descent\gaganyaan_step2_descent2D\gaganyaan_step2_outputs\07_velocity_altitude_by_stage.png"
"08_energy_removed_vs_time.png","\01_matlab_simulation\step2_2d_descent\gaganyaan_step2_descent2D\gaganyaan_step2_outputs",".png","84.9","01_matlab_simulation\step2_2d_descent\gaganyaan_step2_descent2D\gaganyaan_step2_outputs\08_energy_removed_vs_time.png"
"09_stage_activation_gantt.png","\01_matlab_simulation\step2_2d_descent\gaganyaan_step2_descent2D\gaganyaan_step2_outputs",".png","54.82","01_matlab_simulation\step2_2d_descent\gaganyaan_step2_descent2D\gaganyaan_step2_outputs\09_stage_activation_gantt.png"
"10_main_chute_redundancy_comparison.png","\01_matlab_simulation\step2_2d_descent\gaganyaan_step2_descent2D\gaganyaan_step2_outputs",".png","94.97","01_matlab_simulation\step2_2d_descent\gaganyaan_step2_descent2D\gaganyaan_step2_outputs\10_main_chute_redundancy_comparison.png"
"step2_nominal_time_history.csv","\01_matlab_simulation\step2_2d_descent\gaganyaan_step2_descent2D\gaganyaan_step2_outputs",".csv","179.16","01_matlab_simulation\step2_2d_descent\gaganyaan_step2_descent2D\gaganyaan_step2_outputs\step2_nominal_time_history.csv"
"compare_main_chute_cases.m","\01_matlab_simulation\step3_monte_carlo",".m","2.08","01_matlab_simulation\step3_monte_carlo\compare_main_chute_cases.m"
"descent_2D.m","\01_matlab_simulation\step3_monte_carlo",".m","12.38","01_matlab_simulation\step3_monte_carlo\descent_2D.m"
"drag_model.m","\01_matlab_simulation\step3_monte_carlo",".m","17.73","01_matlab_simulation\step3_monte_carlo\drag_model.m"
"ISA_atmosphere.m","\01_matlab_simulation\step3_monte_carlo",".m","7.64","01_matlab_simulation\step3_monte_carlo\ISA_atmosphere.m"
"main.m","\01_matlab_simulation\step3_monte_carlo",".m","2.42","01_matlab_simulation\step3_monte_carlo\main.m"
"main_step3.m","\01_matlab_simulation\step3_monte_carlo",".m","4.05","01_matlab_simulation\step3_monte_carlo\main_step3.m"
"mission_parameters.m","\01_matlab_simulation\step3_monte_carlo",".m","4.1","01_matlab_simulation\step3_monte_carlo\mission_parameters.m"
"monte_carlo.m","\01_matlab_simulation\step3_monte_carlo",".m","10.16","01_matlab_simulation\step3_monte_carlo\monte_carlo.m"
"plot_monte_carlo_results.m","\01_matlab_simulation\step3_monte_carlo",".m","4.84","01_matlab_simulation\step3_monte_carlo\plot_monte_carlo_results.m"
"plot_results_2D.m","\01_matlab_simulation\step3_monte_carlo",".m","6.14","01_matlab_simulation\step3_monte_carlo\plot_results_2D.m"
"README_STEP2.md","\01_matlab_simulation\step3_monte_carlo",".md","1.06","01_matlab_simulation\step3_monte_carlo\README_STEP2.md"
"README_STEP3.md","\01_matlab_simulation\step3_monte_carlo",".md","0.74","01_matlab_simulation\step3_monte_carlo\README_STEP3.md"
"step1_smoke_test.m","\01_matlab_simulation\step3_monte_carlo",".m","1.94","01_matlab_simulation\step3_monte_carlo\step1_smoke_test.m"
"11_monte_carlo_velocity_altitude_95ci.png","\01_matlab_simulation\step3_monte_carlo\gaganyaan_step3_outputs",".png","111.41","01_matlab_simulation\step3_monte_carlo\gaganyaan_step3_outputs\11_monte_carlo_velocity_altitude_95ci.png"
"12_monte_carlo_time_history_95ci.png","\01_matlab_simulation\step3_monte_carlo\gaganyaan_step3_outputs",".png","147.11","01_matlab_simulation\step3_monte_carlo\gaganyaan_step3_outputs\12_monte_carlo_time_history_95ci.png"
"13_monte_carlo_output_histograms.png","\01_matlab_simulation\step3_monte_carlo\gaganyaan_step3_outputs",".png","110.6","01_matlab_simulation\step3_monte_carlo\gaganyaan_step3_outputs\13_monte_carlo_output_histograms.png"
"14_monte_carlo_deceleration_95ci.png","\01_matlab_simulation\step3_monte_carlo\gaganyaan_step3_outputs",".png","95.48","01_matlab_simulation\step3_monte_carlo\gaganyaan_step3_outputs\14_monte_carlo_deceleration_95ci.png"
"step3_monte_carlo_samples.csv","\01_matlab_simulation\step3_monte_carlo\gaganyaan_step3_outputs",".csv","172.86","01_matlab_simulation\step3_monte_carlo\gaganyaan_step3_outputs\step3_monte_carlo_samples.csv"
"step3_monte_carlo_summary.csv","\01_matlab_simulation\step3_monte_carlo\gaganyaan_step3_outputs",".csv","0.47","01_matlab_simulation\step3_monte_carlo\gaganyaan_step3_outputs\step3_monte_carlo_summary.csv"
"animate_3D_descent.m","\01_matlab_simulation\step4_3d_descent_animation",".m","10.02","01_matlab_simulation\step4_3d_descent_animation\animate_3D_descent.m"
"compare_main_chute_cases.m","\01_matlab_simulation\step4_3d_descent_animation",".m","2.08","01_matlab_simulation\step4_3d_descent_animation\compare_main_chute_cases.m"
"descent_2D.m","\01_matlab_simulation\step4_3d_descent_animation",".m","12.38","01_matlab_simulation\step4_3d_descent_animation\descent_2D.m"
"descent_3D.m","\01_matlab_simulation\step4_3d_descent_animation",".m","8.32","01_matlab_simulation\step4_3d_descent_animation\descent_3D.m"
"drag_model.m","\01_matlab_simulation\step4_3d_descent_animation",".m","17.73","01_matlab_simulation\step4_3d_descent_animation\drag_model.m"
"ISA_atmosphere.m","\01_matlab_simulation\step4_3d_descent_animation",".m","7.64","01_matlab_simulation\step4_3d_descent_animation\ISA_atmosphere.m"
"main.m","\01_matlab_simulation\step4_3d_descent_animation",".m","2.42","01_matlab_simulation\step4_3d_descent_animation\main.m"
"main_step3.m","\01_matlab_simulation\step4_3d_descent_animation",".m","4.05","01_matlab_simulation\step4_3d_descent_animation\main_step3.m"
"main_step4.m","\01_matlab_simulation\step4_3d_descent_animation",".m","4.31","01_matlab_simulation\step4_3d_descent_animation\main_step4.m"
"main_step4_animation.m","\01_matlab_simulation\step4_3d_descent_animation",".m","1.89","01_matlab_simulation\step4_3d_descent_animation\main_step4_animation.m"
"mission_parameters.m","\01_matlab_simulation\step4_3d_descent_animation",".m","4.1","01_matlab_simulation\step4_3d_descent_animation\mission_parameters.m"
"monte_carlo.m","\01_matlab_simulation\step4_3d_descent_animation",".m","10.16","01_matlab_simulation\step4_3d_descent_animation\monte_carlo.m"
"plot_monte_carlo_results.m","\01_matlab_simulation\step4_3d_descent_animation",".m","4.84","01_matlab_simulation\step4_3d_descent_animation\plot_monte_carlo_results.m"
"plot_results_2D.m","\01_matlab_simulation\step4_3d_descent_animation",".m","6.14","01_matlab_simulation\step4_3d_descent_animation\plot_results_2D.m"
"plot_results_3D.m","\01_matlab_simulation\step4_3d_descent_animation",".m","5.07","01_matlab_simulation\step4_3d_descent_animation\plot_results_3D.m"
"README_STEP2.md","\01_matlab_simulation\step4_3d_descent_animation",".md","1.06","01_matlab_simulation\step4_3d_descent_animation\README_STEP2.md"
"README_STEP3.md","\01_matlab_simulation\step4_3d_descent_animation",".md","0.74","01_matlab_simulation\step4_3d_descent_animation\README_STEP3.md"
"README_STEP4.md","\01_matlab_simulation\step4_3d_descent_animation",".md","0.77","01_matlab_simulation\step4_3d_descent_animation\README_STEP4.md"
"step1_smoke_test.m","\01_matlab_simulation\step4_3d_descent_animation",".m","1.94","01_matlab_simulation\step4_3d_descent_animation\step1_smoke_test.m"
"animate_3D_descent.m","\01_matlab_simulation\step4_3d_descent_animation\animation_addon\gaganyaan_step4_animation_addon",".m","10.02","01_matlab_simulation\step4_3d_descent_animation\animation_addon\gaganyaan_step4_animation_addon\animate_3D_descent.m"
"main_step4_animation.m","\01_matlab_simulation\step4_3d_descent_animation\animation_addon\gaganyaan_step4_animation_addon",".m","1.89","01_matlab_simulation\step4_3d_descent_animation\animation_addon\gaganyaan_step4_animation_addon\main_step4_animation.m"
"15_3d_descent_trajectory.png","\01_matlab_simulation\step4_3d_descent_animation\gaganyaan_step4_outputs",".png","68.85","01_matlab_simulation\step4_3d_descent_animation\gaganyaan_step4_outputs\15_3d_descent_trajectory.png"
"16_horizontal_drift_time.png","\01_matlab_simulation\step4_3d_descent_animation\gaganyaan_step4_outputs",".png","49.14","01_matlab_simulation\step4_3d_descent_animation\gaganyaan_step4_outputs\16_horizontal_drift_time.png"
"17_pendulum_angle_time.png","\01_matlab_simulation\step4_3d_descent_animation\gaganyaan_step4_outputs",".png","45.1","01_matlab_simulation\step4_3d_descent_animation\gaganyaan_step4_outputs\17_pendulum_angle_time.png"
"18_wind_profile.png","\01_matlab_simulation\step4_3d_descent_animation\gaganyaan_step4_outputs",".png","38.28","01_matlab_simulation\step4_3d_descent_animation\gaganyaan_step4_outputs\18_wind_profile.png"
"19_asymmetric_riser_tensions.png","\01_matlab_simulation\step4_3d_descent_animation\gaganyaan_step4_outputs",".png","51.08","01_matlab_simulation\step4_3d_descent_animation\gaganyaan_step4_outputs\19_asymmetric_riser_tensions.png"
"20_asymmetric_tilt_response.png","\01_matlab_simulation\step4_3d_descent_animation\gaganyaan_step4_outputs",".png","54.89","01_matlab_simulation\step4_3d_descent_animation\gaganyaan_step4_outputs\20_asymmetric_tilt_response.png"
"21_failure_modes_velocity_altitude.png","\01_matlab_simulation\step4_3d_descent_animation\gaganyaan_step4_outputs",".png","58.75","01_matlab_simulation\step4_3d_descent_animation\gaganyaan_step4_outputs\21_failure_modes_velocity_altitude.png"
"22_canopy_snapshot.png","\01_matlab_simulation\step4_3d_descent_animation\gaganyaan_step4_outputs",".png","56.73","01_matlab_simulation\step4_3d_descent_animation\gaganyaan_step4_outputs\22_canopy_snapshot.png"
"23_3d_descent_animation.avi","\01_matlab_simulation\step4_3d_descent_animation\gaganyaan_step4_outputs",".avi","22935.06","01_matlab_simulation\step4_3d_descent_animation\gaganyaan_step4_outputs\23_3d_descent_animation.avi"
"23_3d_descent_animation.gif","\01_matlab_simulation\step4_3d_descent_animation\gaganyaan_step4_outputs",".gif","15755.55","01_matlab_simulation\step4_3d_descent_animation\gaganyaan_step4_outputs\23_3d_descent_animation.gif"
"step4_3d_summary.csv","\01_matlab_simulation\step4_3d_descent_animation\gaganyaan_step4_outputs",".csv","0.32","01_matlab_simulation\step4_3d_descent_animation\gaganyaan_step4_outputs\step4_3d_summary.csv"
"step4_nominal_3d_trajectory.csv","\01_matlab_simulation\step4_3d_descent_animation\gaganyaan_step4_outputs",".csv","206.22","01_matlab_simulation\step4_3d_descent_animation\gaganyaan_step4_outputs\step4_nominal_3d_trajectory.csv"
"Allclean_all_cases","\02_openfoam_cfd\source_package\gaganyaan_openfoam_v3_3d_canopy_research","","0.22","02_openfoam_cfd\source_package\gaganyaan_openfoam_v3_3d_canopy_research\Allclean_all_cases"
"Allrun_all_cases","\02_openfoam_cfd\source_package\gaganyaan_openfoam_v3_3d_canopy_research","","0.35","02_openfoam_cfd\source_package\gaganyaan_openfoam_v3_3d_canopy_research\Allrun_all_cases"
"MANIFEST.txt","\02_openfoam_cfd\source_package\gaganyaan_openfoam_v3_3d_canopy_research",".txt","4.17","02_openfoam_cfd\source_package\gaganyaan_openfoam_v3_3d_canopy_research\MANIFEST.txt"
"README_V3.md","\02_openfoam_cfd\source_package\gaganyaan_openfoam_v3_3d_canopy_research",".md","2.38","02_openfoam_cfd\source_package\gaganyaan_openfoam_v3_3d_canopy_research\README_V3.md"
"Allclean","\02_openfoam_cfd\source_package\gaganyaan_openfoam_v3_3d_canopy_research\cases\01_drogue_reefed_3D","","0.1","02_openfoam_cfd\source_package\gaganyaan_openfoam_v3_3d_canopy_research\cases\01_drogue_reefed_3D\Allclean"
"Allrun","\02_openfoam_cfd\source_package\gaganyaan_openfoam_v3_3d_canopy_research\cases\01_drogue_reefed_3D","","0.34","02_openfoam_cfd\source_package\gaganyaan_openfoam_v3_3d_canopy_research\cases\01_drogue_reefed_3D\Allrun"
"k","\02_openfoam_cfd\source_package\gaganyaan_openfoam_v3_3d_canopy_research\cases\01_drogue_reefed_3D\0","","0.37","02_openfoam_cfd\source_package\gaganyaan_openfoam_v3_3d_canopy_research\cases\01_drogue_reefed_3D\0\k"
"nut","\02_openfoam_cfd\source_package\gaganyaan_openfoam_v3_3d_canopy_research\cases\01_drogue_reefed_3D\0","","0.38","02_openfoam_cfd\source_package\gaganyaan_openfoam_v3_3d_canopy_research\cases\01_drogue_reefed_3D\0\nut"
"omega","\02_openfoam_cfd\source_package\gaganyaan_openfoam_v3_3d_canopy_research\cases\01_drogue_reefed_3D\0","","0.39","02_openfoam_cfd\source_package\gaganyaan_openfoam_v3_3d_canopy_research\cases\01_drogue_reefed_3D\0\omega"
"p","\02_openfoam_cfd\source_package\gaganyaan_openfoam_v3_3d_canopy_research\cases\01_drogue_reefed_3D\0","","0.33","02_openfoam_cfd\source_package\gaganyaan_openfoam_v3_3d_canopy_research\cases\01_drogue_reefed_3D\0\p"
"U","\02_openfoam_cfd\source_package\gaganyaan_openfoam_v3_3d_canopy_research\cases\01_drogue_reefed_3D\0","","0.33","02_openfoam_cfd\source_package\gaganyaan_openfoam_v3_3d_canopy_research\cases\01_drogue_reefed_3D\0\U"
"momentumTransport","\02_openfoam_cfd\source_package\gaganyaan_openfoam_v3_3d_canopy_research\cases\01_drogue_reefed_3D\constant","","0.22","02_openfoam_cfd\source_package\gaganyaan_openfoam_v3_3d_canopy_research\cases\01_drogue_reefed_3D\constant\momentumTransport"
"physicalProperties","\02_openfoam_cfd\source_package\gaganyaan_openfoam_v3_3d_canopy_research\cases\01_drogue_reefed_3D\constant","","0.19","02_openfoam_cfd\source_package\gaganyaan_openfoam_v3_3d_canopy_research\cases\01_drogue_reefed_3D\constant\physicalProperties"
"turbulenceProperties","\02_openfoam_cfd\source_package\gaganyaan_openfoam_v3_3d_canopy_research\cases\01_drogue_reefed_3D\constant","","0.23","02_openfoam_cfd\source_package\gaganyaan_openfoam_v3_3d_canopy_research\cases\01_drogue_reefed_3D\constant\turbulenceProperties"
"canopy.stl","\02_openfoam_cfd\source_package\gaganyaan_openfoam_v3_3d_canopy_research\cases\01_drogue_reefed_3D\constant\triSurface",".stl","2084.54","02_openfoam_cfd\source_package\gaganyaan_openfoam_v3_3d_canopy_research\cases\01_drogue_reefed_3D\constant\triSurface\canopy.stl"
"blockMeshDict","\02_openfoam_cfd\source_package\gaganyaan_openfoam_v3_3d_canopy_research\cases\01_drogue_reefed_3D\system","","0.86","02_openfoam_cfd\source_package\gaganyaan_openfoam_v3_3d_canopy_research\cases\01_drogue_reefed_3D\system\blockMeshDict"
"controlDict","\02_openfoam_cfd\source_package\gaganyaan_openfoam_v3_3d_canopy_research\cases\01_drogue_reefed_3D\system","","1.07","02_openfoam_cfd\source_package\gaganyaan_openfoam_v3_3d_canopy_research\cases\01_drogue_reefed_3D\system\controlDict"
"fvSchemes","\02_openfoam_cfd\source_package\gaganyaan_openfoam_v3_3d_canopy_research\cases\01_drogue_reefed_3D\system","","0.54","02_openfoam_cfd\source_package\gaganyaan_openfoam_v3_3d_canopy_research\cases\01_drogue_reefed_3D\system\fvSchemes"
"fvSolution","\02_openfoam_cfd\source_package\gaganyaan_openfoam_v3_3d_canopy_research\cases\01_drogue_reefed_3D\system","","1.05","02_openfoam_cfd\source_package\gaganyaan_openfoam_v3_3d_canopy_research\cases\01_drogue_reefed_3D\system\fvSolution"
"snappyHexMeshDict","\02_openfoam_cfd\source_package\gaganyaan_openfoam_v3_3d_canopy_research\cases\01_drogue_reefed_3D\system","","1.69","02_openfoam_cfd\source_package\gaganyaan_openfoam_v3_3d_canopy_research\cases\01_drogue_reefed_3D\system\snappyHexMeshDict"
"Allclean","\02_openfoam_cfd\source_package\gaganyaan_openfoam_v3_3d_canopy_research\cases\02_drogue_full_3D","","0.1","02_openfoam_cfd\source_package\gaganyaan_openfoam_v3_3d_canopy_research\cases\02_drogue_full_3D\Allclean"
"Allrun","\02_openfoam_cfd\source_package\gaganyaan_openfoam_v3_3d_canopy_research\cases\02_drogue_full_3D","","0.34","02_openfoam_cfd\source_package\gaganyaan_openfoam_v3_3d_canopy_research\cases\02_drogue_full_3D\Allrun"
"k","\02_openfoam_cfd\source_package\gaganyaan_openfoam_v3_3d_canopy_research\cases\02_drogue_full_3D\0","","0.35","02_openfoam_cfd\source_package\gaganyaan_openfoam_v3_3d_canopy_research\cases\02_drogue_full_3D\0\k"
"nut","\02_openfoam_cfd\source_package\gaganyaan_openfoam_v3_3d_canopy_research\cases\02_drogue_full_3D\0","","0.38","02_openfoam_cfd\source_package\gaganyaan_openfoam_v3_3d_canopy_research\cases\02_drogue_full_3D\0\nut"
"omega","\02_openfoam_cfd\source_package\gaganyaan_openfoam_v3_3d_canopy_research\cases\02_drogue_full_3D\0","","0.39","02_openfoam_cfd\source_package\gaganyaan_openfoam_v3_3d_canopy_research\cases\02_drogue_full_3D\0\omega"
"p","\02_openfoam_cfd\source_package\gaganyaan_openfoam_v3_3d_canopy_research\cases\02_drogue_full_3D\0","","0.33","02_openfoam_cfd\source_package\gaganyaan_openfoam_v3_3d_canopy_research\cases\02_drogue_full_3D\0\p"
"U","\02_openfoam_cfd\source_package\gaganyaan_openfoam_v3_3d_canopy_research\cases\02_drogue_full_3D\0","","0.33","02_openfoam_cfd\source_package\gaganyaan_openfoam_v3_3d_canopy_research\cases\02_drogue_full_3D\0\U"
"momentumTransport","\02_openfoam_cfd\source_package\gaganyaan_openfoam_v3_3d_canopy_research\cases\02_drogue_full_3D\constant","","0.22","02_openfoam_cfd\source_package\gaganyaan_openfoam_v3_3d_canopy_research\cases\02_drogue_full_3D\constant\momentumTransport"
"physicalProperties","\02_openfoam_cfd\source_package\gaganyaan_openfoam_v3_3d_canopy_research\cases\02_drogue_full_3D\constant","","0.19","02_openfoam_cfd\source_package\gaganyaan_openfoam_v3_3d_canopy_research\cases\02_drogue_full_3D\constant\physicalProperties"
"turbulenceProperties","\02_openfoam_cfd\source_package\gaganyaan_openfoam_v3_3d_canopy_research\cases\02_drogue_full_3D\constant","","0.23","02_openfoam_cfd\source_package\gaganyaan_openfoam_v3_3d_canopy_research\cases\02_drogue_full_3D\constant\turbulenceProperties"
"canopy.stl","\02_openfoam_cfd\source_package\gaganyaan_openfoam_v3_3d_canopy_research\cases\02_drogue_full_3D\constant\triSurface",".stl","2084.54","02_openfoam_cfd\source_package\gaganyaan_openfoam_v3_3d_canopy_research\cases\02_drogue_full_3D\constant\triSurface\canopy.stl"
"blockMeshDict","\02_openfoam_cfd\source_package\gaganyaan_openfoam_v3_3d_canopy_research\cases\02_drogue_full_3D\system","","0.74","02_openfoam_cfd\source_package\gaganyaan_openfoam_v3_3d_canopy_research\cases\02_drogue_full_3D\system\blockMeshDict"
"controlDict","\02_openfoam_cfd\source_package\gaganyaan_openfoam_v3_3d_canopy_research\cases\02_drogue_full_3D\system","","1.06","02_openfoam_cfd\source_package\gaganyaan_openfoam_v3_3d_canopy_research\cases\02_drogue_full_3D\system\controlDict"
"fvSchemes","\02_openfoam_cfd\source_package\gaganyaan_openfoam_v3_3d_canopy_research\cases\02_drogue_full_3D\system","","0.54","02_openfoam_cfd\source_package\gaganyaan_openfoam_v3_3d_canopy_research\cases\02_drogue_full_3D\system\fvSchemes"
"fvSolution","\02_openfoam_cfd\source_package\gaganyaan_openfoam_v3_3d_canopy_research\cases\02_drogue_full_3D\system","","1.05","02_openfoam_cfd\source_package\gaganyaan_openfoam_v3_3d_canopy_research\cases\02_drogue_full_3D\system\fvSolution"
"snappyHexMeshDict","\02_openfoam_cfd\source_package\gaganyaan_openfoam_v3_3d_canopy_research\cases\02_drogue_full_3D\system","","1.68","02_openfoam_cfd\source_package\gaganyaan_openfoam_v3_3d_canopy_research\cases\02_drogue_full_3D\system\snappyHexMeshDict"
"Allclean","\02_openfoam_cfd\source_package\gaganyaan_openfoam_v3_3d_canopy_research\cases\03_main_reef1_3D","","0.1","02_openfoam_cfd\source_package\gaganyaan_openfoam_v3_3d_canopy_research\cases\03_main_reef1_3D\Allclean"
"Allrun","\02_openfoam_cfd\source_package\gaganyaan_openfoam_v3_3d_canopy_research\cases\03_main_reef1_3D","","0.34","02_openfoam_cfd\source_package\gaganyaan_openfoam_v3_3d_canopy_research\cases\03_main_reef1_3D\Allrun"
"k","\02_openfoam_cfd\source_package\gaganyaan_openfoam_v3_3d_canopy_research\cases\03_main_reef1_3D\0","","0.37","02_openfoam_cfd\source_package\gaganyaan_openfoam_v3_3d_canopy_research\cases\03_main_reef1_3D\0\k"
"nut","\02_openfoam_cfd\source_package\gaganyaan_openfoam_v3_3d_canopy_research\cases\03_main_reef1_3D\0","","0.38","02_openfoam_cfd\source_package\gaganyaan_openfoam_v3_3d_canopy_research\cases\03_main_reef1_3D\0\nut"
"omega","\02_openfoam_cfd\source_package\gaganyaan_openfoam_v3_3d_canopy_research\cases\03_main_reef1_3D\0","","0.36","02_openfoam_cfd\source_package\gaganyaan_openfoam_v3_3d_canopy_research\cases\03_main_reef1_3D\0\omega"
"p","\02_openfoam_cfd\source_package\gaganyaan_openfoam_v3_3d_canopy_research\cases\03_main_reef1_3D\0","","0.33","02_openfoam_cfd\source_package\gaganyaan_openfoam_v3_3d_canopy_research\cases\03_main_reef1_3D\0\p"
"U","\02_openfoam_cfd\source_package\gaganyaan_openfoam_v3_3d_canopy_research\cases\03_main_reef1_3D\0","","0.33","02_openfoam_cfd\source_package\gaganyaan_openfoam_v3_3d_canopy_research\cases\03_main_reef1_3D\0\U"
"momentumTransport","\02_openfoam_cfd\source_package\gaganyaan_openfoam_v3_3d_canopy_research\cases\03_main_reef1_3D\constant","","0.22","02_openfoam_cfd\source_package\gaganyaan_openfoam_v3_3d_canopy_research\cases\03_main_reef1_3D\constant\momentumTransport"
"physicalProperties","\02_openfoam_cfd\source_package\gaganyaan_openfoam_v3_3d_canopy_research\cases\03_main_reef1_3D\constant","","0.19","02_openfoam_cfd\source_package\gaganyaan_openfoam_v3_3d_canopy_research\cases\03_main_reef1_3D\constant\physicalProperties"
"turbulenceProperties","\02_openfoam_cfd\source_package\gaganyaan_openfoam_v3_3d_canopy_research\cases\03_main_reef1_3D\constant","","0.23","02_openfoam_cfd\source_package\gaganyaan_openfoam_v3_3d_canopy_research\cases\03_main_reef1_3D\constant\turbulenceProperties"
"canopy.stl","\02_openfoam_cfd\source_package\gaganyaan_openfoam_v3_3d_canopy_research\cases\03_main_reef1_3D\constant\triSurface",".stl","2084.54","02_openfoam_cfd\source_package\gaganyaan_openfoam_v3_3d_canopy_research\cases\03_main_reef1_3D\constant\triSurface\canopy.stl"
"blockMeshDict","\02_openfoam_cfd\source_package\gaganyaan_openfoam_v3_3d_canopy_research\cases\03_main_reef1_3D\system","","0.85","02_openfoam_cfd\source_package\gaganyaan_openfoam_v3_3d_canopy_research\cases\03_main_reef1_3D\system\blockMeshDict"
"controlDict","\02_openfoam_cfd\source_package\gaganyaan_openfoam_v3_3d_canopy_research\cases\03_main_reef1_3D\system","","1.07","02_openfoam_cfd\source_package\gaganyaan_openfoam_v3_3d_canopy_research\cases\03_main_reef1_3D\system\controlDict"
"fvSchemes","\02_openfoam_cfd\source_package\gaganyaan_openfoam_v3_3d_canopy_research\cases\03_main_reef1_3D\system","","0.54","02_openfoam_cfd\source_package\gaganyaan_openfoam_v3_3d_canopy_research\cases\03_main_reef1_3D\system\fvSchemes"
"fvSolution","\02_openfoam_cfd\source_package\gaganyaan_openfoam_v3_3d_canopy_research\cases\03_main_reef1_3D\system","","1.05","02_openfoam_cfd\source_package\gaganyaan_openfoam_v3_3d_canopy_research\cases\03_main_reef1_3D\system\fvSolution"
"snappyHexMeshDict","\02_openfoam_cfd\source_package\gaganyaan_openfoam_v3_3d_canopy_research\cases\03_main_reef1_3D\system","","1.69","02_openfoam_cfd\source_package\gaganyaan_openfoam_v3_3d_canopy_research\cases\03_main_reef1_3D\system\snappyHexMeshDict"
"Allclean","\02_openfoam_cfd\source_package\gaganyaan_openfoam_v3_3d_canopy_research\cases\04_main_reef2_3D","","0.1","02_openfoam_cfd\source_package\gaganyaan_openfoam_v3_3d_canopy_research\cases\04_main_reef2_3D\Allclean"
"Allrun","\02_openfoam_cfd\source_package\gaganyaan_openfoam_v3_3d_canopy_research\cases\04_main_reef2_3D","","0.34","02_openfoam_cfd\source_package\gaganyaan_openfoam_v3_3d_canopy_research\cases\04_main_reef2_3D\Allrun"
"k","\02_openfoam_cfd\source_package\gaganyaan_openfoam_v3_3d_canopy_research\cases\04_main_reef2_3D\0","","0.35","02_openfoam_cfd\source_package\gaganyaan_openfoam_v3_3d_canopy_research\cases\04_main_reef2_3D\0\k"
"nut","\02_openfoam_cfd\source_package\gaganyaan_openfoam_v3_3d_canopy_research\cases\04_main_reef2_3D\0","","0.38","02_openfoam_cfd\source_package\gaganyaan_openfoam_v3_3d_canopy_research\cases\04_main_reef2_3D\0\nut"
"omega","\02_openfoam_cfd\source_package\gaganyaan_openfoam_v3_3d_canopy_research\cases\04_main_reef2_3D\0","","0.39","02_openfoam_cfd\source_package\gaganyaan_openfoam_v3_3d_canopy_research\cases\04_main_reef2_3D\0\omega"
"p","\02_openfoam_cfd\source_package\gaganyaan_openfoam_v3_3d_canopy_research\cases\04_main_reef2_3D\0","","0.33","02_openfoam_cfd\source_package\gaganyaan_openfoam_v3_3d_canopy_research\cases\04_main_reef2_3D\0\p"
"U","\02_openfoam_cfd\source_package\gaganyaan_openfoam_v3_3d_canopy_research\cases\04_main_reef2_3D\0","","0.33","02_openfoam_cfd\source_package\gaganyaan_openfoam_v3_3d_canopy_research\cases\04_main_reef2_3D\0\U"
"momentumTransport","\02_openfoam_cfd\source_package\gaganyaan_openfoam_v3_3d_canopy_research\cases\04_main_reef2_3D\constant","","0.22","02_openfoam_cfd\source_package\gaganyaan_openfoam_v3_3d_canopy_research\cases\04_main_reef2_3D\constant\momentumTransport"
"physicalProperties","\02_openfoam_cfd\source_package\gaganyaan_openfoam_v3_3d_canopy_research\cases\04_main_reef2_3D\constant","","0.19","02_openfoam_cfd\source_package\gaganyaan_openfoam_v3_3d_canopy_research\cases\04_main_reef2_3D\constant\physicalProperties"
"turbulenceProperties","\02_openfoam_cfd\source_package\gaganyaan_openfoam_v3_3d_canopy_research\cases\04_main_reef2_3D\constant","","0.23","02_openfoam_cfd\source_package\gaganyaan_openfoam_v3_3d_canopy_research\cases\04_main_reef2_3D\constant\turbulenceProperties"
"canopy.stl","\02_openfoam_cfd\source_package\gaganyaan_openfoam_v3_3d_canopy_research\cases\04_main_reef2_3D\constant\triSurface",".stl","2084.54","02_openfoam_cfd\source_package\gaganyaan_openfoam_v3_3d_canopy_research\cases\04_main_reef2_3D\constant\triSurface\canopy.stl"
"blockMeshDict","\02_openfoam_cfd\source_package\gaganyaan_openfoam_v3_3d_canopy_research\cases\04_main_reef2_3D\system","","0.86","02_openfoam_cfd\source_package\gaganyaan_openfoam_v3_3d_canopy_research\cases\04_main_reef2_3D\system\blockMeshDict"
"controlDict","\02_openfoam_cfd\source_package\gaganyaan_openfoam_v3_3d_canopy_research\cases\04_main_reef2_3D\system","","1.06","02_openfoam_cfd\source_package\gaganyaan_openfoam_v3_3d_canopy_research\cases\04_main_reef2_3D\system\controlDict"
"fvSchemes","\02_openfoam_cfd\source_package\gaganyaan_openfoam_v3_3d_canopy_research\cases\04_main_reef2_3D\system","","0.54","02_openfoam_cfd\source_package\gaganyaan_openfoam_v3_3d_canopy_research\cases\04_main_reef2_3D\system\fvSchemes"
"fvSolution","\02_openfoam_cfd\source_package\gaganyaan_openfoam_v3_3d_canopy_research\cases\04_main_reef2_3D\system","","1.05","02_openfoam_cfd\source_package\gaganyaan_openfoam_v3_3d_canopy_research\cases\04_main_reef2_3D\system\fvSolution"
"snappyHexMeshDict","\02_openfoam_cfd\source_package\gaganyaan_openfoam_v3_3d_canopy_research\cases\04_main_reef2_3D\system","","1.69","02_openfoam_cfd\source_package\gaganyaan_openfoam_v3_3d_canopy_research\cases\04_main_reef2_3D\system\snappyHexMeshDict"
"Allclean","\02_openfoam_cfd\source_package\gaganyaan_openfoam_v3_3d_canopy_research\cases\05_main_full_3D","","0.1","02_openfoam_cfd\source_package\gaganyaan_openfoam_v3_3d_canopy_research\cases\05_main_full_3D\Allclean"
"Allrun","\02_openfoam_cfd\source_package\gaganyaan_openfoam_v3_3d_canopy_research\cases\05_main_full_3D","","0.34","02_openfoam_cfd\source_package\gaganyaan_openfoam_v3_3d_canopy_research\cases\05_main_full_3D\Allrun"
"k","\02_openfoam_cfd\source_package\gaganyaan_openfoam_v3_3d_canopy_research\cases\05_main_full_3D\0","","0.36","02_openfoam_cfd\source_package\gaganyaan_openfoam_v3_3d_canopy_research\cases\05_main_full_3D\0\k"
"nut","\02_openfoam_cfd\source_package\gaganyaan_openfoam_v3_3d_canopy_research\cases\05_main_full_3D\0","","0.38","02_openfoam_cfd\source_package\gaganyaan_openfoam_v3_3d_canopy_research\cases\05_main_full_3D\0\nut"
"omega","\02_openfoam_cfd\source_package\gaganyaan_openfoam_v3_3d_canopy_research\cases\05_main_full_3D\0","","0.39","02_openfoam_cfd\source_package\gaganyaan_openfoam_v3_3d_canopy_research\cases\05_main_full_3D\0\omega"
"p","\02_openfoam_cfd\source_package\gaganyaan_openfoam_v3_3d_canopy_research\cases\05_main_full_3D\0","","0.33","02_openfoam_cfd\source_package\gaganyaan_openfoam_v3_3d_canopy_research\cases\05_main_full_3D\0\p"
"U","\02_openfoam_cfd\source_package\gaganyaan_openfoam_v3_3d_canopy_research\cases\05_main_full_3D\0","","0.33","02_openfoam_cfd\source_package\gaganyaan_openfoam_v3_3d_canopy_research\cases\05_main_full_3D\0\U"
"momentumTransport","\02_openfoam_cfd\source_package\gaganyaan_openfoam_v3_3d_canopy_research\cases\05_main_full_3D\constant","","0.22","02_openfoam_cfd\source_package\gaganyaan_openfoam_v3_3d_canopy_research\cases\05_main_full_3D\constant\momentumTransport"
"physicalProperties","\02_openfoam_cfd\source_package\gaganyaan_openfoam_v3_3d_canopy_research\cases\05_main_full_3D\constant","","0.19","02_openfoam_cfd\source_package\gaganyaan_openfoam_v3_3d_canopy_research\cases\05_main_full_3D\constant\physicalProperties"
"turbulenceProperties","\02_openfoam_cfd\source_package\gaganyaan_openfoam_v3_3d_canopy_research\cases\05_main_full_3D\constant","","0.23","02_openfoam_cfd\source_package\gaganyaan_openfoam_v3_3d_canopy_research\cases\05_main_full_3D\constant\turbulenceProperties"
"canopy.stl","\02_openfoam_cfd\source_package\gaganyaan_openfoam_v3_3d_canopy_research\cases\05_main_full_3D\constant\triSurface",".stl","2084.54","02_openfoam_cfd\source_package\gaganyaan_openfoam_v3_3d_canopy_research\cases\05_main_full_3D\constant\triSurface\canopy.stl"
"blockMeshDict","\02_openfoam_cfd\source_package\gaganyaan_openfoam_v3_3d_canopy_research\cases\05_main_full_3D\system","","0.72","02_openfoam_cfd\source_package\gaganyaan_openfoam_v3_3d_canopy_research\cases\05_main_full_3D\system\blockMeshDict"
"controlDict","\02_openfoam_cfd\source_package\gaganyaan_openfoam_v3_3d_canopy_research\cases\05_main_full_3D\system","","1.06","02_openfoam_cfd\source_package\gaganyaan_openfoam_v3_3d_canopy_research\cases\05_main_full_3D\system\controlDict"
"fvSchemes","\02_openfoam_cfd\source_package\gaganyaan_openfoam_v3_3d_canopy_research\cases\05_main_full_3D\system","","0.54","02_openfoam_cfd\source_package\gaganyaan_openfoam_v3_3d_canopy_research\cases\05_main_full_3D\system\fvSchemes"
"fvSolution","\02_openfoam_cfd\source_package\gaganyaan_openfoam_v3_3d_canopy_research\cases\05_main_full_3D\system","","1.05","02_openfoam_cfd\source_package\gaganyaan_openfoam_v3_3d_canopy_research\cases\05_main_full_3D\system\fvSolution"
"snappyHexMeshDict","\02_openfoam_cfd\source_package\gaganyaan_openfoam_v3_3d_canopy_research\cases\05_main_full_3D\system","","1.68","02_openfoam_cfd\source_package\gaganyaan_openfoam_v3_3d_canopy_research\cases\05_main_full_3D\system\snappyHexMeshDict"
"research_workflow.md","\02_openfoam_cfd\source_package\gaganyaan_openfoam_v3_3d_canopy_research\notes",".md","1.01","02_openfoam_cfd\source_package\gaganyaan_openfoam_v3_3d_canopy_research\notes\research_workflow.md"
"short_update_to_scientist.txt","\02_openfoam_cfd\source_package\gaganyaan_openfoam_v3_3d_canopy_research\notes",".txt","0.51","02_openfoam_cfd\source_package\gaganyaan_openfoam_v3_3d_canopy_research\notes\short_update_to_scientist.txt"
"build_coupled_stage_profile.py","\02_openfoam_cfd\source_package\gaganyaan_openfoam_v3_3d_canopy_research\scripts",".py","1.23","02_openfoam_cfd\source_package\gaganyaan_openfoam_v3_3d_canopy_research\scripts\build_coupled_stage_profile.py"
"extract_cd_all.py","\02_openfoam_cfd\source_package\gaganyaan_openfoam_v3_3d_canopy_research\scripts",".py","3.2","02_openfoam_cfd\source_package\gaganyaan_openfoam_v3_3d_canopy_research\scripts\extract_cd_all.py"
"generate_canopy_stls.py","\02_openfoam_cfd\source_package\gaganyaan_openfoam_v3_3d_canopy_research\scripts",".py","4.03","02_openfoam_cfd\source_package\gaganyaan_openfoam_v3_3d_canopy_research\scripts\generate_canopy_stls.py"
"stage_conditions.csv","\02_openfoam_cfd\source_package\gaganyaan_openfoam_v3_3d_canopy_research\stage_conditions",".csv","0.9","02_openfoam_cfd\source_package\gaganyaan_openfoam_v3_3d_canopy_research\stage_conditions\stage_conditions.csv"
"23_3d_descent_animation.avi","\03_results\figures\animation",".avi","22935.06","03_results\figures\animation\23_3d_descent_animation.avi"
"23_3d_descent_animation.gif","\03_results\figures\animation",".gif","15755.55","03_results\figures\animation\23_3d_descent_animation.gif"
"01_altitude_vs_time.png","\03_results\figures\matlab_figures",".png","89.56","03_results\figures\matlab_figures\01_altitude_vs_time.png"
"02_velocity_vs_time.png","\03_results\figures\matlab_figures",".png","93.48","03_results\figures\matlab_figures\02_velocity_vs_time.png"
"03_dynamic_pressure_vs_altitude.png","\03_results\figures\matlab_figures",".png","65.83","03_results\figures\matlab_figures\03_dynamic_pressure_vs_altitude.png"
"04_deceleration_vs_time.png","\03_results\figures\matlab_figures",".png","83.22","03_results\figures\matlab_figures\04_deceleration_vs_time.png"
"05_drag_components_vs_time.png","\03_results\figures\matlab_figures",".png","105.65","03_results\figures\matlab_figures\05_drag_components_vs_time.png"
"06_cd_effective_vs_mach.png","\03_results\figures\matlab_figures",".png","100.4","03_results\figures\matlab_figures\06_cd_effective_vs_mach.png"
"07_velocity_altitude_by_stage.png","\03_results\figures\matlab_figures",".png","84.2","03_results\figures\matlab_figures\07_velocity_altitude_by_stage.png"
"08_energy_removed_vs_time.png","\03_results\figures\matlab_figures",".png","84.9","03_results\figures\matlab_figures\08_energy_removed_vs_time.png"
"09_stage_activation_gantt.png","\03_results\figures\matlab_figures",".png","54.82","03_results\figures\matlab_figures\09_stage_activation_gantt.png"
"10_main_chute_redundancy_comparison.png","\03_results\figures\matlab_figures",".png","94.97","03_results\figures\matlab_figures\10_main_chute_redundancy_comparison.png"
"15_3d_descent_trajectory.png","\03_results\figures\matlab_figures",".png","68.85","03_results\figures\matlab_figures\15_3d_descent_trajectory.png"
"16_horizontal_drift_time.png","\03_results\figures\matlab_figures",".png","49.14","03_results\figures\matlab_figures\16_horizontal_drift_time.png"
"17_pendulum_angle_time.png","\03_results\figures\matlab_figures",".png","45.1","03_results\figures\matlab_figures\17_pendulum_angle_time.png"
"18_wind_profile.png","\03_results\figures\matlab_figures",".png","38.28","03_results\figures\matlab_figures\18_wind_profile.png"
"19_asymmetric_riser_tensions.png","\03_results\figures\matlab_figures",".png","51.08","03_results\figures\matlab_figures\19_asymmetric_riser_tensions.png"
"20_asymmetric_tilt_response.png","\03_results\figures\matlab_figures",".png","54.89","03_results\figures\matlab_figures\20_asymmetric_tilt_response.png"
"21_failure_modes_velocity_altitude.png","\03_results\figures\matlab_figures",".png","58.75","03_results\figures\matlab_figures\21_failure_modes_velocity_altitude.png"
"22_canopy_snapshot.png","\03_results\figures\matlab_figures",".png","56.73","03_results\figures\matlab_figures\22_canopy_snapshot.png"
"11_monte_carlo_velocity_altitude_95ci.png","\03_results\figures\monte_carlo_figures",".png","111.41","03_results\figures\monte_carlo_figures\11_monte_carlo_velocity_altitude_95ci.png"
"12_monte_carlo_time_history_95ci.png","\03_results\figures\monte_carlo_figures",".png","147.11","03_results\figures\monte_carlo_figures\12_monte_carlo_time_history_95ci.png"
"13_monte_carlo_output_histograms.png","\03_results\figures\monte_carlo_figures",".png","110.6","03_results\figures\monte_carlo_figures\13_monte_carlo_output_histograms.png"
"14_monte_carlo_deceleration_95ci.png","\03_results\figures\monte_carlo_figures",".png","95.48","03_results\figures\monte_carlo_figures\14_monte_carlo_deceleration_95ci.png"
"Figure_10_Main_Reef_Stage_1_Velocity_Cross_Section.png.png","\03_results\figures\openfoam_figures",".png","45.4","03_results\figures\openfoam_figures\Figure_10_Main_Reef_Stage_1_Velocity_Cross_Section.png.png"
"Figure_11_Main_Reef_Stage_1_Pressure_Cross_Section.png.png","\03_results\figures\openfoam_figures",".png","28.66","03_results\figures\openfoam_figures\Figure_11_Main_Reef_Stage_1_Pressure_Cross_Section.png.png"
"Figure_14_Main_Full_Open_Canopy_Geometry.png.png","\03_results\figures\openfoam_figures",".png","108.38","03_results\figures\openfoam_figures\Figure_14_Main_Full_Open_Canopy_Geometry.png.png"
"Figure_15_Main_Full_Open_Velocity_Cross_Section.png.png","\03_results\figures\openfoam_figures",".png","60.85","03_results\figures\openfoam_figures\Figure_15_Main_Full_Open_Velocity_Cross_Section.png.png"
"Figure_16_OpenFOAM_Cd_vs_MATLAB_Target_Comparison.png","\03_results\figures\openfoam_figures",".png","128.53","03_results\figures\openfoam_figures\Figure_16_OpenFOAM_Cd_vs_MATLAB_Target_Comparison.png"
"Figure_1_3D_Reefed_Drogue_Canopy_Geometry.png","\03_results\figures\openfoam_figures",".png","27.09","03_results\figures\openfoam_figures\Figure_1_3D_Reefed_Drogue_Canopy_Geometry.png"
"Figure_2_Drogue_Reefed_Velocity_Wake_Slice.png.png","\03_results\figures\openfoam_figures",".png","103.26","03_results\figures\openfoam_figures\Figure_2_Drogue_Reefed_Velocity_Wake_Slice.png.png"
"Figure_3_Velocity_Magnitude_Slice_Reefed_Drogue.png.png","\03_results\figures\openfoam_figures",".png","19.66","03_results\figures\openfoam_figures\Figure_3_Velocity_Magnitude_Slice_Reefed_Drogue.png.png"
"Figure_4_Pressure_Contour_Slice_Reefed_Drogue.png.png","\03_results\figures\openfoam_figures",".png","17.2","03_results\figures\openfoam_figures\Figure_4_Pressure_Contour_Slice_Reefed_Drogue.png.png"
"Figure_5_Streamlines_Around_Reefed_Drogue_Canopy.png.png","\03_results\figures\openfoam_figures",".png","34.43","03_results\figures\openfoam_figures\Figure_5_Streamlines_Around_Reefed_Drogue_Canopy.png.png"
"Figure_6_Drogue_Full_Open_Canopy_Geometry.png.png","\03_results\figures\openfoam_figures",".png","127.84","03_results\figures\openfoam_figures\Figure_6_Drogue_Full_Open_Canopy_Geometry.png.png"
"Figure_7_Drogue_Full_Open_Velocity_Cross_Section.png.png","\03_results\figures\openfoam_figures",".png","43.14","03_results\figures\openfoam_figures\Figure_7_Drogue_Full_Open_Velocity_Cross_Section.png.png"
"Figure_8_Drogue_Full_Open_Pressure_Cross_Section.png.png","\03_results\figures\openfoam_figures",".png","30.93","03_results\figures\openfoam_figures\Figure_8_Drogue_Full_Open_Pressure_Cross_Section.png.png"
"Figure_9_Main_Reef_Stage_1_Canopy_Geometry.png.png","\03_results\figures\openfoam_figures",".png","115.26","03_results\figures\openfoam_figures\Figure_9_Main_Reef_Stage_1_Canopy_Geometry.png.png"
"step2_nominal_time_history.csv","\03_results\tables",".csv","179.16","03_results\tables\step2_nominal_time_history.csv"
"step4_3d_summary.csv","\03_results\tables",".csv","0.32","03_results\tables\step4_3d_summary.csv"
"step4_nominal_3d_trajectory.csv","\03_results\tables",".csv","206.22","03_results\tables\step4_nominal_3d_trajectory.csv"
"step3_monte_carlo_samples.csv","\03_results\tables\monte_carlo_tables",".csv","172.86","03_results\tables\monte_carlo_tables\step3_monte_carlo_samples.csv"
"step3_monte_carlo_summary.csv","\03_results\tables\monte_carlo_tables",".csv","0.47","03_results\tables\monte_carlo_tables\step3_monte_carlo_summary.csv"
"assumptions_and_limitations.md","\04_validation",".md","0.41","04_validation\assumptions_and_limitations.md"
"matlab_openfoam_validation_notes.md","\04_validation",".md","0.71","04_validation\matlab_openfoam_validation_notes.md"
"01_final_research_report_draft.md","\05_reports_and_docs",".md","7.55","05_reports_and_docs\01_final_research_report_draft.md"
"03_openfoam_phase2_plan.md","\05_reports_and_docs",".md","2.53","05_reports_and_docs\03_openfoam_phase2_plan.md"
"assumptions_and_limitations.md","\05_reports_and_docs",".md","0.32","05_reports_and_docs\assumptions_and_limitations.md"
"Cover-Blank-A4-Trimmed.pdf","\05_reports_and_docs",".pdf","1735.25","05_reports_and_docs\Cover-Blank-A4-Trimmed.pdf"
"Cover-Blank-Letter.pdf","\05_reports_and_docs",".pdf","2058.64","05_reports_and_docs\Cover-Blank-Letter.pdf"
"Cover-TrainingManual-Letter.pdf","\05_reports_and_docs",".pdf","3659.84","05_reports_and_docs\Cover-TrainingManual-Letter.pdf"
"Cover-UserGuide-A4-Trimmed.pdf","\05_reports_and_docs",".pdf","2509.34","05_reports_and_docs\Cover-UserGuide-A4-Trimmed.pdf"
"Cover-UserGuide-Letter-Trimmed.pdf","\05_reports_and_docs",".pdf","3563.79","05_reports_and_docs\Cover-UserGuide-Letter-Trimmed.pdf"
"CSALT_CollocationBenchmarkingResults.pdf","\05_reports_and_docs",".pdf","132.85","05_reports_and_docs\CSALT_CollocationBenchmarkingResults.pdf"
"cv ayush.pdf","\05_reports_and_docs",".pdf","71.1","05_reports_and_docs\cv ayush.pdf"
"GMAT-Architectural-Specification.pdf","\05_reports_and_docs",".pdf","5325.14","05_reports_and_docs\GMAT-Architectural-Specification.pdf"
"GMATEstimationSpecification.pdf","\05_reports_and_docs",".pdf","2550.15","05_reports_and_docs\GMATEstimationSpecification.pdf"
"GMATMathSpec.pdf","\05_reports_and_docs",".pdf","1909.27","05_reports_and_docs\GMATMathSpec.pdf"
"GMAT_API_Cookbook.pdf","\05_reports_and_docs",".pdf","301.96","05_reports_and_docs\GMAT_API_Cookbook.pdf"
"GMAT_API_UsersGuide.pdf","\05_reports_and_docs",".pdf","597.93","05_reports_and_docs\GMAT_API_UsersGuide.pdf"
"GMAT_FlightQualification-ACE.pdf","\05_reports_and_docs",".pdf","1586.65","05_reports_and_docs\GMAT_FlightQualification-ACE.pdf"
"GMAT_OptimalControl_Specification.pdf","\05_reports_and_docs",".pdf","1143.75","05_reports_and_docs\GMAT_OptimalControl_Specification.pdf"
"GMAT_UsersGuide.pdf","\05_reports_and_docs",".pdf","19857.42","05_reports_and_docs\GMAT_UsersGuide.pdf"
"GMAT_V&V_ProcessAndResults.pdf","\05_reports_and_docs",".pdf","1448.66","05_reports_and_docs\GMAT_V&V_ProcessAndResults.pdf"
"help-a4.pdf","\05_reports_and_docs",".pdf","19752.73","05_reports_and_docs\help-a4.pdf"
"help-letter.pdf","\05_reports_and_docs",".pdf","19857.42","05_reports_and_docs\help-letter.pdf"
"installHelp.pdf","\05_reports_and_docs",".pdf","3818.36","05_reports_and_docs\installHelp.pdf"
"matlab_vs_openfoam_validation.md","\05_reports_and_docs",".md","0.29","05_reports_and_docs\matlab_vs_openfoam_validation.md"
"quickstartinstall.pdf","\05_reports_and_docs",".pdf","391.17","05_reports_and_docs\quickstartinstall.pdf"
"quickstartlic.pdf","\05_reports_and_docs",".pdf","379.36","05_reports_and_docs\quickstartlic.pdf"
"Readme - Cell Phone Drop Test.pdf","\05_reports_and_docs",".pdf","242.74","05_reports_and_docs\Readme - Cell Phone Drop Test.pdf"
"README.md","\05_reports_and_docs",".md","1.04","05_reports_and_docs\README.md"
"README_CASE.md","\05_reports_and_docs",".md","0.45","05_reports_and_docs\README_CASE.md"
"README_FIRST_RUN.md","\05_reports_and_docs",".md","2.51","05_reports_and_docs\README_FIRST_RUN.md"
"README_MASTER.md","\05_reports_and_docs",".md","1.97","05_reports_and_docs\README_MASTER.md"
"README_OPENFOAM_DROGUE.md","\05_reports_and_docs",".md","0.63","05_reports_and_docs\README_OPENFOAM_DROGUE.md"
"README_STEP2.md","\05_reports_and_docs",".md","1.06","05_reports_and_docs\README_STEP2.md"
"README_STEP3.md","\05_reports_and_docs",".md","0.74","05_reports_and_docs\README_STEP3.md"
"README_STEP4.md","\05_reports_and_docs",".md","0.77","05_reports_and_docs\README_STEP4.md"
"README_STEP5.md","\05_reports_and_docs",".md","1.2","05_reports_and_docs\README_STEP5.md"
"README_TABLE_DATA.md","\05_reports_and_docs",".md","1.09","05_reports_and_docs\README_TABLE_DATA.md"
"README_V2.md","\05_reports_and_docs",".md","0.98","05_reports_and_docs\README_V2.md"
"README_V3.md","\05_reports_and_docs",".md","2.38","05_reports_and_docs\README_V3.md"
"Research paper_PDF.pdf","\05_reports_and_docs",".pdf","697.52","05_reports_and_docs\Research paper_PDF.pdf"
"research_level_upgrade_notes.md","\05_reports_and_docs",".md","1.11","05_reports_and_docs\research_level_upgrade_notes.md"
"research_workflow.md","\05_reports_and_docs",".md","1.01","05_reports_and_docs\research_workflow.md"
"sysreq_linx.pdf","\05_reports_and_docs",".pdf","163.04","05_reports_and_docs\sysreq_linx.pdf"
"sysreq_win.pdf","\05_reports_and_docs",".pdf","396.96","05_reports_and_docs\sysreq_win.pdf"
"TLE Writer User Interface.pdf","\05_reports_and_docs",".pdf","355.96","05_reports_and_docs\TLE Writer User Interface.pdf"
"01_final_research_report_draft.md","\05_reports_and_docs\gaganyaan_step5_report_openfoam",".md","7.55","05_reports_and_docs\gaganyaan_step5_report_openfoam\01_final_research_report_draft.md"
"02_validation_matrix.csv","\05_reports_and_docs\gaganyaan_step5_report_openfoam",".csv","1.07","05_reports_and_docs\gaganyaan_step5_report_openfoam\02_validation_matrix.csv"
"03_openfoam_phase2_plan.md","\05_reports_and_docs\gaganyaan_step5_report_openfoam",".md","2.53","05_reports_and_docs\gaganyaan_step5_report_openfoam\03_openfoam_phase2_plan.md"
"collect_step_outputs.m","\05_reports_and_docs\gaganyaan_step5_report_openfoam",".m","1.47","05_reports_and_docs\gaganyaan_step5_report_openfoam\collect_step_outputs.m"
"README_STEP5.md","\05_reports_and_docs\gaganyaan_step5_report_openfoam",".md","1.2","05_reports_and_docs\gaganyaan_step5_report_openfoam\README_STEP5.md"
"15_3d_descent_trajectory.png","\05_reports_and_docs\gaganyaan_step5_report_openfoam\assets\step4_outputs",".png","68.85","05_reports_and_docs\gaganyaan_step5_report_openfoam\assets\step4_outputs\15_3d_descent_trajectory.png"
"16_horizontal_drift_time.png","\05_reports_and_docs\gaganyaan_step5_report_openfoam\assets\step4_outputs",".png","49.14","05_reports_and_docs\gaganyaan_step5_report_openfoam\assets\step4_outputs\16_horizontal_drift_time.png"
"17_pendulum_angle_time.png","\05_reports_and_docs\gaganyaan_step5_report_openfoam\assets\step4_outputs",".png","45.1","05_reports_and_docs\gaganyaan_step5_report_openfoam\assets\step4_outputs\17_pendulum_angle_time.png"
"18_wind_profile.png","\05_reports_and_docs\gaganyaan_step5_report_openfoam\assets\step4_outputs",".png","38.28","05_reports_and_docs\gaganyaan_step5_report_openfoam\assets\step4_outputs\18_wind_profile.png"
"19_asymmetric_riser_tensions.png","\05_reports_and_docs\gaganyaan_step5_report_openfoam\assets\step4_outputs",".png","51.08","05_reports_and_docs\gaganyaan_step5_report_openfoam\assets\step4_outputs\19_asymmetric_riser_tensions.png"
"20_asymmetric_tilt_response.png","\05_reports_and_docs\gaganyaan_step5_report_openfoam\assets\step4_outputs",".png","54.89","05_reports_and_docs\gaganyaan_step5_report_openfoam\assets\step4_outputs\20_asymmetric_tilt_response.png"
"21_failure_modes_velocity_altitude.png","\05_reports_and_docs\gaganyaan_step5_report_openfoam\assets\step4_outputs",".png","58.75","05_reports_and_docs\gaganyaan_step5_report_openfoam\assets\step4_outputs\21_failure_modes_velocity_altitude.png"
"22_canopy_snapshot.png","\05_reports_and_docs\gaganyaan_step5_report_openfoam\assets\step4_outputs",".png","56.73","05_reports_and_docs\gaganyaan_step5_report_openfoam\assets\step4_outputs\22_canopy_snapshot.png"
"23_3d_descent_animation.gif","\05_reports_and_docs\gaganyaan_step5_report_openfoam\assets\step4_outputs",".gif","175.43","05_reports_and_docs\gaganyaan_step5_report_openfoam\assets\step4_outputs\23_3d_descent_animation.gif"
"step4_3d_summary.csv","\05_reports_and_docs\gaganyaan_step5_report_openfoam\assets\step4_outputs",".csv","0.32","05_reports_and_docs\gaganyaan_step5_report_openfoam\assets\step4_outputs\step4_3d_summary.csv"
"step4_nominal_3d_trajectory.csv","\05_reports_and_docs\gaganyaan_step5_report_openfoam\assets\step4_outputs",".csv","206.22","05_reports_and_docs\gaganyaan_step5_report_openfoam\assets\step4_outputs\step4_nominal_3d_trajectory.csv"
"README_OPENFOAM_DROGUE.md","\05_reports_and_docs\gaganyaan_step5_report_openfoam\openfoam_drogue_case_skeleton",".md","0.63","05_reports_and_docs\gaganyaan_step5_report_openfoam\openfoam_drogue_case_skeleton\README_OPENFOAM_DROGUE.md"
"README_geometry.txt","\05_reports_and_docs\gaganyaan_step5_report_openfoam\openfoam_drogue_case_skeleton\constant",".txt","0.08","05_reports_and_docs\gaganyaan_step5_report_openfoam\openfoam_drogue_case_skeleton\constant\README_geometry.txt"
"controlDict","\05_reports_and_docs\gaganyaan_step5_report_openfoam\openfoam_drogue_case_skeleton\system","","0.41","05_reports_and_docs\gaganyaan_step5_report_openfoam\openfoam_drogue_case_skeleton\system\controlDict"
"balloonFillSteady.OpenFOAM","\07_archived_old_versions\balloonFillSteady_v1\balloonFillSteady_v1",".OpenFOAM","0","07_archived_old_versions\balloonFillSteady_v1\balloonFillSteady_v1\balloonFillSteady.OpenFOAM"
"README_FIRST_RUN.md","\07_archived_old_versions\balloonFillSteady_v1\balloonFillSteady_v1",".md","2.51","07_archived_old_versions\balloonFillSteady_v1\balloonFillSteady_v1\README_FIRST_RUN.md"
"p","\07_archived_old_versions\balloonFillSteady_v1\balloonFillSteady_v1\0","","1.16","07_archived_old_versions\balloonFillSteady_v1\balloonFillSteady_v1\0\p"
"U","\07_archived_old_versions\balloonFillSteady_v1\balloonFillSteady_v1\0","","1.18","07_archived_old_versions\balloonFillSteady_v1\balloonFillSteady_v1\0\U"
"momentumTransport","\07_archived_old_versions\balloonFillSteady_v1\balloonFillSteady_v1\constant","","0.69","07_archived_old_versions\balloonFillSteady_v1\balloonFillSteady_v1\constant\momentumTransport"
"physicalProperties","\07_archived_old_versions\balloonFillSteady_v1\balloonFillSteady_v1\constant","","0.78","07_archived_old_versions\balloonFillSteady_v1\balloonFillSteady_v1\constant\physicalProperties"
"balloon_stress_strain_estimate.m","\07_archived_old_versions\balloonFillSteady_v1\balloonFillSteady_v1\matlab_post",".m","1.81","07_archived_old_versions\balloonFillSteady_v1\balloonFillSteady_v1\matlab_post\balloon_stress_strain_estimate.m"
"blockMeshDict","\07_archived_old_versions\balloonFillSteady_v1\balloonFillSteady_v1\system","","3.41","07_archived_old_versions\balloonFillSteady_v1\balloonFillSteady_v1\system\blockMeshDict"
"controlDict","\07_archived_old_versions\balloonFillSteady_v1\balloonFillSteady_v1\system","","0.99","07_archived_old_versions\balloonFillSteady_v1\balloonFillSteady_v1\system\controlDict"
"fvConstraints","\07_archived_old_versions\balloonFillSteady_v1\balloonFillSteady_v1\system","","0.43","07_archived_old_versions\balloonFillSteady_v1\balloonFillSteady_v1\system\fvConstraints"
"fvModels","\07_archived_old_versions\balloonFillSteady_v1\balloonFillSteady_v1\system","","0.42","07_archived_old_versions\balloonFillSteady_v1\balloonFillSteady_v1\system\fvModels"
"fvSchemes","\07_archived_old_versions\balloonFillSteady_v1\balloonFillSteady_v1\system","","1","07_archived_old_versions\balloonFillSteady_v1\balloonFillSteady_v1\system\fvSchemes"
"fvSolution","\07_archived_old_versions\balloonFillSteady_v1\balloonFillSteady_v1\system","","1.23","07_archived_old_versions\balloonFillSteady_v1\balloonFillSteady_v1\system\fvSolution"
"balloonFillSteady_v2.OpenFOAM","\07_archived_old_versions\balloonFillSteady_v2\balloonFillSteady_v2",".OpenFOAM","0","07_archived_old_versions\balloonFillSteady_v2\balloonFillSteady_v2\balloonFillSteady_v2.OpenFOAM"
"post_process_balloon_stress.py","\07_archived_old_versions\balloonFillSteady_v2\balloonFillSteady_v2",".py","7.65","07_archived_old_versions\balloonFillSteady_v2\balloonFillSteady_v2\post_process_balloon_stress.py"
"README_FIRST_RUN.md","\07_archived_old_versions\balloonFillSteady_v2\balloonFillSteady_v2",".md","2.51","07_archived_old_versions\balloonFillSteady_v2\balloonFillSteady_v2\README_FIRST_RUN.md"
"README_V2.md","\07_archived_old_versions\balloonFillSteady_v2\balloonFillSteady_v2",".md","0.98","07_archived_old_versions\balloonFillSteady_v2\balloonFillSteady_v2\README_V2.md"
"run_balloon_v2.sh","\07_archived_old_versions\balloonFillSteady_v2\balloonFillSteady_v2",".sh","0.15","07_archived_old_versions\balloonFillSteady_v2\balloonFillSteady_v2\run_balloon_v2.sh"
"p","\07_archived_old_versions\balloonFillSteady_v2\balloonFillSteady_v2\0","","1.16","07_archived_old_versions\balloonFillSteady_v2\balloonFillSteady_v2\0\p"
"U","\07_archived_old_versions\balloonFillSteady_v2\balloonFillSteady_v2\0","","1.18","07_archived_old_versions\balloonFillSteady_v2\balloonFillSteady_v2\0\U"
"momentumTransport","\07_archived_old_versions\balloonFillSteady_v2\balloonFillSteady_v2\constant","","0.69","07_archived_old_versions\balloonFillSteady_v2\balloonFillSteady_v2\constant\momentumTransport"
"physicalProperties","\07_archived_old_versions\balloonFillSteady_v2\balloonFillSteady_v2\constant","","0.78","07_archived_old_versions\balloonFillSteady_v2\balloonFillSteady_v2\constant\physicalProperties"
"balloon_stress_strain_estimate.m","\07_archived_old_versions\balloonFillSteady_v2\balloonFillSteady_v2\matlab_post",".m","1.81","07_archived_old_versions\balloonFillSteady_v2\balloonFillSteady_v2\matlab_post\balloon_stress_strain_estimate.m"
"blockMeshDict","\07_archived_old_versions\balloonFillSteady_v2\balloonFillSteady_v2\system","","3.41","07_archived_old_versions\balloonFillSteady_v2\balloonFillSteady_v2\system\blockMeshDict"
"controlDict","\07_archived_old_versions\balloonFillSteady_v2\balloonFillSteady_v2\system","","0.99","07_archived_old_versions\balloonFillSteady_v2\balloonFillSteady_v2\system\controlDict"
"fvConstraints","\07_archived_old_versions\balloonFillSteady_v2\balloonFillSteady_v2\system","","0.43","07_archived_old_versions\balloonFillSteady_v2\balloonFillSteady_v2\system\fvConstraints"
"fvModels","\07_archived_old_versions\balloonFillSteady_v2\balloonFillSteady_v2\system","","0.42","07_archived_old_versions\balloonFillSteady_v2\balloonFillSteady_v2\system\fvModels"
"fvSchemes","\07_archived_old_versions\balloonFillSteady_v2\balloonFillSteady_v2\system","","1","07_archived_old_versions\balloonFillSteady_v2\balloonFillSteady_v2\system\fvSchemes"
"fvSolution","\07_archived_old_versions\balloonFillSteady_v2\balloonFillSteady_v2\system","","1.23","07_archived_old_versions\balloonFillSteady_v2\balloonFillSteady_v2\system\fvSolution"
"Allrun_all_stages","\07_archived_old_versions\gaganyaan_openfoam_staged_research_v2\gaganyaan_openfoam_staged_research_v2","","0.29","07_archived_old_versions\gaganyaan_openfoam_staged_research_v2\gaganyaan_openfoam_staged_research_v2\Allrun_all_stages"
"README_MASTER.md","\07_archived_old_versions\gaganyaan_openfoam_staged_research_v2\gaganyaan_openfoam_staged_research_v2",".md","1.97","07_archived_old_versions\gaganyaan_openfoam_staged_research_v2\gaganyaan_openfoam_staged_research_v2\README_MASTER.md"
"01_drogue_reefed.OpenFOAM","\07_archived_old_versions\gaganyaan_openfoam_staged_research_v2\gaganyaan_openfoam_staged_research_v2\cases\01_drogue_reefed",".OpenFOAM","0","07_archived_old_versions\gaganyaan_openfoam_staged_research_v2\gaganyaan_openfoam_staged_research_v2\cases\01_drogue_reefed\01_drogue_reefed.OpenFOAM"
"Allrun","\07_archived_old_versions\gaganyaan_openfoam_staged_research_v2\gaganyaan_openfoam_staged_research_v2\cases\01_drogue_reefed","","0.28","07_archived_old_versions\gaganyaan_openfoam_staged_research_v2\gaganyaan_openfoam_staged_research_v2\cases\01_drogue_reefed\Allrun"
"case_metadata.csv","\07_archived_old_versions\gaganyaan_openfoam_staged_research_v2\gaganyaan_openfoam_staged_research_v2\cases\01_drogue_reefed",".csv","0.4","07_archived_old_versions\gaganyaan_openfoam_staged_research_v2\gaganyaan_openfoam_staged_research_v2\cases\01_drogue_reefed\case_metadata.csv"
"README_CASE.md","\07_archived_old_versions\gaganyaan_openfoam_staged_research_v2\gaganyaan_openfoam_staged_research_v2\cases\01_drogue_reefed",".md","0.44","07_archived_old_versions\gaganyaan_openfoam_staged_research_v2\gaganyaan_openfoam_staged_research_v2\cases\01_drogue_reefed\README_CASE.md"
"k","\07_archived_old_versions\gaganyaan_openfoam_staged_research_v2\gaganyaan_openfoam_staged_research_v2\cases\01_drogue_reefed\0","","0.36","07_archived_old_versions\gaganyaan_openfoam_staged_research_v2\gaganyaan_openfoam_staged_research_v2\cases\01_drogue_reefed\0\k"
"nut","\07_archived_old_versions\gaganyaan_openfoam_staged_research_v2\gaganyaan_openfoam_staged_research_v2\cases\01_drogue_reefed\0","","0.37","07_archived_old_versions\gaganyaan_openfoam_staged_research_v2\gaganyaan_openfoam_staged_research_v2\cases\01_drogue_reefed\0\nut"
"omega","\07_archived_old_versions\gaganyaan_openfoam_staged_research_v2\gaganyaan_openfoam_staged_research_v2\cases\01_drogue_reefed\0","","0.37","07_archived_old_versions\gaganyaan_openfoam_staged_research_v2\gaganyaan_openfoam_staged_research_v2\cases\01_drogue_reefed\0\omega"
"p","\07_archived_old_versions\gaganyaan_openfoam_staged_research_v2\gaganyaan_openfoam_staged_research_v2\cases\01_drogue_reefed\0","","0.32","07_archived_old_versions\gaganyaan_openfoam_staged_research_v2\gaganyaan_openfoam_staged_research_v2\cases\01_drogue_reefed\0\p"
"U","\07_archived_old_versions\gaganyaan_openfoam_staged_research_v2\gaganyaan_openfoam_staged_research_v2\cases\01_drogue_reefed\0","","0.32","07_archived_old_versions\gaganyaan_openfoam_staged_research_v2\gaganyaan_openfoam_staged_research_v2\cases\01_drogue_reefed\0\U"
"momentumTransport","\07_archived_old_versions\gaganyaan_openfoam_staged_research_v2\gaganyaan_openfoam_staged_research_v2\cases\01_drogue_reefed\constant","","0.19","07_archived_old_versions\gaganyaan_openfoam_staged_research_v2\gaganyaan_openfoam_staged_research_v2\cases\01_drogue_reefed\constant\momentumTransport"
"physicalProperties","\07_archived_old_versions\gaganyaan_openfoam_staged_research_v2\gaganyaan_openfoam_staged_research_v2\cases\01_drogue_reefed\constant","","0.13","07_archived_old_versions\gaganyaan_openfoam_staged_research_v2\gaganyaan_openfoam_staged_research_v2\cases\01_drogue_reefed\constant\physicalProperties"
"blockMeshDict","\07_archived_old_versions\gaganyaan_openfoam_staged_research_v2\gaganyaan_openfoam_staged_research_v2\cases\01_drogue_reefed\system","","3.15","07_archived_old_versions\gaganyaan_openfoam_staged_research_v2\gaganyaan_openfoam_staged_research_v2\cases\01_drogue_reefed\system\blockMeshDict"
"controlDict","\07_archived_old_versions\gaganyaan_openfoam_staged_research_v2\gaganyaan_openfoam_staged_research_v2\cases\01_drogue_reefed\system","","0.92","07_archived_old_versions\gaganyaan_openfoam_staged_research_v2\gaganyaan_openfoam_staged_research_v2\cases\01_drogue_reefed\system\controlDict"
"fvConstraints","\07_archived_old_versions\gaganyaan_openfoam_staged_research_v2\gaganyaan_openfoam_staged_research_v2\cases\01_drogue_reefed\system","","0.08","07_archived_old_versions\gaganyaan_openfoam_staged_research_v2\gaganyaan_openfoam_staged_research_v2\cases\01_drogue_reefed\system\fvConstraints"
"fvModels","\07_archived_old_versions\gaganyaan_openfoam_staged_research_v2\gaganyaan_openfoam_staged_research_v2\cases\01_drogue_reefed\system","","0.07","07_archived_old_versions\gaganyaan_openfoam_staged_research_v2\gaganyaan_openfoam_staged_research_v2\cases\01_drogue_reefed\system\fvModels"
"fvSchemes","\07_archived_old_versions\gaganyaan_openfoam_staged_research_v2\gaganyaan_openfoam_staged_research_v2\cases\01_drogue_reefed\system","","0.51","07_archived_old_versions\gaganyaan_openfoam_staged_research_v2\gaganyaan_openfoam_staged_research_v2\cases\01_drogue_reefed\system\fvSchemes"
"fvSolution","\07_archived_old_versions\gaganyaan_openfoam_staged_research_v2\gaganyaan_openfoam_staged_research_v2\cases\01_drogue_reefed\system","","0.66","07_archived_old_versions\gaganyaan_openfoam_staged_research_v2\gaganyaan_openfoam_staged_research_v2\cases\01_drogue_reefed\system\fvSolution"
"02_drogue_full.OpenFOAM","\07_archived_old_versions\gaganyaan_openfoam_staged_research_v2\gaganyaan_openfoam_staged_research_v2\cases\02_drogue_full",".OpenFOAM","0","07_archived_old_versions\gaganyaan_openfoam_staged_research_v2\gaganyaan_openfoam_staged_research_v2\cases\02_drogue_full\02_drogue_full.OpenFOAM"
"Allrun","\07_archived_old_versions\gaganyaan_openfoam_staged_research_v2\gaganyaan_openfoam_staged_research_v2\cases\02_drogue_full","","0.28","07_archived_old_versions\gaganyaan_openfoam_staged_research_v2\gaganyaan_openfoam_staged_research_v2\cases\02_drogue_full\Allrun"
"case_metadata.csv","\07_archived_old_versions\gaganyaan_openfoam_staged_research_v2\gaganyaan_openfoam_staged_research_v2\cases\02_drogue_full",".csv","0.4","07_archived_old_versions\gaganyaan_openfoam_staged_research_v2\gaganyaan_openfoam_staged_research_v2\cases\02_drogue_full\case_metadata.csv"
"README_CASE.md","\07_archived_old_versions\gaganyaan_openfoam_staged_research_v2\gaganyaan_openfoam_staged_research_v2\cases\02_drogue_full",".md","0.45","07_archived_old_versions\gaganyaan_openfoam_staged_research_v2\gaganyaan_openfoam_staged_research_v2\cases\02_drogue_full\README_CASE.md"
"k","\07_archived_old_versions\gaganyaan_openfoam_staged_research_v2\gaganyaan_openfoam_staged_research_v2\cases\02_drogue_full\0","","0.34","07_archived_old_versions\gaganyaan_openfoam_staged_research_v2\gaganyaan_openfoam_staged_research_v2\cases\02_drogue_full\0\k"
"nut","\07_archived_old_versions\gaganyaan_openfoam_staged_research_v2\gaganyaan_openfoam_staged_research_v2\cases\02_drogue_full\0","","0.37","07_archived_old_versions\gaganyaan_openfoam_staged_research_v2\gaganyaan_openfoam_staged_research_v2\cases\02_drogue_full\0\nut"
"omega","\07_archived_old_versions\gaganyaan_openfoam_staged_research_v2\gaganyaan_openfoam_staged_research_v2\cases\02_drogue_full\0","","0.37","07_archived_old_versions\gaganyaan_openfoam_staged_research_v2\gaganyaan_openfoam_staged_research_v2\cases\02_drogue_full\0\omega"
"p","\07_archived_old_versions\gaganyaan_openfoam_staged_research_v2\gaganyaan_openfoam_staged_research_v2\cases\02_drogue_full\0","","0.32","07_archived_old_versions\gaganyaan_openfoam_staged_research_v2\gaganyaan_openfoam_staged_research_v2\cases\02_drogue_full\0\p"
"U","\07_archived_old_versions\gaganyaan_openfoam_staged_research_v2\gaganyaan_openfoam_staged_research_v2\cases\02_drogue_full\0","","0.32","07_archived_old_versions\gaganyaan_openfoam_staged_research_v2\gaganyaan_openfoam_staged_research_v2\cases\02_drogue_full\0\U"
"momentumTransport","\07_archived_old_versions\gaganyaan_openfoam_staged_research_v2\gaganyaan_openfoam_staged_research_v2\cases\02_drogue_full\constant","","0.19","07_archived_old_versions\gaganyaan_openfoam_staged_research_v2\gaganyaan_openfoam_staged_research_v2\cases\02_drogue_full\constant\momentumTransport"
"physicalProperties","\07_archived_old_versions\gaganyaan_openfoam_staged_research_v2\gaganyaan_openfoam_staged_research_v2\cases\02_drogue_full\constant","","0.13","07_archived_old_versions\gaganyaan_openfoam_staged_research_v2\gaganyaan_openfoam_staged_research_v2\cases\02_drogue_full\constant\physicalProperties"
"blockMeshDict","\07_archived_old_versions\gaganyaan_openfoam_staged_research_v2\gaganyaan_openfoam_staged_research_v2\cases\02_drogue_full\system","","2.76","07_archived_old_versions\gaganyaan_openfoam_staged_research_v2\gaganyaan_openfoam_staged_research_v2\cases\02_drogue_full\system\blockMeshDict"
"controlDict","\07_archived_old_versions\gaganyaan_openfoam_staged_research_v2\gaganyaan_openfoam_staged_research_v2\cases\02_drogue_full\system","","0.92","07_archived_old_versions\gaganyaan_openfoam_staged_research_v2\gaganyaan_openfoam_staged_research_v2\cases\02_drogue_full\system\controlDict"
"fvConstraints","\07_archived_old_versions\gaganyaan_openfoam_staged_research_v2\gaganyaan_openfoam_staged_research_v2\cases\02_drogue_full\system","","0.08","07_archived_old_versions\gaganyaan_openfoam_staged_research_v2\gaganyaan_openfoam_staged_research_v2\cases\02_drogue_full\system\fvConstraints"
"fvModels","\07_archived_old_versions\gaganyaan_openfoam_staged_research_v2\gaganyaan_openfoam_staged_research_v2\cases\02_drogue_full\system","","0.07","07_archived_old_versions\gaganyaan_openfoam_staged_research_v2\gaganyaan_openfoam_staged_research_v2\cases\02_drogue_full\system\fvModels"
"fvSchemes","\07_archived_old_versions\gaganyaan_openfoam_staged_research_v2\gaganyaan_openfoam_staged_research_v2\cases\02_drogue_full\system","","0.51","07_archived_old_versions\gaganyaan_openfoam_staged_research_v2\gaganyaan_openfoam_staged_research_v2\cases\02_drogue_full\system\fvSchemes"
"fvSolution","\07_archived_old_versions\gaganyaan_openfoam_staged_research_v2\gaganyaan_openfoam_staged_research_v2\cases\02_drogue_full\system","","0.66","07_archived_old_versions\gaganyaan_openfoam_staged_research_v2\gaganyaan_openfoam_staged_research_v2\cases\02_drogue_full\system\fvSolution"
"03_main_reef1.OpenFOAM","\07_archived_old_versions\gaganyaan_openfoam_staged_research_v2\gaganyaan_openfoam_staged_research_v2\cases\03_main_reef1",".OpenFOAM","0","07_archived_old_versions\gaganyaan_openfoam_staged_research_v2\gaganyaan_openfoam_staged_research_v2\cases\03_main_reef1\03_main_reef1.OpenFOAM"
"Allrun","\07_archived_old_versions\gaganyaan_openfoam_staged_research_v2\gaganyaan_openfoam_staged_research_v2\cases\03_main_reef1","","0.28","07_archived_old_versions\gaganyaan_openfoam_staged_research_v2\gaganyaan_openfoam_staged_research_v2\cases\03_main_reef1\Allrun"
"case_metadata.csv","\07_archived_old_versions\gaganyaan_openfoam_staged_research_v2\gaganyaan_openfoam_staged_research_v2\cases\03_main_reef1",".csv","0.39","07_archived_old_versions\gaganyaan_openfoam_staged_research_v2\gaganyaan_openfoam_staged_research_v2\cases\03_main_reef1\case_metadata.csv"
"README_CASE.md","\07_archived_old_versions\gaganyaan_openfoam_staged_research_v2\gaganyaan_openfoam_staged_research_v2\cases\03_main_reef1",".md","0.44","07_archived_old_versions\gaganyaan_openfoam_staged_research_v2\gaganyaan_openfoam_staged_research_v2\cases\03_main_reef1\README_CASE.md"
"k","\07_archived_old_versions\gaganyaan_openfoam_staged_research_v2\gaganyaan_openfoam_staged_research_v2\cases\03_main_reef1\0","","0.36","07_archived_old_versions\gaganyaan_openfoam_staged_research_v2\gaganyaan_openfoam_staged_research_v2\cases\03_main_reef1\0\k"
"nut","\07_archived_old_versions\gaganyaan_openfoam_staged_research_v2\gaganyaan_openfoam_staged_research_v2\cases\03_main_reef1\0","","0.37","07_archived_old_versions\gaganyaan_openfoam_staged_research_v2\gaganyaan_openfoam_staged_research_v2\cases\03_main_reef1\0\nut"
"omega","\07_archived_old_versions\gaganyaan_openfoam_staged_research_v2\gaganyaan_openfoam_staged_research_v2\cases\03_main_reef1\0","","0.35","07_archived_old_versions\gaganyaan_openfoam_staged_research_v2\gaganyaan_openfoam_staged_research_v2\cases\03_main_reef1\0\omega"
"p","\07_archived_old_versions\gaganyaan_openfoam_staged_research_v2\gaganyaan_openfoam_staged_research_v2\cases\03_main_reef1\0","","0.32","07_archived_old_versions\gaganyaan_openfoam_staged_research_v2\gaganyaan_openfoam_staged_research_v2\cases\03_main_reef1\0\p"
"U","\07_archived_old_versions\gaganyaan_openfoam_staged_research_v2\gaganyaan_openfoam_staged_research_v2\cases\03_main_reef1\0","","0.32","07_archived_old_versions\gaganyaan_openfoam_staged_research_v2\gaganyaan_openfoam_staged_research_v2\cases\03_main_reef1\0\U"
"momentumTransport","\07_archived_old_versions\gaganyaan_openfoam_staged_research_v2\gaganyaan_openfoam_staged_research_v2\cases\03_main_reef1\constant","","0.19","07_archived_old_versions\gaganyaan_openfoam_staged_research_v2\gaganyaan_openfoam_staged_research_v2\cases\03_main_reef1\constant\momentumTransport"
"physicalProperties","\07_archived_old_versions\gaganyaan_openfoam_staged_research_v2\gaganyaan_openfoam_staged_research_v2\cases\03_main_reef1\constant","","0.13","07_archived_old_versions\gaganyaan_openfoam_staged_research_v2\gaganyaan_openfoam_staged_research_v2\cases\03_main_reef1\constant\physicalProperties"
"blockMeshDict","\07_archived_old_versions\gaganyaan_openfoam_staged_research_v2\gaganyaan_openfoam_staged_research_v2\cases\03_main_reef1\system","","3.11","07_archived_old_versions\gaganyaan_openfoam_staged_research_v2\gaganyaan_openfoam_staged_research_v2\cases\03_main_reef1\system\blockMeshDict"
"controlDict","\07_archived_old_versions\gaganyaan_openfoam_staged_research_v2\gaganyaan_openfoam_staged_research_v2\cases\03_main_reef1\system","","0.92","07_archived_old_versions\gaganyaan_openfoam_staged_research_v2\gaganyaan_openfoam_staged_research_v2\cases\03_main_reef1\system\controlDict"
"fvConstraints","\07_archived_old_versions\gaganyaan_openfoam_staged_research_v2\gaganyaan_openfoam_staged_research_v2\cases\03_main_reef1\system","","0.08","07_archived_old_versions\gaganyaan_openfoam_staged_research_v2\gaganyaan_openfoam_staged_research_v2\cases\03_main_reef1\system\fvConstraints"
"fvModels","\07_archived_old_versions\gaganyaan_openfoam_staged_research_v2\gaganyaan_openfoam_staged_research_v2\cases\03_main_reef1\system","","0.07","07_archived_old_versions\gaganyaan_openfoam_staged_research_v2\gaganyaan_openfoam_staged_research_v2\cases\03_main_reef1\system\fvModels"
"fvSchemes","\07_archived_old_versions\gaganyaan_openfoam_staged_research_v2\gaganyaan_openfoam_staged_research_v2\cases\03_main_reef1\system","","0.51","07_archived_old_versions\gaganyaan_openfoam_staged_research_v2\gaganyaan_openfoam_staged_research_v2\cases\03_main_reef1\system\fvSchemes"
"fvSolution","\07_archived_old_versions\gaganyaan_openfoam_staged_research_v2\gaganyaan_openfoam_staged_research_v2\cases\03_main_reef1\system","","0.66","07_archived_old_versions\gaganyaan_openfoam_staged_research_v2\gaganyaan_openfoam_staged_research_v2\cases\03_main_reef1\system\fvSolution"
"04_main_reef2.OpenFOAM","\07_archived_old_versions\gaganyaan_openfoam_staged_research_v2\gaganyaan_openfoam_staged_research_v2\cases\04_main_reef2",".OpenFOAM","0","07_archived_old_versions\gaganyaan_openfoam_staged_research_v2\gaganyaan_openfoam_staged_research_v2\cases\04_main_reef2\04_main_reef2.OpenFOAM"
"Allrun","\07_archived_old_versions\gaganyaan_openfoam_staged_research_v2\gaganyaan_openfoam_staged_research_v2\cases\04_main_reef2","","0.28","07_archived_old_versions\gaganyaan_openfoam_staged_research_v2\gaganyaan_openfoam_staged_research_v2\cases\04_main_reef2\Allrun"
"case_metadata.csv","\07_archived_old_versions\gaganyaan_openfoam_staged_research_v2\gaganyaan_openfoam_staged_research_v2\cases\04_main_reef2",".csv","0.39","07_archived_old_versions\gaganyaan_openfoam_staged_research_v2\gaganyaan_openfoam_staged_research_v2\cases\04_main_reef2\case_metadata.csv"
"README_CASE.md","\07_archived_old_versions\gaganyaan_openfoam_staged_research_v2\gaganyaan_openfoam_staged_research_v2\cases\04_main_reef2",".md","0.44","07_archived_old_versions\gaganyaan_openfoam_staged_research_v2\gaganyaan_openfoam_staged_research_v2\cases\04_main_reef2\README_CASE.md"
"k","\07_archived_old_versions\gaganyaan_openfoam_staged_research_v2\gaganyaan_openfoam_staged_research_v2\cases\04_main_reef2\0","","0.34","07_archived_old_versions\gaganyaan_openfoam_staged_research_v2\gaganyaan_openfoam_staged_research_v2\cases\04_main_reef2\0\k"
"nut","\07_archived_old_versions\gaganyaan_openfoam_staged_research_v2\gaganyaan_openfoam_staged_research_v2\cases\04_main_reef2\0","","0.37","07_archived_old_versions\gaganyaan_openfoam_staged_research_v2\gaganyaan_openfoam_staged_research_v2\cases\04_main_reef2\0\nut"
"omega","\07_archived_old_versions\gaganyaan_openfoam_staged_research_v2\gaganyaan_openfoam_staged_research_v2\cases\04_main_reef2\0","","0.37","07_archived_old_versions\gaganyaan_openfoam_staged_research_v2\gaganyaan_openfoam_staged_research_v2\cases\04_main_reef2\0\omega"
"p","\07_archived_old_versions\gaganyaan_openfoam_staged_research_v2\gaganyaan_openfoam_staged_research_v2\cases\04_main_reef2\0","","0.32","07_archived_old_versions\gaganyaan_openfoam_staged_research_v2\gaganyaan_openfoam_staged_research_v2\cases\04_main_reef2\0\p"
"U","\07_archived_old_versions\gaganyaan_openfoam_staged_research_v2\gaganyaan_openfoam_staged_research_v2\cases\04_main_reef2\0","","0.32","07_archived_old_versions\gaganyaan_openfoam_staged_research_v2\gaganyaan_openfoam_staged_research_v2\cases\04_main_reef2\0\U"
"momentumTransport","\07_archived_old_versions\gaganyaan_openfoam_staged_research_v2\gaganyaan_openfoam_staged_research_v2\cases\04_main_reef2\constant","","0.19","07_archived_old_versions\gaganyaan_openfoam_staged_research_v2\gaganyaan_openfoam_staged_research_v2\cases\04_main_reef2\constant\momentumTransport"
"physicalProperties","\07_archived_old_versions\gaganyaan_openfoam_staged_research_v2\gaganyaan_openfoam_staged_research_v2\cases\04_main_reef2\constant","","0.13","07_archived_old_versions\gaganyaan_openfoam_staged_research_v2\gaganyaan_openfoam_staged_research_v2\cases\04_main_reef2\constant\physicalProperties"
"blockMeshDict","\07_archived_old_versions\gaganyaan_openfoam_staged_research_v2\gaganyaan_openfoam_staged_research_v2\cases\04_main_reef2\system","","3.13","07_archived_old_versions\gaganyaan_openfoam_staged_research_v2\gaganyaan_openfoam_staged_research_v2\cases\04_main_reef2\system\blockMeshDict"
"controlDict","\07_archived_old_versions\gaganyaan_openfoam_staged_research_v2\gaganyaan_openfoam_staged_research_v2\cases\04_main_reef2\system","","0.92","07_archived_old_versions\gaganyaan_openfoam_staged_research_v2\gaganyaan_openfoam_staged_research_v2\cases\04_main_reef2\system\controlDict"
"fvConstraints","\07_archived_old_versions\gaganyaan_openfoam_staged_research_v2\gaganyaan_openfoam_staged_research_v2\cases\04_main_reef2\system","","0.08","07_archived_old_versions\gaganyaan_openfoam_staged_research_v2\gaganyaan_openfoam_staged_research_v2\cases\04_main_reef2\system\fvConstraints"
"fvModels","\07_archived_old_versions\gaganyaan_openfoam_staged_research_v2\gaganyaan_openfoam_staged_research_v2\cases\04_main_reef2\system","","0.07","07_archived_old_versions\gaganyaan_openfoam_staged_research_v2\gaganyaan_openfoam_staged_research_v2\cases\04_main_reef2\system\fvModels"
"fvSchemes","\07_archived_old_versions\gaganyaan_openfoam_staged_research_v2\gaganyaan_openfoam_staged_research_v2\cases\04_main_reef2\system","","0.51","07_archived_old_versions\gaganyaan_openfoam_staged_research_v2\gaganyaan_openfoam_staged_research_v2\cases\04_main_reef2\system\fvSchemes"
"fvSolution","\07_archived_old_versions\gaganyaan_openfoam_staged_research_v2\gaganyaan_openfoam_staged_research_v2\cases\04_main_reef2\system","","0.66","07_archived_old_versions\gaganyaan_openfoam_staged_research_v2\gaganyaan_openfoam_staged_research_v2\cases\04_main_reef2\system\fvSolution"
"05_main_full.OpenFOAM","\07_archived_old_versions\gaganyaan_openfoam_staged_research_v2\gaganyaan_openfoam_staged_research_v2\cases\05_main_full",".OpenFOAM","0","07_archived_old_versions\gaganyaan_openfoam_staged_research_v2\gaganyaan_openfoam_staged_research_v2\cases\05_main_full\05_main_full.OpenFOAM"
"Allrun","\07_archived_old_versions\gaganyaan_openfoam_staged_research_v2\gaganyaan_openfoam_staged_research_v2\cases\05_main_full","","0.28","07_archived_old_versions\gaganyaan_openfoam_staged_research_v2\gaganyaan_openfoam_staged_research_v2\cases\05_main_full\Allrun"
"case_metadata.csv","\07_archived_old_versions\gaganyaan_openfoam_staged_research_v2\gaganyaan_openfoam_staged_research_v2\cases\05_main_full",".csv","0.39","07_archived_old_versions\gaganyaan_openfoam_staged_research_v2\gaganyaan_openfoam_staged_research_v2\cases\05_main_full\case_metadata.csv"
"README_CASE.md","\07_archived_old_versions\gaganyaan_openfoam_staged_research_v2\gaganyaan_openfoam_staged_research_v2\cases\05_main_full",".md","0.45","07_archived_old_versions\gaganyaan_openfoam_staged_research_v2\gaganyaan_openfoam_staged_research_v2\cases\05_main_full\README_CASE.md"
"k","\07_archived_old_versions\gaganyaan_openfoam_staged_research_v2\gaganyaan_openfoam_staged_research_v2\cases\05_main_full\0","","0.35","07_archived_old_versions\gaganyaan_openfoam_staged_research_v2\gaganyaan_openfoam_staged_research_v2\cases\05_main_full\0\k"
"nut","\07_archived_old_versions\gaganyaan_openfoam_staged_research_v2\gaganyaan_openfoam_staged_research_v2\cases\05_main_full\0","","0.37","07_archived_old_versions\gaganyaan_openfoam_staged_research_v2\gaganyaan_openfoam_staged_research_v2\cases\05_main_full\0\nut"
"omega","\07_archived_old_versions\gaganyaan_openfoam_staged_research_v2\gaganyaan_openfoam_staged_research_v2\cases\05_main_full\0","","0.37","07_archived_old_versions\gaganyaan_openfoam_staged_research_v2\gaganyaan_openfoam_staged_research_v2\cases\05_main_full\0\omega"
"p","\07_archived_old_versions\gaganyaan_openfoam_staged_research_v2\gaganyaan_openfoam_staged_research_v2\cases\05_main_full\0","","0.32","07_archived_old_versions\gaganyaan_openfoam_staged_research_v2\gaganyaan_openfoam_staged_research_v2\cases\05_main_full\0\p"
"U","\07_archived_old_versions\gaganyaan_openfoam_staged_research_v2\gaganyaan_openfoam_staged_research_v2\cases\05_main_full\0","","0.32","07_archived_old_versions\gaganyaan_openfoam_staged_research_v2\gaganyaan_openfoam_staged_research_v2\cases\05_main_full\0\U"
"momentumTransport","\07_archived_old_versions\gaganyaan_openfoam_staged_research_v2\gaganyaan_openfoam_staged_research_v2\cases\05_main_full\constant","","0.19","07_archived_old_versions\gaganyaan_openfoam_staged_research_v2\gaganyaan_openfoam_staged_research_v2\cases\05_main_full\constant\momentumTransport"
"physicalProperties","\07_archived_old_versions\gaganyaan_openfoam_staged_research_v2\gaganyaan_openfoam_staged_research_v2\cases\05_main_full\constant","","0.13","07_archived_old_versions\gaganyaan_openfoam_staged_research_v2\gaganyaan_openfoam_staged_research_v2\cases\05_main_full\constant\physicalProperties"
"blockMeshDict","\07_archived_old_versions\gaganyaan_openfoam_staged_research_v2\gaganyaan_openfoam_staged_research_v2\cases\05_main_full\system","","2.69","07_archived_old_versions\gaganyaan_openfoam_staged_research_v2\gaganyaan_openfoam_staged_research_v2\cases\05_main_full\system\blockMeshDict"
"controlDict","\07_archived_old_versions\gaganyaan_openfoam_staged_research_v2\gaganyaan_openfoam_staged_research_v2\cases\05_main_full\system","","0.91","07_archived_old_versions\gaganyaan_openfoam_staged_research_v2\gaganyaan_openfoam_staged_research_v2\cases\05_main_full\system\controlDict"
"fvConstraints","\07_archived_old_versions\gaganyaan_openfoam_staged_research_v2\gaganyaan_openfoam_staged_research_v2\cases\05_main_full\system","","0.08","07_archived_old_versions\gaganyaan_openfoam_staged_research_v2\gaganyaan_openfoam_staged_research_v2\cases\05_main_full\system\fvConstraints"
"fvModels","\07_archived_old_versions\gaganyaan_openfoam_staged_research_v2\gaganyaan_openfoam_staged_research_v2\cases\05_main_full\system","","0.07","07_archived_old_versions\gaganyaan_openfoam_staged_research_v2\gaganyaan_openfoam_staged_research_v2\cases\05_main_full\system\fvModels"
"fvSchemes","\07_archived_old_versions\gaganyaan_openfoam_staged_research_v2\gaganyaan_openfoam_staged_research_v2\cases\05_main_full\system","","0.51","07_archived_old_versions\gaganyaan_openfoam_staged_research_v2\gaganyaan_openfoam_staged_research_v2\cases\05_main_full\system\fvSchemes"
"fvSolution","\07_archived_old_versions\gaganyaan_openfoam_staged_research_v2\gaganyaan_openfoam_staged_research_v2\cases\05_main_full\system","","0.66","07_archived_old_versions\gaganyaan_openfoam_staged_research_v2\gaganyaan_openfoam_staged_research_v2\cases\05_main_full\system\fvSolution"
"parachute_stage_cfd_schedule.csv","\07_archived_old_versions\gaganyaan_openfoam_staged_research_v2\gaganyaan_openfoam_staged_research_v2\inputs",".csv","1.24","07_archived_old_versions\gaganyaan_openfoam_staged_research_v2\gaganyaan_openfoam_staged_research_v2\inputs\parachute_stage_cfd_schedule.csv"
"research_level_upgrade_notes.md","\07_archived_old_versions\gaganyaan_openfoam_staged_research_v2\gaganyaan_openfoam_staged_research_v2\notes",".md","1.11","07_archived_old_versions\gaganyaan_openfoam_staged_research_v2\gaganyaan_openfoam_staged_research_v2\notes\research_level_upgrade_notes.md"
"aggregate_stage_results.py","\07_archived_old_versions\gaganyaan_openfoam_staged_research_v2\gaganyaan_openfoam_staged_research_v2\scripts",".py","0.64","07_archived_old_versions\gaganyaan_openfoam_staged_research_v2\gaganyaan_openfoam_staged_research_v2\scripts\aggregate_stage_results.py"
"postprocess_stage_cd.py","\07_archived_old_versions\gaganyaan_openfoam_staged_research_v2\gaganyaan_openfoam_staged_research_v2\scripts",".py","3.11","07_archived_old_versions\gaganyaan_openfoam_staged_research_v2\gaganyaan_openfoam_staged_research_v2\scripts\postprocess_stage_cd.py"
"balloonFillSteady.OpenFOAM","\archived_old_versions\balloonFillSteady_v1\balloonFillSteady_v1",".OpenFOAM","0","archived_old_versions\balloonFillSteady_v1\balloonFillSteady_v1\balloonFillSteady.OpenFOAM"
"README_FIRST_RUN.md","\archived_old_versions\balloonFillSteady_v1\balloonFillSteady_v1",".md","2.51","archived_old_versions\balloonFillSteady_v1\balloonFillSteady_v1\README_FIRST_RUN.md"
"p","\archived_old_versions\balloonFillSteady_v1\balloonFillSteady_v1\0","","1.16","archived_old_versions\balloonFillSteady_v1\balloonFillSteady_v1\0\p"
"U","\archived_old_versions\balloonFillSteady_v1\balloonFillSteady_v1\0","","1.18","archived_old_versions\balloonFillSteady_v1\balloonFillSteady_v1\0\U"
"momentumTransport","\archived_old_versions\balloonFillSteady_v1\balloonFillSteady_v1\constant","","0.69","archived_old_versions\balloonFillSteady_v1\balloonFillSteady_v1\constant\momentumTransport"
"physicalProperties","\archived_old_versions\balloonFillSteady_v1\balloonFillSteady_v1\constant","","0.78","archived_old_versions\balloonFillSteady_v1\balloonFillSteady_v1\constant\physicalProperties"
"balloon_stress_strain_estimate.m","\archived_old_versions\balloonFillSteady_v1\balloonFillSteady_v1\matlab_post",".m","1.81","archived_old_versions\balloonFillSteady_v1\balloonFillSteady_v1\matlab_post\balloon_stress_strain_estimate.m"
"blockMeshDict","\archived_old_versions\balloonFillSteady_v1\balloonFillSteady_v1\system","","3.41","archived_old_versions\balloonFillSteady_v1\balloonFillSteady_v1\system\blockMeshDict"
"controlDict","\archived_old_versions\balloonFillSteady_v1\balloonFillSteady_v1\system","","0.99","archived_old_versions\balloonFillSteady_v1\balloonFillSteady_v1\system\controlDict"
"fvConstraints","\archived_old_versions\balloonFillSteady_v1\balloonFillSteady_v1\system","","0.43","archived_old_versions\balloonFillSteady_v1\balloonFillSteady_v1\system\fvConstraints"
"fvModels","\archived_old_versions\balloonFillSteady_v1\balloonFillSteady_v1\system","","0.42","archived_old_versions\balloonFillSteady_v1\balloonFillSteady_v1\system\fvModels"
"fvSchemes","\archived_old_versions\balloonFillSteady_v1\balloonFillSteady_v1\system","","1","archived_old_versions\balloonFillSteady_v1\balloonFillSteady_v1\system\fvSchemes"
"fvSolution","\archived_old_versions\balloonFillSteady_v1\balloonFillSteady_v1\system","","1.23","archived_old_versions\balloonFillSteady_v1\balloonFillSteady_v1\system\fvSolution"
"balloonFillSteady_v2.OpenFOAM","\archived_old_versions\balloonFillSteady_v2\balloonFillSteady_v2",".OpenFOAM","0","archived_old_versions\balloonFillSteady_v2\balloonFillSteady_v2\balloonFillSteady_v2.OpenFOAM"
"post_process_balloon_stress.py","\archived_old_versions\balloonFillSteady_v2\balloonFillSteady_v2",".py","7.65","archived_old_versions\balloonFillSteady_v2\balloonFillSteady_v2\post_process_balloon_stress.py"
"README_FIRST_RUN.md","\archived_old_versions\balloonFillSteady_v2\balloonFillSteady_v2",".md","2.51","archived_old_versions\balloonFillSteady_v2\balloonFillSteady_v2\README_FIRST_RUN.md"
"README_V2.md","\archived_old_versions\balloonFillSteady_v2\balloonFillSteady_v2",".md","0.98","archived_old_versions\balloonFillSteady_v2\balloonFillSteady_v2\README_V2.md"
"run_balloon_v2.sh","\archived_old_versions\balloonFillSteady_v2\balloonFillSteady_v2",".sh","0.15","archived_old_versions\balloonFillSteady_v2\balloonFillSteady_v2\run_balloon_v2.sh"
"p","\archived_old_versions\balloonFillSteady_v2\balloonFillSteady_v2\0","","1.16","archived_old_versions\balloonFillSteady_v2\balloonFillSteady_v2\0\p"
"U","\archived_old_versions\balloonFillSteady_v2\balloonFillSteady_v2\0","","1.18","archived_old_versions\balloonFillSteady_v2\balloonFillSteady_v2\0\U"
"momentumTransport","\archived_old_versions\balloonFillSteady_v2\balloonFillSteady_v2\constant","","0.69","archived_old_versions\balloonFillSteady_v2\balloonFillSteady_v2\constant\momentumTransport"
"physicalProperties","\archived_old_versions\balloonFillSteady_v2\balloonFillSteady_v2\constant","","0.78","archived_old_versions\balloonFillSteady_v2\balloonFillSteady_v2\constant\physicalProperties"
"balloon_stress_strain_estimate.m","\archived_old_versions\balloonFillSteady_v2\balloonFillSteady_v2\matlab_post",".m","1.81","archived_old_versions\balloonFillSteady_v2\balloonFillSteady_v2\matlab_post\balloon_stress_strain_estimate.m"
"blockMeshDict","\archived_old_versions\balloonFillSteady_v2\balloonFillSteady_v2\system","","3.41","archived_old_versions\balloonFillSteady_v2\balloonFillSteady_v2\system\blockMeshDict"
"controlDict","\archived_old_versions\balloonFillSteady_v2\balloonFillSteady_v2\system","","0.99","archived_old_versions\balloonFillSteady_v2\balloonFillSteady_v2\system\controlDict"
"fvConstraints","\archived_old_versions\balloonFillSteady_v2\balloonFillSteady_v2\system","","0.43","archived_old_versions\balloonFillSteady_v2\balloonFillSteady_v2\system\fvConstraints"
"fvModels","\archived_old_versions\balloonFillSteady_v2\balloonFillSteady_v2\system","","0.42","archived_old_versions\balloonFillSteady_v2\balloonFillSteady_v2\system\fvModels"
"fvSchemes","\archived_old_versions\balloonFillSteady_v2\balloonFillSteady_v2\system","","1","archived_old_versions\balloonFillSteady_v2\balloonFillSteady_v2\system\fvSchemes"
"fvSolution","\archived_old_versions\balloonFillSteady_v2\balloonFillSteady_v2\system","","1.23","archived_old_versions\balloonFillSteady_v2\balloonFillSteady_v2\system\fvSolution"
"Allrun_all_stages","\archived_old_versions\gaganyaan_openfoam_staged_research_v2\gaganyaan_openfoam_staged_research_v2","","0.29","archived_old_versions\gaganyaan_openfoam_staged_research_v2\gaganyaan_openfoam_staged_research_v2\Allrun_all_stages"
"README_MASTER.md","\archived_old_versions\gaganyaan_openfoam_staged_research_v2\gaganyaan_openfoam_staged_research_v2",".md","1.97","archived_old_versions\gaganyaan_openfoam_staged_research_v2\gaganyaan_openfoam_staged_research_v2\README_MASTER.md"
"01_drogue_reefed.OpenFOAM","\archived_old_versions\gaganyaan_openfoam_staged_research_v2\gaganyaan_openfoam_staged_research_v2\cases\01_drogue_reefed",".OpenFOAM","0","archived_old_versions\gaganyaan_openfoam_staged_research_v2\gaganyaan_openfoam_staged_research_v2\cases\01_drogue_reefed\01_drogue_reefed.OpenFOAM"
"Allrun","\archived_old_versions\gaganyaan_openfoam_staged_research_v2\gaganyaan_openfoam_staged_research_v2\cases\01_drogue_reefed","","0.28","archived_old_versions\gaganyaan_openfoam_staged_research_v2\gaganyaan_openfoam_staged_research_v2\cases\01_drogue_reefed\Allrun"
"case_metadata.csv","\archived_old_versions\gaganyaan_openfoam_staged_research_v2\gaganyaan_openfoam_staged_research_v2\cases\01_drogue_reefed",".csv","0.4","archived_old_versions\gaganyaan_openfoam_staged_research_v2\gaganyaan_openfoam_staged_research_v2\cases\01_drogue_reefed\case_metadata.csv"
"README_CASE.md","\archived_old_versions\gaganyaan_openfoam_staged_research_v2\gaganyaan_openfoam_staged_research_v2\cases\01_drogue_reefed",".md","0.44","archived_old_versions\gaganyaan_openfoam_staged_research_v2\gaganyaan_openfoam_staged_research_v2\cases\01_drogue_reefed\README_CASE.md"
"k","\archived_old_versions\gaganyaan_openfoam_staged_research_v2\gaganyaan_openfoam_staged_research_v2\cases\01_drogue_reefed\0","","0.36","archived_old_versions\gaganyaan_openfoam_staged_research_v2\gaganyaan_openfoam_staged_research_v2\cases\01_drogue_reefed\0\k"
"nut","\archived_old_versions\gaganyaan_openfoam_staged_research_v2\gaganyaan_openfoam_staged_research_v2\cases\01_drogue_reefed\0","","0.37","archived_old_versions\gaganyaan_openfoam_staged_research_v2\gaganyaan_openfoam_staged_research_v2\cases\01_drogue_reefed\0\nut"
"omega","\archived_old_versions\gaganyaan_openfoam_staged_research_v2\gaganyaan_openfoam_staged_research_v2\cases\01_drogue_reefed\0","","0.37","archived_old_versions\gaganyaan_openfoam_staged_research_v2\gaganyaan_openfoam_staged_research_v2\cases\01_drogue_reefed\0\omega"
"p","\archived_old_versions\gaganyaan_openfoam_staged_research_v2\gaganyaan_openfoam_staged_research_v2\cases\01_drogue_reefed\0","","0.32","archived_old_versions\gaganyaan_openfoam_staged_research_v2\gaganyaan_openfoam_staged_research_v2\cases\01_drogue_reefed\0\p"
"U","\archived_old_versions\gaganyaan_openfoam_staged_research_v2\gaganyaan_openfoam_staged_research_v2\cases\01_drogue_reefed\0","","0.32","archived_old_versions\gaganyaan_openfoam_staged_research_v2\gaganyaan_openfoam_staged_research_v2\cases\01_drogue_reefed\0\U"
"momentumTransport","\archived_old_versions\gaganyaan_openfoam_staged_research_v2\gaganyaan_openfoam_staged_research_v2\cases\01_drogue_reefed\constant","","0.19","archived_old_versions\gaganyaan_openfoam_staged_research_v2\gaganyaan_openfoam_staged_research_v2\cases\01_drogue_reefed\constant\momentumTransport"
"physicalProperties","\archived_old_versions\gaganyaan_openfoam_staged_research_v2\gaganyaan_openfoam_staged_research_v2\cases\01_drogue_reefed\constant","","0.13","archived_old_versions\gaganyaan_openfoam_staged_research_v2\gaganyaan_openfoam_staged_research_v2\cases\01_drogue_reefed\constant\physicalProperties"
"blockMeshDict","\archived_old_versions\gaganyaan_openfoam_staged_research_v2\gaganyaan_openfoam_staged_research_v2\cases\01_drogue_reefed\system","","3.15","archived_old_versions\gaganyaan_openfoam_staged_research_v2\gaganyaan_openfoam_staged_research_v2\cases\01_drogue_reefed\system\blockMeshDict"
"controlDict","\archived_old_versions\gaganyaan_openfoam_staged_research_v2\gaganyaan_openfoam_staged_research_v2\cases\01_drogue_reefed\system","","0.92","archived_old_versions\gaganyaan_openfoam_staged_research_v2\gaganyaan_openfoam_staged_research_v2\cases\01_drogue_reefed\system\controlDict"
"fvConstraints","\archived_old_versions\gaganyaan_openfoam_staged_research_v2\gaganyaan_openfoam_staged_research_v2\cases\01_drogue_reefed\system","","0.08","archived_old_versions\gaganyaan_openfoam_staged_research_v2\gaganyaan_openfoam_staged_research_v2\cases\01_drogue_reefed\system\fvConstraints"
"fvModels","\archived_old_versions\gaganyaan_openfoam_staged_research_v2\gaganyaan_openfoam_staged_research_v2\cases\01_drogue_reefed\system","","0.07","archived_old_versions\gaganyaan_openfoam_staged_research_v2\gaganyaan_openfoam_staged_research_v2\cases\01_drogue_reefed\system\fvModels"
"fvSchemes","\archived_old_versions\gaganyaan_openfoam_staged_research_v2\gaganyaan_openfoam_staged_research_v2\cases\01_drogue_reefed\system","","0.51","archived_old_versions\gaganyaan_openfoam_staged_research_v2\gaganyaan_openfoam_staged_research_v2\cases\01_drogue_reefed\system\fvSchemes"
"fvSolution","\archived_old_versions\gaganyaan_openfoam_staged_research_v2\gaganyaan_openfoam_staged_research_v2\cases\01_drogue_reefed\system","","0.66","archived_old_versions\gaganyaan_openfoam_staged_research_v2\gaganyaan_openfoam_staged_research_v2\cases\01_drogue_reefed\system\fvSolution"
"02_drogue_full.OpenFOAM","\archived_old_versions\gaganyaan_openfoam_staged_research_v2\gaganyaan_openfoam_staged_research_v2\cases\02_drogue_full",".OpenFOAM","0","archived_old_versions\gaganyaan_openfoam_staged_research_v2\gaganyaan_openfoam_staged_research_v2\cases\02_drogue_full\02_drogue_full.OpenFOAM"
"Allrun","\archived_old_versions\gaganyaan_openfoam_staged_research_v2\gaganyaan_openfoam_staged_research_v2\cases\02_drogue_full","","0.28","archived_old_versions\gaganyaan_openfoam_staged_research_v2\gaganyaan_openfoam_staged_research_v2\cases\02_drogue_full\Allrun"
"case_metadata.csv","\archived_old_versions\gaganyaan_openfoam_staged_research_v2\gaganyaan_openfoam_staged_research_v2\cases\02_drogue_full",".csv","0.4","archived_old_versions\gaganyaan_openfoam_staged_research_v2\gaganyaan_openfoam_staged_research_v2\cases\02_drogue_full\case_metadata.csv"
"README_CASE.md","\archived_old_versions\gaganyaan_openfoam_staged_research_v2\gaganyaan_openfoam_staged_research_v2\cases\02_drogue_full",".md","0.45","archived_old_versions\gaganyaan_openfoam_staged_research_v2\gaganyaan_openfoam_staged_research_v2\cases\02_drogue_full\README_CASE.md"
"k","\archived_old_versions\gaganyaan_openfoam_staged_research_v2\gaganyaan_openfoam_staged_research_v2\cases\02_drogue_full\0","","0.34","archived_old_versions\gaganyaan_openfoam_staged_research_v2\gaganyaan_openfoam_staged_research_v2\cases\02_drogue_full\0\k"
"nut","\archived_old_versions\gaganyaan_openfoam_staged_research_v2\gaganyaan_openfoam_staged_research_v2\cases\02_drogue_full\0","","0.37","archived_old_versions\gaganyaan_openfoam_staged_research_v2\gaganyaan_openfoam_staged_research_v2\cases\02_drogue_full\0\nut"
"omega","\archived_old_versions\gaganyaan_openfoam_staged_research_v2\gaganyaan_openfoam_staged_research_v2\cases\02_drogue_full\0","","0.37","archived_old_versions\gaganyaan_openfoam_staged_research_v2\gaganyaan_openfoam_staged_research_v2\cases\02_drogue_full\0\omega"
"p","\archived_old_versions\gaganyaan_openfoam_staged_research_v2\gaganyaan_openfoam_staged_research_v2\cases\02_drogue_full\0","","0.32","archived_old_versions\gaganyaan_openfoam_staged_research_v2\gaganyaan_openfoam_staged_research_v2\cases\02_drogue_full\0\p"
"U","\archived_old_versions\gaganyaan_openfoam_staged_research_v2\gaganyaan_openfoam_staged_research_v2\cases\02_drogue_full\0","","0.32","archived_old_versions\gaganyaan_openfoam_staged_research_v2\gaganyaan_openfoam_staged_research_v2\cases\02_drogue_full\0\U"
"momentumTransport","\archived_old_versions\gaganyaan_openfoam_staged_research_v2\gaganyaan_openfoam_staged_research_v2\cases\02_drogue_full\constant","","0.19","archived_old_versions\gaganyaan_openfoam_staged_research_v2\gaganyaan_openfoam_staged_research_v2\cases\02_drogue_full\constant\momentumTransport"
"physicalProperties","\archived_old_versions\gaganyaan_openfoam_staged_research_v2\gaganyaan_openfoam_staged_research_v2\cases\02_drogue_full\constant","","0.13","archived_old_versions\gaganyaan_openfoam_staged_research_v2\gaganyaan_openfoam_staged_research_v2\cases\02_drogue_full\constant\physicalProperties"
"blockMeshDict","\archived_old_versions\gaganyaan_openfoam_staged_research_v2\gaganyaan_openfoam_staged_research_v2\cases\02_drogue_full\system","","2.76","archived_old_versions\gaganyaan_openfoam_staged_research_v2\gaganyaan_openfoam_staged_research_v2\cases\02_drogue_full\system\blockMeshDict"
"controlDict","\archived_old_versions\gaganyaan_openfoam_staged_research_v2\gaganyaan_openfoam_staged_research_v2\cases\02_drogue_full\system","","0.92","archived_old_versions\gaganyaan_openfoam_staged_research_v2\gaganyaan_openfoam_staged_research_v2\cases\02_drogue_full\system\controlDict"
"fvConstraints","\archived_old_versions\gaganyaan_openfoam_staged_research_v2\gaganyaan_openfoam_staged_research_v2\cases\02_drogue_full\system","","0.08","archived_old_versions\gaganyaan_openfoam_staged_research_v2\gaganyaan_openfoam_staged_research_v2\cases\02_drogue_full\system\fvConstraints"
"fvModels","\archived_old_versions\gaganyaan_openfoam_staged_research_v2\gaganyaan_openfoam_staged_research_v2\cases\02_drogue_full\system","","0.07","archived_old_versions\gaganyaan_openfoam_staged_research_v2\gaganyaan_openfoam_staged_research_v2\cases\02_drogue_full\system\fvModels"
"fvSchemes","\archived_old_versions\gaganyaan_openfoam_staged_research_v2\gaganyaan_openfoam_staged_research_v2\cases\02_drogue_full\system","","0.51","archived_old_versions\gaganyaan_openfoam_staged_research_v2\gaganyaan_openfoam_staged_research_v2\cases\02_drogue_full\system\fvSchemes"
"fvSolution","\archived_old_versions\gaganyaan_openfoam_staged_research_v2\gaganyaan_openfoam_staged_research_v2\cases\02_drogue_full\system","","0.66","archived_old_versions\gaganyaan_openfoam_staged_research_v2\gaganyaan_openfoam_staged_research_v2\cases\02_drogue_full\system\fvSolution"
"03_main_reef1.OpenFOAM","\archived_old_versions\gaganyaan_openfoam_staged_research_v2\gaganyaan_openfoam_staged_research_v2\cases\03_main_reef1",".OpenFOAM","0","archived_old_versions\gaganyaan_openfoam_staged_research_v2\gaganyaan_openfoam_staged_research_v2\cases\03_main_reef1\03_main_reef1.OpenFOAM"
"Allrun","\archived_old_versions\gaganyaan_openfoam_staged_research_v2\gaganyaan_openfoam_staged_research_v2\cases\03_main_reef1","","0.28","archived_old_versions\gaganyaan_openfoam_staged_research_v2\gaganyaan_openfoam_staged_research_v2\cases\03_main_reef1\Allrun"
"case_metadata.csv","\archived_old_versions\gaganyaan_openfoam_staged_research_v2\gaganyaan_openfoam_staged_research_v2\cases\03_main_reef1",".csv","0.39","archived_old_versions\gaganyaan_openfoam_staged_research_v2\gaganyaan_openfoam_staged_research_v2\cases\03_main_reef1\case_metadata.csv"
"README_CASE.md","\archived_old_versions\gaganyaan_openfoam_staged_research_v2\gaganyaan_openfoam_staged_research_v2\cases\03_main_reef1",".md","0.44","archived_old_versions\gaganyaan_openfoam_staged_research_v2\gaganyaan_openfoam_staged_research_v2\cases\03_main_reef1\README_CASE.md"
"k","\archived_old_versions\gaganyaan_openfoam_staged_research_v2\gaganyaan_openfoam_staged_research_v2\cases\03_main_reef1\0","","0.36","archived_old_versions\gaganyaan_openfoam_staged_research_v2\gaganyaan_openfoam_staged_research_v2\cases\03_main_reef1\0\k"
"nut","\archived_old_versions\gaganyaan_openfoam_staged_research_v2\gaganyaan_openfoam_staged_research_v2\cases\03_main_reef1\0","","0.37","archived_old_versions\gaganyaan_openfoam_staged_research_v2\gaganyaan_openfoam_staged_research_v2\cases\03_main_reef1\0\nut"
"omega","\archived_old_versions\gaganyaan_openfoam_staged_research_v2\gaganyaan_openfoam_staged_research_v2\cases\03_main_reef1\0","","0.35","archived_old_versions\gaganyaan_openfoam_staged_research_v2\gaganyaan_openfoam_staged_research_v2\cases\03_main_reef1\0\omega"
"p","\archived_old_versions\gaganyaan_openfoam_staged_research_v2\gaganyaan_openfoam_staged_research_v2\cases\03_main_reef1\0","","0.32","archived_old_versions\gaganyaan_openfoam_staged_research_v2\gaganyaan_openfoam_staged_research_v2\cases\03_main_reef1\0\p"
"U","\archived_old_versions\gaganyaan_openfoam_staged_research_v2\gaganyaan_openfoam_staged_research_v2\cases\03_main_reef1\0","","0.32","archived_old_versions\gaganyaan_openfoam_staged_research_v2\gaganyaan_openfoam_staged_research_v2\cases\03_main_reef1\0\U"
"momentumTransport","\archived_old_versions\gaganyaan_openfoam_staged_research_v2\gaganyaan_openfoam_staged_research_v2\cases\03_main_reef1\constant","","0.19","archived_old_versions\gaganyaan_openfoam_staged_research_v2\gaganyaan_openfoam_staged_research_v2\cases\03_main_reef1\constant\momentumTransport"
"physicalProperties","\archived_old_versions\gaganyaan_openfoam_staged_research_v2\gaganyaan_openfoam_staged_research_v2\cases\03_main_reef1\constant","","0.13","archived_old_versions\gaganyaan_openfoam_staged_research_v2\gaganyaan_openfoam_staged_research_v2\cases\03_main_reef1\constant\physicalProperties"
"blockMeshDict","\archived_old_versions\gaganyaan_openfoam_staged_research_v2\gaganyaan_openfoam_staged_research_v2\cases\03_main_reef1\system","","3.11","archived_old_versions\gaganyaan_openfoam_staged_research_v2\gaganyaan_openfoam_staged_research_v2\cases\03_main_reef1\system\blockMeshDict"
"controlDict","\archived_old_versions\gaganyaan_openfoam_staged_research_v2\gaganyaan_openfoam_staged_research_v2\cases\03_main_reef1\system","","0.92","archived_old_versions\gaganyaan_openfoam_staged_research_v2\gaganyaan_openfoam_staged_research_v2\cases\03_main_reef1\system\controlDict"
"fvConstraints","\archived_old_versions\gaganyaan_openfoam_staged_research_v2\gaganyaan_openfoam_staged_research_v2\cases\03_main_reef1\system","","0.08","archived_old_versions\gaganyaan_openfoam_staged_research_v2\gaganyaan_openfoam_staged_research_v2\cases\03_main_reef1\system\fvConstraints"
"fvModels","\archived_old_versions\gaganyaan_openfoam_staged_research_v2\gaganyaan_openfoam_staged_research_v2\cases\03_main_reef1\system","","0.07","archived_old_versions\gaganyaan_openfoam_staged_research_v2\gaganyaan_openfoam_staged_research_v2\cases\03_main_reef1\system\fvModels"
"fvSchemes","\archived_old_versions\gaganyaan_openfoam_staged_research_v2\gaganyaan_openfoam_staged_research_v2\cases\03_main_reef1\system","","0.51","archived_old_versions\gaganyaan_openfoam_staged_research_v2\gaganyaan_openfoam_staged_research_v2\cases\03_main_reef1\system\fvSchemes"
"fvSolution","\archived_old_versions\gaganyaan_openfoam_staged_research_v2\gaganyaan_openfoam_staged_research_v2\cases\03_main_reef1\system","","0.66","archived_old_versions\gaganyaan_openfoam_staged_research_v2\gaganyaan_openfoam_staged_research_v2\cases\03_main_reef1\system\fvSolution"
"04_main_reef2.OpenFOAM","\archived_old_versions\gaganyaan_openfoam_staged_research_v2\gaganyaan_openfoam_staged_research_v2\cases\04_main_reef2",".OpenFOAM","0","archived_old_versions\gaganyaan_openfoam_staged_research_v2\gaganyaan_openfoam_staged_research_v2\cases\04_main_reef2\04_main_reef2.OpenFOAM"
"Allrun","\archived_old_versions\gaganyaan_openfoam_staged_research_v2\gaganyaan_openfoam_staged_research_v2\cases\04_main_reef2","","0.28","archived_old_versions\gaganyaan_openfoam_staged_research_v2\gaganyaan_openfoam_staged_research_v2\cases\04_main_reef2\Allrun"
"case_metadata.csv","\archived_old_versions\gaganyaan_openfoam_staged_research_v2\gaganyaan_openfoam_staged_research_v2\cases\04_main_reef2",".csv","0.39","archived_old_versions\gaganyaan_openfoam_staged_research_v2\gaganyaan_openfoam_staged_research_v2\cases\04_main_reef2\case_metadata.csv"
"README_CASE.md","\archived_old_versions\gaganyaan_openfoam_staged_research_v2\gaganyaan_openfoam_staged_research_v2\cases\04_main_reef2",".md","0.44","archived_old_versions\gaganyaan_openfoam_staged_research_v2\gaganyaan_openfoam_staged_research_v2\cases\04_main_reef2\README_CASE.md"
"k","\archived_old_versions\gaganyaan_openfoam_staged_research_v2\gaganyaan_openfoam_staged_research_v2\cases\04_main_reef2\0","","0.34","archived_old_versions\gaganyaan_openfoam_staged_research_v2\gaganyaan_openfoam_staged_research_v2\cases\04_main_reef2\0\k"
"nut","\archived_old_versions\gaganyaan_openfoam_staged_research_v2\gaganyaan_openfoam_staged_research_v2\cases\04_main_reef2\0","","0.37","archived_old_versions\gaganyaan_openfoam_staged_research_v2\gaganyaan_openfoam_staged_research_v2\cases\04_main_reef2\0\nut"
"omega","\archived_old_versions\gaganyaan_openfoam_staged_research_v2\gaganyaan_openfoam_staged_research_v2\cases\04_main_reef2\0","","0.37","archived_old_versions\gaganyaan_openfoam_staged_research_v2\gaganyaan_openfoam_staged_research_v2\cases\04_main_reef2\0\omega"
"p","\archived_old_versions\gaganyaan_openfoam_staged_research_v2\gaganyaan_openfoam_staged_research_v2\cases\04_main_reef2\0","","0.32","archived_old_versions\gaganyaan_openfoam_staged_research_v2\gaganyaan_openfoam_staged_research_v2\cases\04_main_reef2\0\p"
"U","\archived_old_versions\gaganyaan_openfoam_staged_research_v2\gaganyaan_openfoam_staged_research_v2\cases\04_main_reef2\0","","0.32","archived_old_versions\gaganyaan_openfoam_staged_research_v2\gaganyaan_openfoam_staged_research_v2\cases\04_main_reef2\0\U"
"momentumTransport","\archived_old_versions\gaganyaan_openfoam_staged_research_v2\gaganyaan_openfoam_staged_research_v2\cases\04_main_reef2\constant","","0.19","archived_old_versions\gaganyaan_openfoam_staged_research_v2\gaganyaan_openfoam_staged_research_v2\cases\04_main_reef2\constant\momentumTransport"
"physicalProperties","\archived_old_versions\gaganyaan_openfoam_staged_research_v2\gaganyaan_openfoam_staged_research_v2\cases\04_main_reef2\constant","","0.13","archived_old_versions\gaganyaan_openfoam_staged_research_v2\gaganyaan_openfoam_staged_research_v2\cases\04_main_reef2\constant\physicalProperties"
"blockMeshDict","\archived_old_versions\gaganyaan_openfoam_staged_research_v2\gaganyaan_openfoam_staged_research_v2\cases\04_main_reef2\system","","3.13","archived_old_versions\gaganyaan_openfoam_staged_research_v2\gaganyaan_openfoam_staged_research_v2\cases\04_main_reef2\system\blockMeshDict"
"controlDict","\archived_old_versions\gaganyaan_openfoam_staged_research_v2\gaganyaan_openfoam_staged_research_v2\cases\04_main_reef2\system","","0.92","archived_old_versions\gaganyaan_openfoam_staged_research_v2\gaganyaan_openfoam_staged_research_v2\cases\04_main_reef2\system\controlDict"
"fvConstraints","\archived_old_versions\gaganyaan_openfoam_staged_research_v2\gaganyaan_openfoam_staged_research_v2\cases\04_main_reef2\system","","0.08","archived_old_versions\gaganyaan_openfoam_staged_research_v2\gaganyaan_openfoam_staged_research_v2\cases\04_main_reef2\system\fvConstraints"
"fvModels","\archived_old_versions\gaganyaan_openfoam_staged_research_v2\gaganyaan_openfoam_staged_research_v2\cases\04_main_reef2\system","","0.07","archived_old_versions\gaganyaan_openfoam_staged_research_v2\gaganyaan_openfoam_staged_research_v2\cases\04_main_reef2\system\fvModels"
"fvSchemes","\archived_old_versions\gaganyaan_openfoam_staged_research_v2\gaganyaan_openfoam_staged_research_v2\cases\04_main_reef2\system","","0.51","archived_old_versions\gaganyaan_openfoam_staged_research_v2\gaganyaan_openfoam_staged_research_v2\cases\04_main_reef2\system\fvSchemes"
"fvSolution","\archived_old_versions\gaganyaan_openfoam_staged_research_v2\gaganyaan_openfoam_staged_research_v2\cases\04_main_reef2\system","","0.66","archived_old_versions\gaganyaan_openfoam_staged_research_v2\gaganyaan_openfoam_staged_research_v2\cases\04_main_reef2\system\fvSolution"
"05_main_full.OpenFOAM","\archived_old_versions\gaganyaan_openfoam_staged_research_v2\gaganyaan_openfoam_staged_research_v2\cases\05_main_full",".OpenFOAM","0","archived_old_versions\gaganyaan_openfoam_staged_research_v2\gaganyaan_openfoam_staged_research_v2\cases\05_main_full\05_main_full.OpenFOAM"
"Allrun","\archived_old_versions\gaganyaan_openfoam_staged_research_v2\gaganyaan_openfoam_staged_research_v2\cases\05_main_full","","0.28","archived_old_versions\gaganyaan_openfoam_staged_research_v2\gaganyaan_openfoam_staged_research_v2\cases\05_main_full\Allrun"
"case_metadata.csv","\archived_old_versions\gaganyaan_openfoam_staged_research_v2\gaganyaan_openfoam_staged_research_v2\cases\05_main_full",".csv","0.39","archived_old_versions\gaganyaan_openfoam_staged_research_v2\gaganyaan_openfoam_staged_research_v2\cases\05_main_full\case_metadata.csv"
"README_CASE.md","\archived_old_versions\gaganyaan_openfoam_staged_research_v2\gaganyaan_openfoam_staged_research_v2\cases\05_main_full",".md","0.45","archived_old_versions\gaganyaan_openfoam_staged_research_v2\gaganyaan_openfoam_staged_research_v2\cases\05_main_full\README_CASE.md"
"k","\archived_old_versions\gaganyaan_openfoam_staged_research_v2\gaganyaan_openfoam_staged_research_v2\cases\05_main_full\0","","0.35","archived_old_versions\gaganyaan_openfoam_staged_research_v2\gaganyaan_openfoam_staged_research_v2\cases\05_main_full\0\k"
"nut","\archived_old_versions\gaganyaan_openfoam_staged_research_v2\gaganyaan_openfoam_staged_research_v2\cases\05_main_full\0","","0.37","archived_old_versions\gaganyaan_openfoam_staged_research_v2\gaganyaan_openfoam_staged_research_v2\cases\05_main_full\0\nut"
"omega","\archived_old_versions\gaganyaan_openfoam_staged_research_v2\gaganyaan_openfoam_staged_research_v2\cases\05_main_full\0","","0.37","archived_old_versions\gaganyaan_openfoam_staged_research_v2\gaganyaan_openfoam_staged_research_v2\cases\05_main_full\0\omega"
"p","\archived_old_versions\gaganyaan_openfoam_staged_research_v2\gaganyaan_openfoam_staged_research_v2\cases\05_main_full\0","","0.32","archived_old_versions\gaganyaan_openfoam_staged_research_v2\gaganyaan_openfoam_staged_research_v2\cases\05_main_full\0\p"
"U","\archived_old_versions\gaganyaan_openfoam_staged_research_v2\gaganyaan_openfoam_staged_research_v2\cases\05_main_full\0","","0.32","archived_old_versions\gaganyaan_openfoam_staged_research_v2\gaganyaan_openfoam_staged_research_v2\cases\05_main_full\0\U"
"momentumTransport","\archived_old_versions\gaganyaan_openfoam_staged_research_v2\gaganyaan_openfoam_staged_research_v2\cases\05_main_full\constant","","0.19","archived_old_versions\gaganyaan_openfoam_staged_research_v2\gaganyaan_openfoam_staged_research_v2\cases\05_main_full\constant\momentumTransport"
"physicalProperties","\archived_old_versions\gaganyaan_openfoam_staged_research_v2\gaganyaan_openfoam_staged_research_v2\cases\05_main_full\constant","","0.13","archived_old_versions\gaganyaan_openfoam_staged_research_v2\gaganyaan_openfoam_staged_research_v2\cases\05_main_full\constant\physicalProperties"
"blockMeshDict","\archived_old_versions\gaganyaan_openfoam_staged_research_v2\gaganyaan_openfoam_staged_research_v2\cases\05_main_full\system","","2.69","archived_old_versions\gaganyaan_openfoam_staged_research_v2\gaganyaan_openfoam_staged_research_v2\cases\05_main_full\system\blockMeshDict"
"controlDict","\archived_old_versions\gaganyaan_openfoam_staged_research_v2\gaganyaan_openfoam_staged_research_v2\cases\05_main_full\system","","0.91","archived_old_versions\gaganyaan_openfoam_staged_research_v2\gaganyaan_openfoam_staged_research_v2\cases\05_main_full\system\controlDict"
"fvConstraints","\archived_old_versions\gaganyaan_openfoam_staged_research_v2\gaganyaan_openfoam_staged_research_v2\cases\05_main_full\system","","0.08","archived_old_versions\gaganyaan_openfoam_staged_research_v2\gaganyaan_openfoam_staged_research_v2\cases\05_main_full\system\fvConstraints"
"fvModels","\archived_old_versions\gaganyaan_openfoam_staged_research_v2\gaganyaan_openfoam_staged_research_v2\cases\05_main_full\system","","0.07","archived_old_versions\gaganyaan_openfoam_staged_research_v2\gaganyaan_openfoam_staged_research_v2\cases\05_main_full\system\fvModels"
"fvSchemes","\archived_old_versions\gaganyaan_openfoam_staged_research_v2\gaganyaan_openfoam_staged_research_v2\cases\05_main_full\system","","0.51","archived_old_versions\gaganyaan_openfoam_staged_research_v2\gaganyaan_openfoam_staged_research_v2\cases\05_main_full\system\fvSchemes"
"fvSolution","\archived_old_versions\gaganyaan_openfoam_staged_research_v2\gaganyaan_openfoam_staged_research_v2\cases\05_main_full\system","","0.66","archived_old_versions\gaganyaan_openfoam_staged_research_v2\gaganyaan_openfoam_staged_research_v2\cases\05_main_full\system\fvSolution"
"parachute_stage_cfd_schedule.csv","\archived_old_versions\gaganyaan_openfoam_staged_research_v2\gaganyaan_openfoam_staged_research_v2\inputs",".csv","1.24","archived_old_versions\gaganyaan_openfoam_staged_research_v2\gaganyaan_openfoam_staged_research_v2\inputs\parachute_stage_cfd_schedule.csv"
"research_level_upgrade_notes.md","\archived_old_versions\gaganyaan_openfoam_staged_research_v2\gaganyaan_openfoam_staged_research_v2\notes",".md","1.11","archived_old_versions\gaganyaan_openfoam_staged_research_v2\gaganyaan_openfoam_staged_research_v2\notes\research_level_upgrade_notes.md"
"aggregate_stage_results.py","\archived_old_versions\gaganyaan_openfoam_staged_research_v2\gaganyaan_openfoam_staged_research_v2\scripts",".py","0.64","archived_old_versions\gaganyaan_openfoam_staged_research_v2\gaganyaan_openfoam_staged_research_v2\scripts\aggregate_stage_results.py"
"postprocess_stage_cd.py","\archived_old_versions\gaganyaan_openfoam_staged_research_v2\gaganyaan_openfoam_staged_research_v2\scripts",".py","3.11","archived_old_versions\gaganyaan_openfoam_staged_research_v2\gaganyaan_openfoam_staged_research_v2\scripts\postprocess_stage_cd.py"
"assumptions_and_limitations.md","\docs",".md","0.32","docs\assumptions_and_limitations.md"
"01_final_research_report_draft.md","\docs\gaganyaan_step5_report_openfoam",".md","7.55","docs\gaganyaan_step5_report_openfoam\01_final_research_report_draft.md"
"02_validation_matrix.csv","\docs\gaganyaan_step5_report_openfoam",".csv","1.07","docs\gaganyaan_step5_report_openfoam\02_validation_matrix.csv"
"03_openfoam_phase2_plan.md","\docs\gaganyaan_step5_report_openfoam",".md","2.53","docs\gaganyaan_step5_report_openfoam\03_openfoam_phase2_plan.md"
"collect_step_outputs.m","\docs\gaganyaan_step5_report_openfoam",".m","1.47","docs\gaganyaan_step5_report_openfoam\collect_step_outputs.m"
"README_STEP5.md","\docs\gaganyaan_step5_report_openfoam",".md","1.2","docs\gaganyaan_step5_report_openfoam\README_STEP5.md"
"15_3d_descent_trajectory.png","\docs\gaganyaan_step5_report_openfoam\assets\step4_outputs",".png","68.85","docs\gaganyaan_step5_report_openfoam\assets\step4_outputs\15_3d_descent_trajectory.png"
"16_horizontal_drift_time.png","\docs\gaganyaan_step5_report_openfoam\assets\step4_outputs",".png","49.14","docs\gaganyaan_step5_report_openfoam\assets\step4_outputs\16_horizontal_drift_time.png"
"17_pendulum_angle_time.png","\docs\gaganyaan_step5_report_openfoam\assets\step4_outputs",".png","45.1","docs\gaganyaan_step5_report_openfoam\assets\step4_outputs\17_pendulum_angle_time.png"
"18_wind_profile.png","\docs\gaganyaan_step5_report_openfoam\assets\step4_outputs",".png","38.28","docs\gaganyaan_step5_report_openfoam\assets\step4_outputs\18_wind_profile.png"
"19_asymmetric_riser_tensions.png","\docs\gaganyaan_step5_report_openfoam\assets\step4_outputs",".png","51.08","docs\gaganyaan_step5_report_openfoam\assets\step4_outputs\19_asymmetric_riser_tensions.png"
"20_asymmetric_tilt_response.png","\docs\gaganyaan_step5_report_openfoam\assets\step4_outputs",".png","54.89","docs\gaganyaan_step5_report_openfoam\assets\step4_outputs\20_asymmetric_tilt_response.png"
"21_failure_modes_velocity_altitude.png","\docs\gaganyaan_step5_report_openfoam\assets\step4_outputs",".png","58.75","docs\gaganyaan_step5_report_openfoam\assets\step4_outputs\21_failure_modes_velocity_altitude.png"
"22_canopy_snapshot.png","\docs\gaganyaan_step5_report_openfoam\assets\step4_outputs",".png","56.73","docs\gaganyaan_step5_report_openfoam\assets\step4_outputs\22_canopy_snapshot.png"
"23_3d_descent_animation.gif","\docs\gaganyaan_step5_report_openfoam\assets\step4_outputs",".gif","175.43","docs\gaganyaan_step5_report_openfoam\assets\step4_outputs\23_3d_descent_animation.gif"
"step4_3d_summary.csv","\docs\gaganyaan_step5_report_openfoam\assets\step4_outputs",".csv","0.32","docs\gaganyaan_step5_report_openfoam\assets\step4_outputs\step4_3d_summary.csv"
"step4_nominal_3d_trajectory.csv","\docs\gaganyaan_step5_report_openfoam\assets\step4_outputs",".csv","206.22","docs\gaganyaan_step5_report_openfoam\assets\step4_outputs\step4_nominal_3d_trajectory.csv"
"README_OPENFOAM_DROGUE.md","\docs\gaganyaan_step5_report_openfoam\openfoam_drogue_case_skeleton",".md","0.63","docs\gaganyaan_step5_report_openfoam\openfoam_drogue_case_skeleton\README_OPENFOAM_DROGUE.md"
"README_geometry.txt","\docs\gaganyaan_step5_report_openfoam\openfoam_drogue_case_skeleton\constant",".txt","0.08","docs\gaganyaan_step5_report_openfoam\openfoam_drogue_case_skeleton\constant\README_geometry.txt"
"controlDict","\docs\gaganyaan_step5_report_openfoam\openfoam_drogue_case_skeleton\system","","0.41","docs\gaganyaan_step5_report_openfoam\openfoam_drogue_case_skeleton\system\controlDict"
"drag_model.m","\matlab\step1_functions",".m","17.73","matlab\step1_functions\drag_model.m"
"ISA_atmosphere.m","\matlab\step1_functions",".m","7.64","matlab\step1_functions\ISA_atmosphere.m"
"step1_smoke_test.m","\matlab\step1_functions",".m","1.94","matlab\step1_functions\step1_smoke_test.m"
"compare_main_chute_cases.m","\matlab\step2_descent2D\gaganyaan_step2_descent2D",".m","2.08","matlab\step2_descent2D\gaganyaan_step2_descent2D\compare_main_chute_cases.m"
"descent_2D.m","\matlab\step2_descent2D\gaganyaan_step2_descent2D",".m","12.38","matlab\step2_descent2D\gaganyaan_step2_descent2D\descent_2D.m"
"drag_model.m","\matlab\step2_descent2D\gaganyaan_step2_descent2D",".m","17.73","matlab\step2_descent2D\gaganyaan_step2_descent2D\drag_model.m"
"ISA_atmosphere.m","\matlab\step2_descent2D\gaganyaan_step2_descent2D",".m","7.64","matlab\step2_descent2D\gaganyaan_step2_descent2D\ISA_atmosphere.m"
"main.m","\matlab\step2_descent2D\gaganyaan_step2_descent2D",".m","2.42","matlab\step2_descent2D\gaganyaan_step2_descent2D\main.m"
"mission_parameters.m","\matlab\step2_descent2D\gaganyaan_step2_descent2D",".m","4.1","matlab\step2_descent2D\gaganyaan_step2_descent2D\mission_parameters.m"
"plot_results_2D.m","\matlab\step2_descent2D\gaganyaan_step2_descent2D",".m","6.14","matlab\step2_descent2D\gaganyaan_step2_descent2D\plot_results_2D.m"
"README_STEP2.md","\matlab\step2_descent2D\gaganyaan_step2_descent2D",".md","1.06","matlab\step2_descent2D\gaganyaan_step2_descent2D\README_STEP2.md"
"step1_smoke_test.m","\matlab\step2_descent2D\gaganyaan_step2_descent2D",".m","1.94","matlab\step2_descent2D\gaganyaan_step2_descent2D\step1_smoke_test.m"
"01_altitude_vs_time.png","\matlab\step2_descent2D\gaganyaan_step2_descent2D\gaganyaan_step2_outputs",".png","89.56","matlab\step2_descent2D\gaganyaan_step2_descent2D\gaganyaan_step2_outputs\01_altitude_vs_time.png"
"02_velocity_vs_time.png","\matlab\step2_descent2D\gaganyaan_step2_descent2D\gaganyaan_step2_outputs",".png","93.48","matlab\step2_descent2D\gaganyaan_step2_descent2D\gaganyaan_step2_outputs\02_velocity_vs_time.png"
"03_dynamic_pressure_vs_altitude.png","\matlab\step2_descent2D\gaganyaan_step2_descent2D\gaganyaan_step2_outputs",".png","65.83","matlab\step2_descent2D\gaganyaan_step2_descent2D\gaganyaan_step2_outputs\03_dynamic_pressure_vs_altitude.png"
"04_deceleration_vs_time.png","\matlab\step2_descent2D\gaganyaan_step2_descent2D\gaganyaan_step2_outputs",".png","83.22","matlab\step2_descent2D\gaganyaan_step2_descent2D\gaganyaan_step2_outputs\04_deceleration_vs_time.png"
"05_drag_components_vs_time.png","\matlab\step2_descent2D\gaganyaan_step2_descent2D\gaganyaan_step2_outputs",".png","105.65","matlab\step2_descent2D\gaganyaan_step2_descent2D\gaganyaan_step2_outputs\05_drag_components_vs_time.png"
"06_cd_effective_vs_mach.png","\matlab\step2_descent2D\gaganyaan_step2_descent2D\gaganyaan_step2_outputs",".png","100.4","matlab\step2_descent2D\gaganyaan_step2_descent2D\gaganyaan_step2_outputs\06_cd_effective_vs_mach.png"
"07_velocity_altitude_by_stage.png","\matlab\step2_descent2D\gaganyaan_step2_descent2D\gaganyaan_step2_outputs",".png","84.2","matlab\step2_descent2D\gaganyaan_step2_descent2D\gaganyaan_step2_outputs\07_velocity_altitude_by_stage.png"
"08_energy_removed_vs_time.png","\matlab\step2_descent2D\gaganyaan_step2_descent2D\gaganyaan_step2_outputs",".png","84.9","matlab\step2_descent2D\gaganyaan_step2_descent2D\gaganyaan_step2_outputs\08_energy_removed_vs_time.png"
"09_stage_activation_gantt.png","\matlab\step2_descent2D\gaganyaan_step2_descent2D\gaganyaan_step2_outputs",".png","54.82","matlab\step2_descent2D\gaganyaan_step2_descent2D\gaganyaan_step2_outputs\09_stage_activation_gantt.png"
"10_main_chute_redundancy_comparison.png","\matlab\step2_descent2D\gaganyaan_step2_descent2D\gaganyaan_step2_outputs",".png","94.97","matlab\step2_descent2D\gaganyaan_step2_descent2D\gaganyaan_step2_outputs\10_main_chute_redundancy_comparison.png"
"step2_nominal_time_history.csv","\matlab\step2_descent2D\gaganyaan_step2_descent2D\gaganyaan_step2_outputs",".csv","179.16","matlab\step2_descent2D\gaganyaan_step2_descent2D\gaganyaan_step2_outputs\step2_nominal_time_history.csv"
"compare_main_chute_cases.m","\matlab\step3_montecarlo",".m","2.08","matlab\step3_montecarlo\compare_main_chute_cases.m"
"descent_2D.m","\matlab\step3_montecarlo",".m","12.38","matlab\step3_montecarlo\descent_2D.m"
"drag_model.m","\matlab\step3_montecarlo",".m","17.73","matlab\step3_montecarlo\drag_model.m"
"ISA_atmosphere.m","\matlab\step3_montecarlo",".m","7.64","matlab\step3_montecarlo\ISA_atmosphere.m"
"main.m","\matlab\step3_montecarlo",".m","2.42","matlab\step3_montecarlo\main.m"
"main_step3.m","\matlab\step3_montecarlo",".m","4.05","matlab\step3_montecarlo\main_step3.m"
"mission_parameters.m","\matlab\step3_montecarlo",".m","4.1","matlab\step3_montecarlo\mission_parameters.m"
"monte_carlo.m","\matlab\step3_montecarlo",".m","10.16","matlab\step3_montecarlo\monte_carlo.m"
"plot_monte_carlo_results.m","\matlab\step3_montecarlo",".m","4.84","matlab\step3_montecarlo\plot_monte_carlo_results.m"
"plot_results_2D.m","\matlab\step3_montecarlo",".m","6.14","matlab\step3_montecarlo\plot_results_2D.m"
"README_STEP2.md","\matlab\step3_montecarlo",".md","1.06","matlab\step3_montecarlo\README_STEP2.md"
"README_STEP3.md","\matlab\step3_montecarlo",".md","0.74","matlab\step3_montecarlo\README_STEP3.md"
"step1_smoke_test.m","\matlab\step3_montecarlo",".m","1.94","matlab\step3_montecarlo\step1_smoke_test.m"
"11_monte_carlo_velocity_altitude_95ci.png","\matlab\step3_montecarlo\gaganyaan_step3_outputs",".png","111.41","matlab\step3_montecarlo\gaganyaan_step3_outputs\11_monte_carlo_velocity_altitude_95ci.png"
"12_monte_carlo_time_history_95ci.png","\matlab\step3_montecarlo\gaganyaan_step3_outputs",".png","147.11","matlab\step3_montecarlo\gaganyaan_step3_outputs\12_monte_carlo_time_history_95ci.png"
"13_monte_carlo_output_histograms.png","\matlab\step3_montecarlo\gaganyaan_step3_outputs",".png","110.6","matlab\step3_montecarlo\gaganyaan_step3_outputs\13_monte_carlo_output_histograms.png"
"14_monte_carlo_deceleration_95ci.png","\matlab\step3_montecarlo\gaganyaan_step3_outputs",".png","95.48","matlab\step3_montecarlo\gaganyaan_step3_outputs\14_monte_carlo_deceleration_95ci.png"
"step3_monte_carlo_samples.csv","\matlab\step3_montecarlo\gaganyaan_step3_outputs",".csv","172.86","matlab\step3_montecarlo\gaganyaan_step3_outputs\step3_monte_carlo_samples.csv"
"step3_monte_carlo_summary.csv","\matlab\step3_montecarlo\gaganyaan_step3_outputs",".csv","0.47","matlab\step3_montecarlo\gaganyaan_step3_outputs\step3_monte_carlo_summary.csv"
"animate_3D_descent.m","\matlab\step4_3D\gaganyaan_step4_3D",".m","10.02","matlab\step4_3D\gaganyaan_step4_3D\animate_3D_descent.m"
"compare_main_chute_cases.m","\matlab\step4_3D\gaganyaan_step4_3D",".m","2.08","matlab\step4_3D\gaganyaan_step4_3D\compare_main_chute_cases.m"
"descent_2D.m","\matlab\step4_3D\gaganyaan_step4_3D",".m","12.38","matlab\step4_3D\gaganyaan_step4_3D\descent_2D.m"
"descent_3D.m","\matlab\step4_3D\gaganyaan_step4_3D",".m","8.32","matlab\step4_3D\gaganyaan_step4_3D\descent_3D.m"
"drag_model.m","\matlab\step4_3D\gaganyaan_step4_3D",".m","17.73","matlab\step4_3D\gaganyaan_step4_3D\drag_model.m"
"ISA_atmosphere.m","\matlab\step4_3D\gaganyaan_step4_3D",".m","7.64","matlab\step4_3D\gaganyaan_step4_3D\ISA_atmosphere.m"
"main.m","\matlab\step4_3D\gaganyaan_step4_3D",".m","2.42","matlab\step4_3D\gaganyaan_step4_3D\main.m"
"main_step3.m","\matlab\step4_3D\gaganyaan_step4_3D",".m","4.05","matlab\step4_3D\gaganyaan_step4_3D\main_step3.m"
"main_step4.m","\matlab\step4_3D\gaganyaan_step4_3D",".m","4.31","matlab\step4_3D\gaganyaan_step4_3D\main_step4.m"
"main_step4_animation.m","\matlab\step4_3D\gaganyaan_step4_3D",".m","1.89","matlab\step4_3D\gaganyaan_step4_3D\main_step4_animation.m"
"mission_parameters.m","\matlab\step4_3D\gaganyaan_step4_3D",".m","4.1","matlab\step4_3D\gaganyaan_step4_3D\mission_parameters.m"
"monte_carlo.m","\matlab\step4_3D\gaganyaan_step4_3D",".m","10.16","matlab\step4_3D\gaganyaan_step4_3D\monte_carlo.m"
"plot_monte_carlo_results.m","\matlab\step4_3D\gaganyaan_step4_3D",".m","4.84","matlab\step4_3D\gaganyaan_step4_3D\plot_monte_carlo_results.m"
"plot_results_2D.m","\matlab\step4_3D\gaganyaan_step4_3D",".m","6.14","matlab\step4_3D\gaganyaan_step4_3D\plot_results_2D.m"
"plot_results_3D.m","\matlab\step4_3D\gaganyaan_step4_3D",".m","5.07","matlab\step4_3D\gaganyaan_step4_3D\plot_results_3D.m"
"README_STEP2.md","\matlab\step4_3D\gaganyaan_step4_3D",".md","1.06","matlab\step4_3D\gaganyaan_step4_3D\README_STEP2.md"
"README_STEP3.md","\matlab\step4_3D\gaganyaan_step4_3D",".md","0.74","matlab\step4_3D\gaganyaan_step4_3D\README_STEP3.md"
"README_STEP4.md","\matlab\step4_3D\gaganyaan_step4_3D",".md","0.77","matlab\step4_3D\gaganyaan_step4_3D\README_STEP4.md"
"step1_smoke_test.m","\matlab\step4_3D\gaganyaan_step4_3D",".m","1.94","matlab\step4_3D\gaganyaan_step4_3D\step1_smoke_test.m"
"15_3d_descent_trajectory.png","\matlab\step4_3D\gaganyaan_step4_3D\gaganyaan_step4_outputs",".png","68.85","matlab\step4_3D\gaganyaan_step4_3D\gaganyaan_step4_outputs\15_3d_descent_trajectory.png"
"16_horizontal_drift_time.png","\matlab\step4_3D\gaganyaan_step4_3D\gaganyaan_step4_outputs",".png","49.14","matlab\step4_3D\gaganyaan_step4_3D\gaganyaan_step4_outputs\16_horizontal_drift_time.png"
"17_pendulum_angle_time.png","\matlab\step4_3D\gaganyaan_step4_3D\gaganyaan_step4_outputs",".png","45.1","matlab\step4_3D\gaganyaan_step4_3D\gaganyaan_step4_outputs\17_pendulum_angle_time.png"
"18_wind_profile.png","\matlab\step4_3D\gaganyaan_step4_3D\gaganyaan_step4_outputs",".png","38.28","matlab\step4_3D\gaganyaan_step4_3D\gaganyaan_step4_outputs\18_wind_profile.png"
"19_asymmetric_riser_tensions.png","\matlab\step4_3D\gaganyaan_step4_3D\gaganyaan_step4_outputs",".png","51.08","matlab\step4_3D\gaganyaan_step4_3D\gaganyaan_step4_outputs\19_asymmetric_riser_tensions.png"
"20_asymmetric_tilt_response.png","\matlab\step4_3D\gaganyaan_step4_3D\gaganyaan_step4_outputs",".png","54.89","matlab\step4_3D\gaganyaan_step4_3D\gaganyaan_step4_outputs\20_asymmetric_tilt_response.png"
"21_failure_modes_velocity_altitude.png","\matlab\step4_3D\gaganyaan_step4_3D\gaganyaan_step4_outputs",".png","58.75","matlab\step4_3D\gaganyaan_step4_3D\gaganyaan_step4_outputs\21_failure_modes_velocity_altitude.png"
"22_canopy_snapshot.png","\matlab\step4_3D\gaganyaan_step4_3D\gaganyaan_step4_outputs",".png","56.73","matlab\step4_3D\gaganyaan_step4_3D\gaganyaan_step4_outputs\22_canopy_snapshot.png"
"23_3d_descent_animation.avi","\matlab\step4_3D\gaganyaan_step4_3D\gaganyaan_step4_outputs",".avi","22935.06","matlab\step4_3D\gaganyaan_step4_3D\gaganyaan_step4_outputs\23_3d_descent_animation.avi"
"23_3d_descent_animation.gif","\matlab\step4_3D\gaganyaan_step4_3D\gaganyaan_step4_outputs",".gif","15755.55","matlab\step4_3D\gaganyaan_step4_3D\gaganyaan_step4_outputs\23_3d_descent_animation.gif"
"step4_3d_summary.csv","\matlab\step4_3D\gaganyaan_step4_3D\gaganyaan_step4_outputs",".csv","0.32","matlab\step4_3D\gaganyaan_step4_3D\gaganyaan_step4_outputs\step4_3d_summary.csv"
"step4_nominal_3d_trajectory.csv","\matlab\step4_3D\gaganyaan_step4_3D\gaganyaan_step4_outputs",".csv","206.22","matlab\step4_3D\gaganyaan_step4_3D\gaganyaan_step4_outputs\step4_nominal_3d_trajectory.csv"
"animate_3D_descent.m","\matlab\step4_animation_addon\gaganyaan_step4_animation_addon",".m","10.02","matlab\step4_animation_addon\gaganyaan_step4_animation_addon\animate_3D_descent.m"
"main_step4_animation.m","\matlab\step4_animation_addon\gaganyaan_step4_animation_addon",".m","1.89","matlab\step4_animation_addon\gaganyaan_step4_animation_addon\main_step4_animation.m"
"Allclean_all_cases","\openfoam\source_package\gaganyaan_openfoam_v3_3d_canopy_research\gaganyaan_openfoam_v3_3d_canopy_research","","0.22","openfoam\source_package\gaganyaan_openfoam_v3_3d_canopy_research\gaganyaan_openfoam_v3_3d_canopy_research\Allclean_all_cases"
"Allrun_all_cases","\openfoam\source_package\gaganyaan_openfoam_v3_3d_canopy_research\gaganyaan_openfoam_v3_3d_canopy_research","","0.35","openfoam\source_package\gaganyaan_openfoam_v3_3d_canopy_research\gaganyaan_openfoam_v3_3d_canopy_research\Allrun_all_cases"
"MANIFEST.txt","\openfoam\source_package\gaganyaan_openfoam_v3_3d_canopy_research\gaganyaan_openfoam_v3_3d_canopy_research",".txt","4.17","openfoam\source_package\gaganyaan_openfoam_v3_3d_canopy_research\gaganyaan_openfoam_v3_3d_canopy_research\MANIFEST.txt"
"README_V3.md","\openfoam\source_package\gaganyaan_openfoam_v3_3d_canopy_research\gaganyaan_openfoam_v3_3d_canopy_research",".md","2.38","openfoam\source_package\gaganyaan_openfoam_v3_3d_canopy_research\gaganyaan_openfoam_v3_3d_canopy_research\README_V3.md"
"Allclean","\openfoam\source_package\gaganyaan_openfoam_v3_3d_canopy_research\gaganyaan_openfoam_v3_3d_canopy_research\cases\01_drogue_reefed_3D","","0.1","openfoam\source_package\gaganyaan_openfoam_v3_3d_canopy_research\gaganyaan_openfoam_v3_3d_canopy_research\cases\01_drogue_reefed_3D\Allclean"
"Allrun","\openfoam\source_package\gaganyaan_openfoam_v3_3d_canopy_research\gaganyaan_openfoam_v3_3d_canopy_research\cases\01_drogue_reefed_3D","","0.34","openfoam\source_package\gaganyaan_openfoam_v3_3d_canopy_research\gaganyaan_openfoam_v3_3d_canopy_research\cases\01_drogue_reefed_3D\Allrun"
"k","\openfoam\source_package\gaganyaan_openfoam_v3_3d_canopy_research\gaganyaan_openfoam_v3_3d_canopy_research\cases\01_drogue_reefed_3D\0","","0.37","openfoam\source_package\gaganyaan_openfoam_v3_3d_canopy_research\gaganyaan_openfoam_v3_3d_canopy_research\cases\01_drogue_reefed_3D\0\k"
"nut","\openfoam\source_package\gaganyaan_openfoam_v3_3d_canopy_research\gaganyaan_openfoam_v3_3d_canopy_research\cases\01_drogue_reefed_3D\0","","0.38","openfoam\source_package\gaganyaan_openfoam_v3_3d_canopy_research\gaganyaan_openfoam_v3_3d_canopy_research\cases\01_drogue_reefed_3D\0\nut"
"omega","\openfoam\source_package\gaganyaan_openfoam_v3_3d_canopy_research\gaganyaan_openfoam_v3_3d_canopy_research\cases\01_drogue_reefed_3D\0","","0.39","openfoam\source_package\gaganyaan_openfoam_v3_3d_canopy_research\gaganyaan_openfoam_v3_3d_canopy_research\cases\01_drogue_reefed_3D\0\omega"
"p","\openfoam\source_package\gaganyaan_openfoam_v3_3d_canopy_research\gaganyaan_openfoam_v3_3d_canopy_research\cases\01_drogue_reefed_3D\0","","0.33","openfoam\source_package\gaganyaan_openfoam_v3_3d_canopy_research\gaganyaan_openfoam_v3_3d_canopy_research\cases\01_drogue_reefed_3D\0\p"
"U","\openfoam\source_package\gaganyaan_openfoam_v3_3d_canopy_research\gaganyaan_openfoam_v3_3d_canopy_research\cases\01_drogue_reefed_3D\0","","0.33","openfoam\source_package\gaganyaan_openfoam_v3_3d_canopy_research\gaganyaan_openfoam_v3_3d_canopy_research\cases\01_drogue_reefed_3D\0\U"
"momentumTransport","\openfoam\source_package\gaganyaan_openfoam_v3_3d_canopy_research\gaganyaan_openfoam_v3_3d_canopy_research\cases\01_drogue_reefed_3D\constant","","0.22","openfoam\source_package\gaganyaan_openfoam_v3_3d_canopy_research\gaganyaan_openfoam_v3_3d_canopy_research\cases\01_drogue_reefed_3D\constant\momentumTransport"
"physicalProperties","\openfoam\source_package\gaganyaan_openfoam_v3_3d_canopy_research\gaganyaan_openfoam_v3_3d_canopy_research\cases\01_drogue_reefed_3D\constant","","0.19","openfoam\source_package\gaganyaan_openfoam_v3_3d_canopy_research\gaganyaan_openfoam_v3_3d_canopy_research\cases\01_drogue_reefed_3D\constant\physicalProperties"
"turbulenceProperties","\openfoam\source_package\gaganyaan_openfoam_v3_3d_canopy_research\gaganyaan_openfoam_v3_3d_canopy_research\cases\01_drogue_reefed_3D\constant","","0.23","openfoam\source_package\gaganyaan_openfoam_v3_3d_canopy_research\gaganyaan_openfoam_v3_3d_canopy_research\cases\01_drogue_reefed_3D\constant\turbulenceProperties"
"canopy.stl","\openfoam\source_package\gaganyaan_openfoam_v3_3d_canopy_research\gaganyaan_openfoam_v3_3d_canopy_research\cases\01_drogue_reefed_3D\constant\triSurface",".stl","2084.54","openfoam\source_package\gaganyaan_openfoam_v3_3d_canopy_research\gaganyaan_openfoam_v3_3d_canopy_research\cases\01_drogue_reefed_3D\constant\triSurface\canopy.stl"
"blockMeshDict","\openfoam\source_package\gaganyaan_openfoam_v3_3d_canopy_research\gaganyaan_openfoam_v3_3d_canopy_research\cases\01_drogue_reefed_3D\system","","0.86","openfoam\source_package\gaganyaan_openfoam_v3_3d_canopy_research\gaganyaan_openfoam_v3_3d_canopy_research\cases\01_drogue_reefed_3D\system\blockMeshDict"
"controlDict","\openfoam\source_package\gaganyaan_openfoam_v3_3d_canopy_research\gaganyaan_openfoam_v3_3d_canopy_research\cases\01_drogue_reefed_3D\system","","1.07","openfoam\source_package\gaganyaan_openfoam_v3_3d_canopy_research\gaganyaan_openfoam_v3_3d_canopy_research\cases\01_drogue_reefed_3D\system\controlDict"
"fvSchemes","\openfoam\source_package\gaganyaan_openfoam_v3_3d_canopy_research\gaganyaan_openfoam_v3_3d_canopy_research\cases\01_drogue_reefed_3D\system","","0.54","openfoam\source_package\gaganyaan_openfoam_v3_3d_canopy_research\gaganyaan_openfoam_v3_3d_canopy_research\cases\01_drogue_reefed_3D\system\fvSchemes"
"fvSolution","\openfoam\source_package\gaganyaan_openfoam_v3_3d_canopy_research\gaganyaan_openfoam_v3_3d_canopy_research\cases\01_drogue_reefed_3D\system","","1.05","openfoam\source_package\gaganyaan_openfoam_v3_3d_canopy_research\gaganyaan_openfoam_v3_3d_canopy_research\cases\01_drogue_reefed_3D\system\fvSolution"
"snappyHexMeshDict","\openfoam\source_package\gaganyaan_openfoam_v3_3d_canopy_research\gaganyaan_openfoam_v3_3d_canopy_research\cases\01_drogue_reefed_3D\system","","1.69","openfoam\source_package\gaganyaan_openfoam_v3_3d_canopy_research\gaganyaan_openfoam_v3_3d_canopy_research\cases\01_drogue_reefed_3D\system\snappyHexMeshDict"
"Allclean","\openfoam\source_package\gaganyaan_openfoam_v3_3d_canopy_research\gaganyaan_openfoam_v3_3d_canopy_research\cases\02_drogue_full_3D","","0.1","openfoam\source_package\gaganyaan_openfoam_v3_3d_canopy_research\gaganyaan_openfoam_v3_3d_canopy_research\cases\02_drogue_full_3D\Allclean"
"Allrun","\openfoam\source_package\gaganyaan_openfoam_v3_3d_canopy_research\gaganyaan_openfoam_v3_3d_canopy_research\cases\02_drogue_full_3D","","0.34","openfoam\source_package\gaganyaan_openfoam_v3_3d_canopy_research\gaganyaan_openfoam_v3_3d_canopy_research\cases\02_drogue_full_3D\Allrun"
"k","\openfoam\source_package\gaganyaan_openfoam_v3_3d_canopy_research\gaganyaan_openfoam_v3_3d_canopy_research\cases\02_drogue_full_3D\0","","0.35","openfoam\source_package\gaganyaan_openfoam_v3_3d_canopy_research\gaganyaan_openfoam_v3_3d_canopy_research\cases\02_drogue_full_3D\0\k"
"nut","\openfoam\source_package\gaganyaan_openfoam_v3_3d_canopy_research\gaganyaan_openfoam_v3_3d_canopy_research\cases\02_drogue_full_3D\0","","0.38","openfoam\source_package\gaganyaan_openfoam_v3_3d_canopy_research\gaganyaan_openfoam_v3_3d_canopy_research\cases\02_drogue_full_3D\0\nut"
"omega","\openfoam\source_package\gaganyaan_openfoam_v3_3d_canopy_research\gaganyaan_openfoam_v3_3d_canopy_research\cases\02_drogue_full_3D\0","","0.39","openfoam\source_package\gaganyaan_openfoam_v3_3d_canopy_research\gaganyaan_openfoam_v3_3d_canopy_research\cases\02_drogue_full_3D\0\omega"
"p","\openfoam\source_package\gaganyaan_openfoam_v3_3d_canopy_research\gaganyaan_openfoam_v3_3d_canopy_research\cases\02_drogue_full_3D\0","","0.33","openfoam\source_package\gaganyaan_openfoam_v3_3d_canopy_research\gaganyaan_openfoam_v3_3d_canopy_research\cases\02_drogue_full_3D\0\p"
"U","\openfoam\source_package\gaganyaan_openfoam_v3_3d_canopy_research\gaganyaan_openfoam_v3_3d_canopy_research\cases\02_drogue_full_3D\0","","0.33","openfoam\source_package\gaganyaan_openfoam_v3_3d_canopy_research\gaganyaan_openfoam_v3_3d_canopy_research\cases\02_drogue_full_3D\0\U"
"momentumTransport","\openfoam\source_package\gaganyaan_openfoam_v3_3d_canopy_research\gaganyaan_openfoam_v3_3d_canopy_research\cases\02_drogue_full_3D\constant","","0.22","openfoam\source_package\gaganyaan_openfoam_v3_3d_canopy_research\gaganyaan_openfoam_v3_3d_canopy_research\cases\02_drogue_full_3D\constant\momentumTransport"
"physicalProperties","\openfoam\source_package\gaganyaan_openfoam_v3_3d_canopy_research\gaganyaan_openfoam_v3_3d_canopy_research\cases\02_drogue_full_3D\constant","","0.19","openfoam\source_package\gaganyaan_openfoam_v3_3d_canopy_research\gaganyaan_openfoam_v3_3d_canopy_research\cases\02_drogue_full_3D\constant\physicalProperties"
"turbulenceProperties","\openfoam\source_package\gaganyaan_openfoam_v3_3d_canopy_research\gaganyaan_openfoam_v3_3d_canopy_research\cases\02_drogue_full_3D\constant","","0.23","openfoam\source_package\gaganyaan_openfoam_v3_3d_canopy_research\gaganyaan_openfoam_v3_3d_canopy_research\cases\02_drogue_full_3D\constant\turbulenceProperties"
"canopy.stl","\openfoam\source_package\gaganyaan_openfoam_v3_3d_canopy_research\gaganyaan_openfoam_v3_3d_canopy_research\cases\02_drogue_full_3D\constant\triSurface",".stl","2084.54","openfoam\source_package\gaganyaan_openfoam_v3_3d_canopy_research\gaganyaan_openfoam_v3_3d_canopy_research\cases\02_drogue_full_3D\constant\triSurface\canopy.stl"
"blockMeshDict","\openfoam\source_package\gaganyaan_openfoam_v3_3d_canopy_research\gaganyaan_openfoam_v3_3d_canopy_research\cases\02_drogue_full_3D\system","","0.74","openfoam\source_package\gaganyaan_openfoam_v3_3d_canopy_research\gaganyaan_openfoam_v3_3d_canopy_research\cases\02_drogue_full_3D\system\blockMeshDict"
"controlDict","\openfoam\source_package\gaganyaan_openfoam_v3_3d_canopy_research\gaganyaan_openfoam_v3_3d_canopy_research\cases\02_drogue_full_3D\system","","1.06","openfoam\source_package\gaganyaan_openfoam_v3_3d_canopy_research\gaganyaan_openfoam_v3_3d_canopy_research\cases\02_drogue_full_3D\system\controlDict"
"fvSchemes","\openfoam\source_package\gaganyaan_openfoam_v3_3d_canopy_research\gaganyaan_openfoam_v3_3d_canopy_research\cases\02_drogue_full_3D\system","","0.54","openfoam\source_package\gaganyaan_openfoam_v3_3d_canopy_research\gaganyaan_openfoam_v3_3d_canopy_research\cases\02_drogue_full_3D\system\fvSchemes"
"fvSolution","\openfoam\source_package\gaganyaan_openfoam_v3_3d_canopy_research\gaganyaan_openfoam_v3_3d_canopy_research\cases\02_drogue_full_3D\system","","1.05","openfoam\source_package\gaganyaan_openfoam_v3_3d_canopy_research\gaganyaan_openfoam_v3_3d_canopy_research\cases\02_drogue_full_3D\system\fvSolution"
"snappyHexMeshDict","\openfoam\source_package\gaganyaan_openfoam_v3_3d_canopy_research\gaganyaan_openfoam_v3_3d_canopy_research\cases\02_drogue_full_3D\system","","1.68","openfoam\source_package\gaganyaan_openfoam_v3_3d_canopy_research\gaganyaan_openfoam_v3_3d_canopy_research\cases\02_drogue_full_3D\system\snappyHexMeshDict"
"Allclean","\openfoam\source_package\gaganyaan_openfoam_v3_3d_canopy_research\gaganyaan_openfoam_v3_3d_canopy_research\cases\03_main_reef1_3D","","0.1","openfoam\source_package\gaganyaan_openfoam_v3_3d_canopy_research\gaganyaan_openfoam_v3_3d_canopy_research\cases\03_main_reef1_3D\Allclean"
"Allrun","\openfoam\source_package\gaganyaan_openfoam_v3_3d_canopy_research\gaganyaan_openfoam_v3_3d_canopy_research\cases\03_main_reef1_3D","","0.34","openfoam\source_package\gaganyaan_openfoam_v3_3d_canopy_research\gaganyaan_openfoam_v3_3d_canopy_research\cases\03_main_reef1_3D\Allrun"
"k","\openfoam\source_package\gaganyaan_openfoam_v3_3d_canopy_research\gaganyaan_openfoam_v3_3d_canopy_research\cases\03_main_reef1_3D\0","","0.37","openfoam\source_package\gaganyaan_openfoam_v3_3d_canopy_research\gaganyaan_openfoam_v3_3d_canopy_research\cases\03_main_reef1_3D\0\k"
"nut","\openfoam\source_package\gaganyaan_openfoam_v3_3d_canopy_research\gaganyaan_openfoam_v3_3d_canopy_research\cases\03_main_reef1_3D\0","","0.38","openfoam\source_package\gaganyaan_openfoam_v3_3d_canopy_research\gaganyaan_openfoam_v3_3d_canopy_research\cases\03_main_reef1_3D\0\nut"
"omega","\openfoam\source_package\gaganyaan_openfoam_v3_3d_canopy_research\gaganyaan_openfoam_v3_3d_canopy_research\cases\03_main_reef1_3D\0","","0.36","openfoam\source_package\gaganyaan_openfoam_v3_3d_canopy_research\gaganyaan_openfoam_v3_3d_canopy_research\cases\03_main_reef1_3D\0\omega"
"p","\openfoam\source_package\gaganyaan_openfoam_v3_3d_canopy_research\gaganyaan_openfoam_v3_3d_canopy_research\cases\03_main_reef1_3D\0","","0.33","openfoam\source_package\gaganyaan_openfoam_v3_3d_canopy_research\gaganyaan_openfoam_v3_3d_canopy_research\cases\03_main_reef1_3D\0\p"
"U","\openfoam\source_package\gaganyaan_openfoam_v3_3d_canopy_research\gaganyaan_openfoam_v3_3d_canopy_research\cases\03_main_reef1_3D\0","","0.33","openfoam\source_package\gaganyaan_openfoam_v3_3d_canopy_research\gaganyaan_openfoam_v3_3d_canopy_research\cases\03_main_reef1_3D\0\U"
"momentumTransport","\openfoam\source_package\gaganyaan_openfoam_v3_3d_canopy_research\gaganyaan_openfoam_v3_3d_canopy_research\cases\03_main_reef1_3D\constant","","0.22","openfoam\source_package\gaganyaan_openfoam_v3_3d_canopy_research\gaganyaan_openfoam_v3_3d_canopy_research\cases\03_main_reef1_3D\constant\momentumTransport"
"physicalProperties","\openfoam\source_package\gaganyaan_openfoam_v3_3d_canopy_research\gaganyaan_openfoam_v3_3d_canopy_research\cases\03_main_reef1_3D\constant","","0.19","openfoam\source_package\gaganyaan_openfoam_v3_3d_canopy_research\gaganyaan_openfoam_v3_3d_canopy_research\cases\03_main_reef1_3D\constant\physicalProperties"
"turbulenceProperties","\openfoam\source_package\gaganyaan_openfoam_v3_3d_canopy_research\gaganyaan_openfoam_v3_3d_canopy_research\cases\03_main_reef1_3D\constant","","0.23","openfoam\source_package\gaganyaan_openfoam_v3_3d_canopy_research\gaganyaan_openfoam_v3_3d_canopy_research\cases\03_main_reef1_3D\constant\turbulenceProperties"
"canopy.stl","\openfoam\source_package\gaganyaan_openfoam_v3_3d_canopy_research\gaganyaan_openfoam_v3_3d_canopy_research\cases\03_main_reef1_3D\constant\triSurface",".stl","2084.54","openfoam\source_package\gaganyaan_openfoam_v3_3d_canopy_research\gaganyaan_openfoam_v3_3d_canopy_research\cases\03_main_reef1_3D\constant\triSurface\canopy.stl"
"blockMeshDict","\openfoam\source_package\gaganyaan_openfoam_v3_3d_canopy_research\gaganyaan_openfoam_v3_3d_canopy_research\cases\03_main_reef1_3D\system","","0.85","openfoam\source_package\gaganyaan_openfoam_v3_3d_canopy_research\gaganyaan_openfoam_v3_3d_canopy_research\cases\03_main_reef1_3D\system\blockMeshDict"
"controlDict","\openfoam\source_package\gaganyaan_openfoam_v3_3d_canopy_research\gaganyaan_openfoam_v3_3d_canopy_research\cases\03_main_reef1_3D\system","","1.07","openfoam\source_package\gaganyaan_openfoam_v3_3d_canopy_research\gaganyaan_openfoam_v3_3d_canopy_research\cases\03_main_reef1_3D\system\controlDict"
"fvSchemes","\openfoam\source_package\gaganyaan_openfoam_v3_3d_canopy_research\gaganyaan_openfoam_v3_3d_canopy_research\cases\03_main_reef1_3D\system","","0.54","openfoam\source_package\gaganyaan_openfoam_v3_3d_canopy_research\gaganyaan_openfoam_v3_3d_canopy_research\cases\03_main_reef1_3D\system\fvSchemes"
"fvSolution","\openfoam\source_package\gaganyaan_openfoam_v3_3d_canopy_research\gaganyaan_openfoam_v3_3d_canopy_research\cases\03_main_reef1_3D\system","","1.05","openfoam\source_package\gaganyaan_openfoam_v3_3d_canopy_research\gaganyaan_openfoam_v3_3d_canopy_research\cases\03_main_reef1_3D\system\fvSolution"
"snappyHexMeshDict","\openfoam\source_package\gaganyaan_openfoam_v3_3d_canopy_research\gaganyaan_openfoam_v3_3d_canopy_research\cases\03_main_reef1_3D\system","","1.69","openfoam\source_package\gaganyaan_openfoam_v3_3d_canopy_research\gaganyaan_openfoam_v3_3d_canopy_research\cases\03_main_reef1_3D\system\snappyHexMeshDict"
"Allclean","\openfoam\source_package\gaganyaan_openfoam_v3_3d_canopy_research\gaganyaan_openfoam_v3_3d_canopy_research\cases\04_main_reef2_3D","","0.1","openfoam\source_package\gaganyaan_openfoam_v3_3d_canopy_research\gaganyaan_openfoam_v3_3d_canopy_research\cases\04_main_reef2_3D\Allclean"
"Allrun","\openfoam\source_package\gaganyaan_openfoam_v3_3d_canopy_research\gaganyaan_openfoam_v3_3d_canopy_research\cases\04_main_reef2_3D","","0.34","openfoam\source_package\gaganyaan_openfoam_v3_3d_canopy_research\gaganyaan_openfoam_v3_3d_canopy_research\cases\04_main_reef2_3D\Allrun"
"k","\openfoam\source_package\gaganyaan_openfoam_v3_3d_canopy_research\gaganyaan_openfoam_v3_3d_canopy_research\cases\04_main_reef2_3D\0","","0.35","openfoam\source_package\gaganyaan_openfoam_v3_3d_canopy_research\gaganyaan_openfoam_v3_3d_canopy_research\cases\04_main_reef2_3D\0\k"
"nut","\openfoam\source_package\gaganyaan_openfoam_v3_3d_canopy_research\gaganyaan_openfoam_v3_3d_canopy_research\cases\04_main_reef2_3D\0","","0.38","openfoam\source_package\gaganyaan_openfoam_v3_3d_canopy_research\gaganyaan_openfoam_v3_3d_canopy_research\cases\04_main_reef2_3D\0\nut"
"omega","\openfoam\source_package\gaganyaan_openfoam_v3_3d_canopy_research\gaganyaan_openfoam_v3_3d_canopy_research\cases\04_main_reef2_3D\0","","0.39","openfoam\source_package\gaganyaan_openfoam_v3_3d_canopy_research\gaganyaan_openfoam_v3_3d_canopy_research\cases\04_main_reef2_3D\0\omega"
"p","\openfoam\source_package\gaganyaan_openfoam_v3_3d_canopy_research\gaganyaan_openfoam_v3_3d_canopy_research\cases\04_main_reef2_3D\0","","0.33","openfoam\source_package\gaganyaan_openfoam_v3_3d_canopy_research\gaganyaan_openfoam_v3_3d_canopy_research\cases\04_main_reef2_3D\0\p"
"U","\openfoam\source_package\gaganyaan_openfoam_v3_3d_canopy_research\gaganyaan_openfoam_v3_3d_canopy_research\cases\04_main_reef2_3D\0","","0.33","openfoam\source_package\gaganyaan_openfoam_v3_3d_canopy_research\gaganyaan_openfoam_v3_3d_canopy_research\cases\04_main_reef2_3D\0\U"
"momentumTransport","\openfoam\source_package\gaganyaan_openfoam_v3_3d_canopy_research\gaganyaan_openfoam_v3_3d_canopy_research\cases\04_main_reef2_3D\constant","","0.22","openfoam\source_package\gaganyaan_openfoam_v3_3d_canopy_research\gaganyaan_openfoam_v3_3d_canopy_research\cases\04_main_reef2_3D\constant\momentumTransport"
"physicalProperties","\openfoam\source_package\gaganyaan_openfoam_v3_3d_canopy_research\gaganyaan_openfoam_v3_3d_canopy_research\cases\04_main_reef2_3D\constant","","0.19","openfoam\source_package\gaganyaan_openfoam_v3_3d_canopy_research\gaganyaan_openfoam_v3_3d_canopy_research\cases\04_main_reef2_3D\constant\physicalProperties"
"turbulenceProperties","\openfoam\source_package\gaganyaan_openfoam_v3_3d_canopy_research\gaganyaan_openfoam_v3_3d_canopy_research\cases\04_main_reef2_3D\constant","","0.23","openfoam\source_package\gaganyaan_openfoam_v3_3d_canopy_research\gaganyaan_openfoam_v3_3d_canopy_research\cases\04_main_reef2_3D\constant\turbulenceProperties"
"canopy.stl","\openfoam\source_package\gaganyaan_openfoam_v3_3d_canopy_research\gaganyaan_openfoam_v3_3d_canopy_research\cases\04_main_reef2_3D\constant\triSurface",".stl","2084.54","openfoam\source_package\gaganyaan_openfoam_v3_3d_canopy_research\gaganyaan_openfoam_v3_3d_canopy_research\cases\04_main_reef2_3D\constant\triSurface\canopy.stl"
"blockMeshDict","\openfoam\source_package\gaganyaan_openfoam_v3_3d_canopy_research\gaganyaan_openfoam_v3_3d_canopy_research\cases\04_main_reef2_3D\system","","0.86","openfoam\source_package\gaganyaan_openfoam_v3_3d_canopy_research\gaganyaan_openfoam_v3_3d_canopy_research\cases\04_main_reef2_3D\system\blockMeshDict"
"controlDict","\openfoam\source_package\gaganyaan_openfoam_v3_3d_canopy_research\gaganyaan_openfoam_v3_3d_canopy_research\cases\04_main_reef2_3D\system","","1.06","openfoam\source_package\gaganyaan_openfoam_v3_3d_canopy_research\gaganyaan_openfoam_v3_3d_canopy_research\cases\04_main_reef2_3D\system\controlDict"
"fvSchemes","\openfoam\source_package\gaganyaan_openfoam_v3_3d_canopy_research\gaganyaan_openfoam_v3_3d_canopy_research\cases\04_main_reef2_3D\system","","0.54","openfoam\source_package\gaganyaan_openfoam_v3_3d_canopy_research\gaganyaan_openfoam_v3_3d_canopy_research\cases\04_main_reef2_3D\system\fvSchemes"
"fvSolution","\openfoam\source_package\gaganyaan_openfoam_v3_3d_canopy_research\gaganyaan_openfoam_v3_3d_canopy_research\cases\04_main_reef2_3D\system","","1.05","openfoam\source_package\gaganyaan_openfoam_v3_3d_canopy_research\gaganyaan_openfoam_v3_3d_canopy_research\cases\04_main_reef2_3D\system\fvSolution"
"snappyHexMeshDict","\openfoam\source_package\gaganyaan_openfoam_v3_3d_canopy_research\gaganyaan_openfoam_v3_3d_canopy_research\cases\04_main_reef2_3D\system","","1.69","openfoam\source_package\gaganyaan_openfoam_v3_3d_canopy_research\gaganyaan_openfoam_v3_3d_canopy_research\cases\04_main_reef2_3D\system\snappyHexMeshDict"
"Allclean","\openfoam\source_package\gaganyaan_openfoam_v3_3d_canopy_research\gaganyaan_openfoam_v3_3d_canopy_research\cases\05_main_full_3D","","0.1","openfoam\source_package\gaganyaan_openfoam_v3_3d_canopy_research\gaganyaan_openfoam_v3_3d_canopy_research\cases\05_main_full_3D\Allclean"
"Allrun","\openfoam\source_package\gaganyaan_openfoam_v3_3d_canopy_research\gaganyaan_openfoam_v3_3d_canopy_research\cases\05_main_full_3D","","0.34","openfoam\source_package\gaganyaan_openfoam_v3_3d_canopy_research\gaganyaan_openfoam_v3_3d_canopy_research\cases\05_main_full_3D\Allrun"
"k","\openfoam\source_package\gaganyaan_openfoam_v3_3d_canopy_research\gaganyaan_openfoam_v3_3d_canopy_research\cases\05_main_full_3D\0","","0.36","openfoam\source_package\gaganyaan_openfoam_v3_3d_canopy_research\gaganyaan_openfoam_v3_3d_canopy_research\cases\05_main_full_3D\0\k"
"nut","\openfoam\source_package\gaganyaan_openfoam_v3_3d_canopy_research\gaganyaan_openfoam_v3_3d_canopy_research\cases\05_main_full_3D\0","","0.38","openfoam\source_package\gaganyaan_openfoam_v3_3d_canopy_research\gaganyaan_openfoam_v3_3d_canopy_research\cases\05_main_full_3D\0\nut"
"omega","\openfoam\source_package\gaganyaan_openfoam_v3_3d_canopy_research\gaganyaan_openfoam_v3_3d_canopy_research\cases\05_main_full_3D\0","","0.39","openfoam\source_package\gaganyaan_openfoam_v3_3d_canopy_research\gaganyaan_openfoam_v3_3d_canopy_research\cases\05_main_full_3D\0\omega"
"p","\openfoam\source_package\gaganyaan_openfoam_v3_3d_canopy_research\gaganyaan_openfoam_v3_3d_canopy_research\cases\05_main_full_3D\0","","0.33","openfoam\source_package\gaganyaan_openfoam_v3_3d_canopy_research\gaganyaan_openfoam_v3_3d_canopy_research\cases\05_main_full_3D\0\p"
"U","\openfoam\source_package\gaganyaan_openfoam_v3_3d_canopy_research\gaganyaan_openfoam_v3_3d_canopy_research\cases\05_main_full_3D\0","","0.33","openfoam\source_package\gaganyaan_openfoam_v3_3d_canopy_research\gaganyaan_openfoam_v3_3d_canopy_research\cases\05_main_full_3D\0\U"
"momentumTransport","\openfoam\source_package\gaganyaan_openfoam_v3_3d_canopy_research\gaganyaan_openfoam_v3_3d_canopy_research\cases\05_main_full_3D\constant","","0.22","openfoam\source_package\gaganyaan_openfoam_v3_3d_canopy_research\gaganyaan_openfoam_v3_3d_canopy_research\cases\05_main_full_3D\constant\momentumTransport"
"physicalProperties","\openfoam\source_package\gaganyaan_openfoam_v3_3d_canopy_research\gaganyaan_openfoam_v3_3d_canopy_research\cases\05_main_full_3D\constant","","0.19","openfoam\source_package\gaganyaan_openfoam_v3_3d_canopy_research\gaganyaan_openfoam_v3_3d_canopy_research\cases\05_main_full_3D\constant\physicalProperties"
"turbulenceProperties","\openfoam\source_package\gaganyaan_openfoam_v3_3d_canopy_research\gaganyaan_openfoam_v3_3d_canopy_research\cases\05_main_full_3D\constant","","0.23","openfoam\source_package\gaganyaan_openfoam_v3_3d_canopy_research\gaganyaan_openfoam_v3_3d_canopy_research\cases\05_main_full_3D\constant\turbulenceProperties"
"canopy.stl","\openfoam\source_package\gaganyaan_openfoam_v3_3d_canopy_research\gaganyaan_openfoam_v3_3d_canopy_research\cases\05_main_full_3D\constant\triSurface",".stl","2084.54","openfoam\source_package\gaganyaan_openfoam_v3_3d_canopy_research\gaganyaan_openfoam_v3_3d_canopy_research\cases\05_main_full_3D\constant\triSurface\canopy.stl"
"blockMeshDict","\openfoam\source_package\gaganyaan_openfoam_v3_3d_canopy_research\gaganyaan_openfoam_v3_3d_canopy_research\cases\05_main_full_3D\system","","0.72","openfoam\source_package\gaganyaan_openfoam_v3_3d_canopy_research\gaganyaan_openfoam_v3_3d_canopy_research\cases\05_main_full_3D\system\blockMeshDict"
"controlDict","\openfoam\source_package\gaganyaan_openfoam_v3_3d_canopy_research\gaganyaan_openfoam_v3_3d_canopy_research\cases\05_main_full_3D\system","","1.06","openfoam\source_package\gaganyaan_openfoam_v3_3d_canopy_research\gaganyaan_openfoam_v3_3d_canopy_research\cases\05_main_full_3D\system\controlDict"
"fvSchemes","\openfoam\source_package\gaganyaan_openfoam_v3_3d_canopy_research\gaganyaan_openfoam_v3_3d_canopy_research\cases\05_main_full_3D\system","","0.54","openfoam\source_package\gaganyaan_openfoam_v3_3d_canopy_research\gaganyaan_openfoam_v3_3d_canopy_research\cases\05_main_full_3D\system\fvSchemes"
"fvSolution","\openfoam\source_package\gaganyaan_openfoam_v3_3d_canopy_research\gaganyaan_openfoam_v3_3d_canopy_research\cases\05_main_full_3D\system","","1.05","openfoam\source_package\gaganyaan_openfoam_v3_3d_canopy_research\gaganyaan_openfoam_v3_3d_canopy_research\cases\05_main_full_3D\system\fvSolution"
"snappyHexMeshDict","\openfoam\source_package\gaganyaan_openfoam_v3_3d_canopy_research\gaganyaan_openfoam_v3_3d_canopy_research\cases\05_main_full_3D\system","","1.68","openfoam\source_package\gaganyaan_openfoam_v3_3d_canopy_research\gaganyaan_openfoam_v3_3d_canopy_research\cases\05_main_full_3D\system\snappyHexMeshDict"
"research_workflow.md","\openfoam\source_package\gaganyaan_openfoam_v3_3d_canopy_research\gaganyaan_openfoam_v3_3d_canopy_research\notes",".md","1.01","openfoam\source_package\gaganyaan_openfoam_v3_3d_canopy_research\gaganyaan_openfoam_v3_3d_canopy_research\notes\research_workflow.md"
"short_update_to_scientist.txt","\openfoam\source_package\gaganyaan_openfoam_v3_3d_canopy_research\gaganyaan_openfoam_v3_3d_canopy_research\notes",".txt","0.51","openfoam\source_package\gaganyaan_openfoam_v3_3d_canopy_research\gaganyaan_openfoam_v3_3d_canopy_research\notes\short_update_to_scientist.txt"
"build_coupled_stage_profile.py","\openfoam\source_package\gaganyaan_openfoam_v3_3d_canopy_research\gaganyaan_openfoam_v3_3d_canopy_research\scripts",".py","1.23","openfoam\source_package\gaganyaan_openfoam_v3_3d_canopy_research\gaganyaan_openfoam_v3_3d_canopy_research\scripts\build_coupled_stage_profile.py"
"extract_cd_all.py","\openfoam\source_package\gaganyaan_openfoam_v3_3d_canopy_research\gaganyaan_openfoam_v3_3d_canopy_research\scripts",".py","3.2","openfoam\source_package\gaganyaan_openfoam_v3_3d_canopy_research\gaganyaan_openfoam_v3_3d_canopy_research\scripts\extract_cd_all.py"
"generate_canopy_stls.py","\openfoam\source_package\gaganyaan_openfoam_v3_3d_canopy_research\gaganyaan_openfoam_v3_3d_canopy_research\scripts",".py","4.03","openfoam\source_package\gaganyaan_openfoam_v3_3d_canopy_research\gaganyaan_openfoam_v3_3d_canopy_research\scripts\generate_canopy_stls.py"
"stage_conditions.csv","\openfoam\source_package\gaganyaan_openfoam_v3_3d_canopy_research\gaganyaan_openfoam_v3_3d_canopy_research\stage_conditions",".csv","0.9","openfoam\source_package\gaganyaan_openfoam_v3_3d_canopy_research\gaganyaan_openfoam_v3_3d_canopy_research\stage_conditions\stage_conditions.csv"
"all_stage_cd_summary.csv","\results\csv",".csv","1.93","results\csv\all_stage_cd_summary.csv"
"matlab_openfoam_coupled_stage_profile.csv","\results\csv",".csv","1.1","results\csv\matlab_openfoam_coupled_stage_profile.csv"
"report_cd_summary_clean.csv","\results\csv",".csv","0.47","results\csv\report_cd_summary_clean.csv"
"step3_monte_carlo_samples.csv","\results\csv\monte_carlo",".csv","172.86","results\csv\monte_carlo\step3_monte_carlo_samples.csv"
"step3_monte_carlo_summary.csv","\results\csv\monte_carlo",".csv","0.47","results\csv\monte_carlo\step3_monte_carlo_summary.csv"
"11_monte_carlo_velocity_altitude_95ci.png","\results\figures\monte_carlo_figures",".png","111.41","results\figures\monte_carlo_figures\11_monte_carlo_velocity_altitude_95ci.png"
"12_monte_carlo_time_history_95ci.png","\results\figures\monte_carlo_figures",".png","147.11","results\figures\monte_carlo_figures\12_monte_carlo_time_history_95ci.png"
"13_monte_carlo_output_histograms.png","\results\figures\monte_carlo_figures",".png","110.6","results\figures\monte_carlo_figures\13_monte_carlo_output_histograms.png"
"14_monte_carlo_deceleration_95ci.png","\results\figures\monte_carlo_figures",".png","95.48","results\figures\monte_carlo_figures\14_monte_carlo_deceleration_95ci.png"
"Figure_10_Main_Reef_Stage_1_Velocity_Cross_Section.png.png","\results\figures\openfoam_figures",".png","45.4","results\figures\openfoam_figures\Figure_10_Main_Reef_Stage_1_Velocity_Cross_Section.png.png"
"Figure_11_Main_Reef_Stage_1_Pressure_Cross_Section.png.png","\results\figures\openfoam_figures",".png","28.66","results\figures\openfoam_figures\Figure_11_Main_Reef_Stage_1_Pressure_Cross_Section.png.png"
"Figure_14_Main_Full_Open_Canopy_Geometry.png.png","\results\figures\openfoam_figures",".png","108.38","results\figures\openfoam_figures\Figure_14_Main_Full_Open_Canopy_Geometry.png.png"
"Figure_15_Main_Full_Open_Velocity_Cross_Section.png.png","\results\figures\openfoam_figures",".png","60.85","results\figures\openfoam_figures\Figure_15_Main_Full_Open_Velocity_Cross_Section.png.png"
"Figure_16_OpenFOAM_Cd_vs_MATLAB_Target_Comparison.png","\results\figures\openfoam_figures",".png","128.53","results\figures\openfoam_figures\Figure_16_OpenFOAM_Cd_vs_MATLAB_Target_Comparison.png"
"Figure_1_3D_Reefed_Drogue_Canopy_Geometry.png","\results\figures\openfoam_figures",".png","27.09","results\figures\openfoam_figures\Figure_1_3D_Reefed_Drogue_Canopy_Geometry.png"
"Figure_2_Drogue_Reefed_Velocity_Wake_Slice.png.png","\results\figures\openfoam_figures",".png","103.26","results\figures\openfoam_figures\Figure_2_Drogue_Reefed_Velocity_Wake_Slice.png.png"
"Figure_3_Velocity_Magnitude_Slice_Reefed_Drogue.png.png","\results\figures\openfoam_figures",".png","19.66","results\figures\openfoam_figures\Figure_3_Velocity_Magnitude_Slice_Reefed_Drogue.png.png"
"Figure_4_Pressure_Contour_Slice_Reefed_Drogue.png.png","\results\figures\openfoam_figures",".png","17.2","results\figures\openfoam_figures\Figure_4_Pressure_Contour_Slice_Reefed_Drogue.png.png"
"Figure_5_Streamlines_Around_Reefed_Drogue_Canopy.png.png","\results\figures\openfoam_figures",".png","34.43","results\figures\openfoam_figures\Figure_5_Streamlines_Around_Reefed_Drogue_Canopy.png.png"
"Figure_6_Drogue_Full_Open_Canopy_Geometry.png.png","\results\figures\openfoam_figures",".png","127.84","results\figures\openfoam_figures\Figure_6_Drogue_Full_Open_Canopy_Geometry.png.png"
"Figure_7_Drogue_Full_Open_Velocity_Cross_Section.png.png","\results\figures\openfoam_figures",".png","43.14","results\figures\openfoam_figures\Figure_7_Drogue_Full_Open_Velocity_Cross_Section.png.png"
"Figure_8_Drogue_Full_Open_Pressure_Cross_Section.png.png","\results\figures\openfoam_figures",".png","30.93","results\figures\openfoam_figures\Figure_8_Drogue_Full_Open_Pressure_Cross_Section.png.png"
"Figure_9_Main_Reef_Stage_1_Canopy_Geometry.png.png","\results\figures\openfoam_figures",".png","115.26","results\figures\openfoam_figures\Figure_9_Main_Reef_Stage_1_Canopy_Geometry.png.png"
"MASTER_TABLE_INDEX.csv","\results\tables",".csv","4.86","results\tables\MASTER_TABLE_INDEX.csv"
"README_TABLE_DATA.md","\results\tables",".md","1.09","results\tables\README_TABLE_DATA.md"
"all_stage_cd_summary.csv","\results\tables\01_stagewise_cd_tables",".csv","1.93","results\tables\01_stagewise_cd_tables\all_stage_cd_summary.csv"
"report_cd_summary_clean.csv","\results\tables\01_stagewise_cd_tables",".csv","0.47","results\tables\01_stagewise_cd_tables\report_cd_summary_clean.csv"
"matlab_openfoam_coupled_stage_profile.csv","\results\tables\02_matlab_openfoam_coupled_profile",".csv","1.1","results\tables\02_matlab_openfoam_coupled_profile\matlab_openfoam_coupled_stage_profile.csv"
"gaganyaan_step3_outputs_step3_monte_carlo_samples.csv","\results\tables\03_monte_carlo_tables",".csv","172.86","results\tables\03_monte_carlo_tables\gaganyaan_step3_outputs_step3_monte_carlo_samples.csv"
"gaganyaan_step3_outputs_step3_monte_carlo_summary.csv","\results\tables\03_monte_carlo_tables",".csv","0.47","results\tables\03_monte_carlo_tables\gaganyaan_step3_outputs_step3_monte_carlo_summary.csv"
"step3_monte_carlo_samples.csv","\results\tables\03_monte_carlo_tables",".csv","172.86","results\tables\03_monte_carlo_tables\step3_monte_carlo_samples.csv"
"step3_monte_carlo_summary.csv","\results\tables\03_monte_carlo_tables",".csv","0.47","results\tables\03_monte_carlo_tables\step3_monte_carlo_summary.csv"
"forceCoeffs.dat","\results\tables\04_openfoam_force_coefficients\01_drogue_reefed_3D",".dat","4.23","results\tables\04_openfoam_force_coefficients\01_drogue_reefed_3D\forceCoeffs.dat"
"forceCoeffs_clean.csv","\results\tables\04_openfoam_force_coefficients\01_drogue_reefed_3D",".csv","3.05","results\tables\04_openfoam_force_coefficients\01_drogue_reefed_3D\forceCoeffs_clean.csv"
"forceCoeffs.dat","\results\tables\04_openfoam_force_coefficients\02_drogue_full_3D",".dat","4.23","results\tables\04_openfoam_force_coefficients\02_drogue_full_3D\forceCoeffs.dat"
"forceCoeffs_clean.csv","\results\tables\04_openfoam_force_coefficients\02_drogue_full_3D",".csv","3.24","results\tables\04_openfoam_force_coefficients\02_drogue_full_3D\forceCoeffs_clean.csv"
"forceCoeffs.dat","\results\tables\04_openfoam_force_coefficients\03_main_reef1_3D",".dat","4.7","results\tables\04_openfoam_force_coefficients\03_main_reef1_3D\forceCoeffs.dat"
"forceCoeffs_clean.csv","\results\tables\04_openfoam_force_coefficients\03_main_reef1_3D",".csv","3.64","results\tables\04_openfoam_force_coefficients\03_main_reef1_3D\forceCoeffs_clean.csv"
"forceCoeffs.dat","\results\tables\04_openfoam_force_coefficients\04_main_reef2_3D",".dat","4.69","results\tables\04_openfoam_force_coefficients\04_main_reef2_3D\forceCoeffs.dat"
"forceCoeffs_clean.csv","\results\tables\04_openfoam_force_coefficients\04_main_reef2_3D",".csv","3.61","results\tables\04_openfoam_force_coefficients\04_main_reef2_3D\forceCoeffs_clean.csv"
"forceCoeffs.dat","\results\tables\04_openfoam_force_coefficients\05_main_full_3D",".dat","5.15","results\tables\04_openfoam_force_coefficients\05_main_full_3D\forceCoeffs.dat"
"forceCoeffs_clean.csv","\results\tables\04_openfoam_force_coefficients\05_main_full_3D",".csv","4.03","results\tables\04_openfoam_force_coefficients\05_main_full_3D\forceCoeffs_clean.csv"
"gaganyaan_step2_outputs_step2_nominal_time_history.csv","\results\tables\05_matlab_raw_tables",".csv","179.16","results\tables\05_matlab_raw_tables\gaganyaan_step2_outputs_step2_nominal_time_history.csv"
"gaganyaan_step3_outputs_step3_monte_carlo_samples.csv","\results\tables\05_matlab_raw_tables",".csv","172.86","results\tables\05_matlab_raw_tables\gaganyaan_step3_outputs_step3_monte_carlo_samples.csv"
"gaganyaan_step3_outputs_step3_monte_carlo_summary.csv","\results\tables\05_matlab_raw_tables",".csv","0.47","results\tables\05_matlab_raw_tables\gaganyaan_step3_outputs_step3_monte_carlo_summary.csv"
"gaganyaan_step4_outputs_step4_3d_summary.csv","\results\tables\05_matlab_raw_tables",".csv","0.32","results\tables\05_matlab_raw_tables\gaganyaan_step4_outputs_step4_3d_summary.csv"
"gaganyaan_step4_outputs_step4_nominal_3d_trajectory.csv","\results\tables\05_matlab_raw_tables",".csv","206.22","results\tables\05_matlab_raw_tables\gaganyaan_step4_outputs_step4_nominal_3d_trajectory.csv"
"Table_1_Stagewise_Cd_Comparison_Report_Ready.csv","\results\tables\07_report_ready_tables",".csv","0.71","results\tables\07_report_ready_tables\Table_1_Stagewise_Cd_Comparison_Report_Ready.csv"
"log.blockMesh","\results\tables\08_logs_and_mesh_quality\01_drogue_reefed_3D",".blockMesh","1.99","results\tables\08_logs_and_mesh_quality\01_drogue_reefed_3D\log.blockMesh"
"log.checkMesh","\results\tables\08_logs_and_mesh_quality\01_drogue_reefed_3D",".checkMesh","3.02","results\tables\08_logs_and_mesh_quality\01_drogue_reefed_3D\log.checkMesh"
"log.foamRun","\results\tables\08_logs_and_mesh_quality\01_drogue_reefed_3D",".foamRun","652.08","results\tables\08_logs_and_mesh_quality\01_drogue_reefed_3D\log.foamRun"
"log.snappyHexMesh","\results\tables\08_logs_and_mesh_quality\01_drogue_reefed_3D",".snappyHexMesh","23.13","results\tables\08_logs_and_mesh_quality\01_drogue_reefed_3D\log.snappyHexMesh"
"log.blockMesh","\results\tables\08_logs_and_mesh_quality\02_drogue_full_3D",".blockMesh","1.97","results\tables\08_logs_and_mesh_quality\02_drogue_full_3D\log.blockMesh"
"log.checkMesh","\results\tables\08_logs_and_mesh_quality\02_drogue_full_3D",".checkMesh","2.91","results\tables\08_logs_and_mesh_quality\02_drogue_full_3D\log.checkMesh"
"log.foamRun","\results\tables\08_logs_and_mesh_quality\02_drogue_full_3D",".foamRun","655.07","results\tables\08_logs_and_mesh_quality\02_drogue_full_3D\log.foamRun"
"log.snappyHexMesh","\results\tables\08_logs_and_mesh_quality\02_drogue_full_3D",".snappyHexMesh","22.36","results\tables\08_logs_and_mesh_quality\02_drogue_full_3D\log.snappyHexMesh"
"log.blockMesh","\results\tables\08_logs_and_mesh_quality\03_main_reef1_3D",".blockMesh","2","results\tables\08_logs_and_mesh_quality\03_main_reef1_3D\log.blockMesh"
"log.checkMesh","\results\tables\08_logs_and_mesh_quality\03_main_reef1_3D",".checkMesh","2.94","results\tables\08_logs_and_mesh_quality\03_main_reef1_3D\log.checkMesh"
"log.foamRun","\results\tables\08_logs_and_mesh_quality\03_main_reef1_3D",".foamRun","737.05","results\tables\08_logs_and_mesh_quality\03_main_reef1_3D\log.foamRun"
"log.snappyHexMesh","\results\tables\08_logs_and_mesh_quality\03_main_reef1_3D",".snappyHexMesh","21.75","results\tables\08_logs_and_mesh_quality\03_main_reef1_3D\log.snappyHexMesh"
"log.blockMesh","\results\tables\08_logs_and_mesh_quality\04_main_reef2_3D",".blockMesh","1.99","results\tables\08_logs_and_mesh_quality\04_main_reef2_3D\log.blockMesh"
"log.checkMesh","\results\tables\08_logs_and_mesh_quality\04_main_reef2_3D",".checkMesh","2.94","results\tables\08_logs_and_mesh_quality\04_main_reef2_3D\log.checkMesh"
"log.foamRun","\results\tables\08_logs_and_mesh_quality\04_main_reef2_3D",".foamRun","736.6","results\tables\08_logs_and_mesh_quality\04_main_reef2_3D\log.foamRun"
"log.snappyHexMesh","\results\tables\08_logs_and_mesh_quality\04_main_reef2_3D",".snappyHexMesh","22.91","results\tables\08_logs_and_mesh_quality\04_main_reef2_3D\log.snappyHexMesh"
"log.blockMesh","\results\tables\08_logs_and_mesh_quality\05_main_full_3D",".blockMesh","1.97","results\tables\08_logs_and_mesh_quality\05_main_full_3D\log.blockMesh"
"log.checkMesh","\results\tables\08_logs_and_mesh_quality\05_main_full_3D",".checkMesh","2.94","results\tables\08_logs_and_mesh_quality\05_main_full_3D\log.checkMesh"
"log.foamRun","\results\tables\08_logs_and_mesh_quality\05_main_full_3D",".foamRun","818.83","results\tables\08_logs_and_mesh_quality\05_main_full_3D\log.foamRun"
"log.snappyHexMesh","\results\tables\08_logs_and_mesh_quality\05_main_full_3D",".snappyHexMesh","25.16","results\tables\08_logs_and_mesh_quality\05_main_full_3D\log.snappyHexMesh"
"01_drogue_reefed_3D_forceCoeffs_clean.csv","\results\tables\09_all_csv_backup",".csv","3.05","results\tables\09_all_csv_backup\01_drogue_reefed_3D_forceCoeffs_clean.csv"
"02_drogue_full_3D_forceCoeffs_clean.csv","\results\tables\09_all_csv_backup",".csv","3.24","results\tables\09_all_csv_backup\02_drogue_full_3D_forceCoeffs_clean.csv"
"03_main_reef1_3D_forceCoeffs_clean.csv","\results\tables\09_all_csv_backup",".csv","3.64","results\tables\09_all_csv_backup\03_main_reef1_3D_forceCoeffs_clean.csv"
"04_main_reef2_3D_forceCoeffs_clean.csv","\results\tables\09_all_csv_backup",".csv","3.61","results\tables\09_all_csv_backup\04_main_reef2_3D_forceCoeffs_clean.csv"
"05_main_full_3D_forceCoeffs_clean.csv","\results\tables\09_all_csv_backup",".csv","4.03","results\tables\09_all_csv_backup\05_main_full_3D_forceCoeffs_clean.csv"
"all_stage_cd_summary.csv","\results\tables\09_all_csv_backup",".csv","1.93","results\tables\09_all_csv_backup\all_stage_cd_summary.csv"
"gaganyaan_step2_outputs_step2_nominal_time_history.csv","\results\tables\09_all_csv_backup",".csv","179.16","results\tables\09_all_csv_backup\gaganyaan_step2_outputs_step2_nominal_time_history.csv"
"gaganyaan_step3_outputs_step3_monte_carlo_samples.csv","\results\tables\09_all_csv_backup",".csv","172.86","results\tables\09_all_csv_backup\gaganyaan_step3_outputs_step3_monte_carlo_samples.csv"
"gaganyaan_step3_outputs_step3_monte_carlo_summary.csv","\results\tables\09_all_csv_backup",".csv","0.47","results\tables\09_all_csv_backup\gaganyaan_step3_outputs_step3_monte_carlo_summary.csv"
"gaganyaan_step4_outputs_step4_3d_summary.csv","\results\tables\09_all_csv_backup",".csv","0.32","results\tables\09_all_csv_backup\gaganyaan_step4_outputs_step4_3d_summary.csv"
"gaganyaan_step4_outputs_step4_nominal_3d_trajectory.csv","\results\tables\09_all_csv_backup",".csv","206.22","results\tables\09_all_csv_backup\gaganyaan_step4_outputs_step4_nominal_3d_trajectory.csv"
"matlab_openfoam_coupled_stage_profile.csv","\results\tables\09_all_csv_backup",".csv","1.1","results\tables\09_all_csv_backup\matlab_openfoam_coupled_stage_profile.csv"
"report_cd_summary_clean.csv","\results\tables\09_all_csv_backup",".csv","0.47","results\tables\09_all_csv_backup\report_cd_summary_clean.csv"
"step3_monte_carlo_samples.csv","\results\tables\09_all_csv_backup",".csv","172.86","results\tables\09_all_csv_backup\step3_monte_carlo_samples.csv"
"step3_monte_carlo_summary.csv","\results\tables\09_all_csv_backup",".csv","0.47","results\tables\09_all_csv_backup\step3_monte_carlo_summary.csv"
"matlab_vs_openfoam_validation.md","\validation",".md","0.29","validation\matlab_vs_openfoam_validation.md"
