runIndex,capsuleCdScale,drogueCdScale,mainCdScale,mass_kg,densityScaleFactor,drogueDeployAltitudeOffset_m,mainDeployAltitudeOffset_m,touchdownVelocity_mps,totalDescentTime_s,peakDeceleration_g
1,0.974908023769472,1.09014286128198,1.04639878836228,6509.8658484197,0.979361118426546,-137.602191865519,-176.76655513272,8.88977887495582,351.862542477961,3.42649663757807
2,1.07323522915499,1.02022300234864,1.04161451555921,6452.05844942958,1.02819459112972,132.977056320169,-115.06435572869,8.65498859751455,368.210555588925,3.05318795085715
3,0.93636499344142,0.936680901970687,0.960848448591908,6502.47564316322,0.995916701118527,-83.5083439207832,44.7411578889518,9.19353230494809,355.819013351034,3.21982000710187
4,0.927898772130408,0.958428929707044,0.973272368658738,6495.6069984217,1.01711055768358,-120.130487136656,5.69377536544464,9.03465407341117,359.011765611495,3.27414436124573
5,1.01848291377241,0.909290082544,1.02150897038029,6467.05241236873,0.973903095579117,179.554214901333,186.252813229824,8.99139223493288,374.20412745176,2.99183139467695
6,1.06167946962329,0.960922753834674,0.919534422801277,6518.42330265122,0.996409149624376,-151.184706062088,-1.92923595549193,9.4026565328127,349.456949899719,2.96127241049389
7,0.906877704223044,1.08186408041576,0.951755996320003,6516.2522284354,0.988702664565365,8.02720847112433,18.6841117373119,9.28135852804254,356.731535326839,3.6078527001633
8,0.936970891105105,1.09391692555291,1.05502656467222,6543.94989415642,1.02368964102566,39.1599915244341,168.749694009247,8.68309875036517,390.02496577849,3.53176823010854
9,0.917698500410384,0.939196572483829,0.909045457782108,6482.53303307633,0.993320637381369,-91.4603872904416,131.495003660772,9.44892093597307,355.262717362508,3.27265524751232
10,0.971350665338718,0.956186901937476,1.00853921663165,6464.09242249748,1.01813181884524,-170.179742528092,194.754774640207,8.84898996511913,381.025897417367,3.14768998735224
11,1.05444895385933,0.939743136306834,0.901104423424721,6531.54614284548,1.01241144063086,91.6028672163949,108.508138674378,9.43206089385177,358.437417624616,2.95271289283558
12,0.914808930346818,0.971693145708855,0.923173811905026,6536.31034258756,1.00739788760965,-67.6407900589403,-174.576659885591,9.34955161060865,335.75553513288,3.34951392429218
13,0.962196464343132,0.965036664405349,1.04592123566761,6513.75574713552,1.02323276455458,-11.1140299352203,-152.162301624679,8.70189268148942,357.233132148447,3.20514746146281
14,1.0426489574446,1.05215700972338,1.0122554395139,6527.09671799546,0.999627735781863,9.09313175279762,-28.9835926565802,8.95592650876257,364.053689888345,3.18970648690189
15,0.905083825348819,0.921578285398661,0.906285837137347,6513.64104112638,0.98886135886458,3.42827646588111,163.026589570437,9.50762792686722,355.099505460476,3.28097349450924
16,0.949858445829775,0.982076584607126,1.05111022770861,6472.87981654916,0.974618794589728,-84.0994188344928,-135.511485098398,8.86673308105327,351.377345491366,3.28651541066968
17,1.08593953046851,1.06162407591288,1.02668075130208,6537.14605901877,1.01822032461395,-125.371976445586,157.023599395991,8.81730163883475,384.980840673723,3.08321265388549
18,1.00786844838313,1.06148803103281,1.0792182599847,6481.80034749719,0.976603115471661,-108.825934983223,-29.1568845494975,8.74689145351519,368.148406263305,3.28949737464718
19,1.0636029531845,1.07214611665127,0.901390426106238,6501.07473025776,0.995044660188927,-111.156875811708,-152.053853066527,9.49007467284856,340.555216898209,3.16474809369241
20,0.967523034280726,1.0885819407825,0.964640586404151,6501.87906217434,1.01218113753371,-54.5481590482824,188.712833088384,9.10029145151892,377.976068380143,3.43096451552761
21,1.09248945898842,0.950356459165073,0.999449701178477,6480.08783098168,0.987090429662648,-185.245221058187,43.8257335919587,9.03599488624331,363.00859802088,2.87308770441876
22,1.00053580464577,0.910295750249998,0.955729292847322,6540.82658859667,0.984373713440018,-142.042051163511,-4.21889588897479,9.29759529696189,347.867738218153,3.00968881000679
23,1.09713009082212,0.9484110543023,1.03442710948118,6526.16196153287,0.984258252639544,91.2865394447438,-52.8867469122987,8.92696341057066,359.166476273528,2.89182539979376
24,1.02646116611872,1.02670594215218,1.00715493681495,6459.02897700544,1.02011814973535,-71.6879740113057,-125.392595840058,8.8416782634289,359.411110240573,3.15610395008332
25,0.908155028310953,1.01817858863765,1.03551287236846,6451.65878289279,1.00072558349796,-109.401689920825,58.0691161637799,8.80208969967786,371.842560748871,3.45556290140317
26,0.934873285800998,1.03818754762049,0.977347069260108,6543.67299887367,0.97825125664876,-63.5734595798966,-154.610591503764,9.22707477857022,341.832758038507,3.44357925075758
27,1.08493872365571,1.0754678706762,0.951588325543031,6515.99840460342,1.01903333201207,22.0803246397849,11.8602313424026,9.13827812857012,365.342739549038,3.12329715077798
28,0.94837045818009,0.91862055356118,1.07944315159067,6540.04180571633,1.0079860874364,-64.3880835805197,-60.3161701549356,8.648556385866,362.963445176077,3.14867740506215
29,1.04519113577405,1.07942205199052,1.07741728485302,6527.98755458576,1.00852189876926,-166.34401400198,-135.348514362155,8.64433895840184,364.835387665613,3.21048734560054
30,1.07971083770542,1.02128581193192,0.901839410323326,6460.1471542866,1.00981010614648,-197.975366461513,-135.676779433001,9.38793342481249,343.381390388251,3.01435625719636
31,1.00974675787332,1.03837903953854,1.03039225190052,6472.42693094606,1.01273075328085,-105.10036500128,-69.8401207362929,8.78321211598825,365.116196579146,3.22038361033903
32,1.0492982810236,1.02992657980944,1.06984468209884,6515.76128923003,1.00409851620013,-162.530092868763,-52.9136787762266,8.68559388443438,368.588866641099,3.11252998757755
33,0.953040473536345,0.948797928675817,1.09460211095049,6489.30977246668,1.02352279331063,52.4554503989052,117.924521416659,8.49002641942448,387.033355846042,3.19827149660783
34,1.00052741862104,1.01538077692527,0.998503538763773,6469.5242987798,1.01334712691569,-87.6910550236577,-190.273613427418,8.91718662087864,350.265552764049,3.20217147936656
35,1.02909445918143,0.93542213588141,1.08809171687058,6545.39285770026,1.02489186341323,-51.9365198978222,-193.817353388453,8.54473402912195,357.842264193422,3.00133622080938
36,1.08566371251755,0.985636829663463,1.09333096380873,6546.36199770893,1.02118056732804,-82.2204431721657,-45.9609085592299,8.53928900892604,373.843534801207,2.94998272171658
37,1.07022733430337,0.963384401031256,0.933898549337218,6505.68012624583,1.02616928644965,78.4119186699892,28.024468035746,9.1848905055932,361.262485028848,2.95314977074198
38,0.919435298754154,1.02300144533983,1.09801077002085,6464.00840152365,1.00109977914182,150.949228771182,96.3074471016818,8.55529651780025,384.928817319658,3.45610764878103
39,1.03940314819905,1.04049681679742,0.971898230243951,6479.35918442645,1.01856166932871,124.045357871672,146.828927432041,9.02055235635623,378.242209290108,3.17288520280163
40,1.08264811051129,1.00226847977219,1.00030325893744,6529.82951789668,1.00899783584667,80.7867509030813,118.31706777444,8.96799650167841,375.457469218368,3.00977478022974
41,1.07800106836351,0.967599031370307,0.975116590527989,6459.39819398409,1.00469680845977,-185.623090481303,-13.7607927470159,9.05275716592177,359.530989182374,2.92512979913142
42,1.00852892694152,0.957308250425657,1.0181666521138,6453.05002499391,0.972240891324953,129.040224263863,-55.9237434354948,9.0042231130205,355.52914844917,3.10816463378763
43,0.925412102530377,1.00444865201096,1.05399871061972,6471.58210274968,1.00737342854914,-165.861014002493,-179.327311532557,8.709087657031,354.124830737098,3.37440147024538
44,1.00627092631363,1.00812702432202,1.02748598029964,6522.60913337227,1.02855112476775,6.52013932047812,-70.8174108235016,8.76148590841403,365.520553226413,3.17857723580321
45,1.05903723895374,0.954166450252415,0.987794284141127,6457.84563813423,0.971521044604927,185.05936587117,134.392048204882,9.14649739912417,367.9717979081,2.99344529998956
46,1.03919484121874,0.981790588882854,0.934658864014169,6465.64370426711,0.985014573889876,19.6906658824482,85.8383690800249,9.34301808873827,359.120695513695,3.0693848058151
47,1.03203947534355,0.955986779389189,1.09097305613264,6523.78969166958,1.00326124315068,44.6882984937409,-32.159975028884,8.61072142599152,370.362842533257,3.03388314132201
48,0.949546197900232,0.971194535730252,1.05156922209287,6451.43934886298,0.976964358430415,-181.598943191299,-183.708479072412,8.83947479885767,347.364077840317,3.25473007274681
49,1.0710921168022,1.040731571876,0.994834765817465,6459.7834160651,0.99949695250701,-10.6112916877737,-130.719252035994,8.98679717224513,355.446466835651,3.09535140006968
50,0.986770329847595,0.979700946879475,1.02317001961044,6513.50936508676,0.972718240586323,-50.1549541494115,50.3439662856945,9.02256335468566,362.669381037992,3.19422233106418
51,1.00062725171602,1.07129796823766,1.03173872632379,6466.29344270814,0.974234124844026,56.9677112825262,-189.395475783351,8.94528116440954,350.354056371218,3.34088229739125
52,1.01715511625469,1.08804604828499,1.01509483557518,6488.81699262065,1.00859729310654,-16.6988438033933,18.246715726374,8.87800608415773,371.954538661264,3.30674098352476
53,1.0882929617553,0.977220527560155,1.09223811276478,6540.53506419561,0.981747468087358,-172.255479649934,-159.688799449029,8.70955971190771,355.638357877278,2.94076553781796
54,0.90364436513031,0.918888592151186,1.03660135468327,6457.11886484602,0.989138537817626,137.950124387782,-190.69122570567,8.85272927231551,345.720133227969,3.28241617511839
55,1.06289369651779,0.95637095495468,0.923632965524331,6519.67371653641,1.00773657080679,150.988805410821,94.0284175215543,9.32983816820576,361.162286816709,2.97314186531796
56,1.06069618607697,0.956406914514261,0.935487908755945,6525.06147516409,1.01841008435604,196.202056800269,-34.9529292354294,9.22600877099952,354.652167247182,2.97782799189705
57,0.974403617158557,1.0552825921484,0.968160708050604,6543.07573256036,1.02150476511058,-28.4023890499927,100.348427116599,9.07067887555306,370.96478846235,3.35210808529063
58,1.05090857481694,0.920624773767187,1.08051058133591,6500.52523724479,1.01958744796646,-71.9801595877553,158.20929139848,8.56681781419227,387.648773241855,3.03277662960198
59,0.977840335746833,0.90216753029606,1.08107639528385,6459.12866767861,0.989158818255425,180.024786820322,180.242858775022,8.66917163962122,383.899217060063,3.14091730461864
60,1.01468757762466,1.02636744243396,0.989689104395664,6479.32107716981,0.989719872722195,69.0073824308154,100.949811775072,9.06944740847585,369.923215572427,3.21482861210998
61,1.05831580874517,1.05792362855891,0.918241220609738,6499.44203047026,0.973453525600999,19.8115529294942,-23.3877994506492,9.50579526968555,348.781017330073,3.17595323923632
62,1.07754083655166,0.970183002510416,0.923413403285521,6464.29916820528,1.01569063790305,47.2872253265044,-159.550929550884,9.25436981926259,344.474255789107,2.94924282361452
63,0.916821361223,1.04019382629182,0.914552601272839,6532.18600592904,1.01237453362939,-167.46048774324,-166.064914365923,9.36716353697959,338.677377444701,3.47213356162228
64,1.09732791570024,0.974854159151224,0.974128429413378,6531.27995672575,1.02683491464303,194.400425529148,101.351274103577,9.0083760121494,373.740967575198,2.93006950702636
65,0.975251917106183,0.916700143339734,1.05542938318549,6505.84042497358,0.995453320554819,162.541754037894,-155.521007077539,8.7772429234904,352.278460955871,3.09957231499367
66,0.998525020858172,0.902270728953484,0.993732128398825,6455.63032756818,0.977129074976084,-152.989501289158,59.6841208464254,9.09294516371742,358.606594819482,2.99338140736023
67,1.04920897585308,1.01667375301943,1.09243450969491,6487.48705795237,0.987142725176912,147.439651275784,-110.561664592219,8.65044757785276,365.235806314289,3.12587598187415
68,1.09264450788812,0.902430894937963,1.09397576534153,6454.31599119506,1.02346858682188,11.0804436345199,197.18591844772,8.46690209680115,395.64357669679,3.08099693905024
69,0.91475931294708,1.01077085688026,1.09386050712382,6502.30978441702,1.00776391828812,78.2994755938469,-18.1835740928907,8.56842013469588,373.574014424458,3.43733811979941
70,1.02551161601681,1.01686286238462,1.0802316020982,6454.54463803415,0.986857791375534,180.164593630624,156.105513556367,8.67857046049607,387.17901425961,3.18224176534949
71,0.991131350557143,1.02402651956031,0.955476236596226,6468.81211597238,0.997821904296399,-58.6591087895789,33.4624447403488,9.18515290146647,360.464125337154,3.25328903905723
72,0.915546927392997,1.09487896153323,1.09724214889592,6519.81617140197,1.00216578198065,-76.1889534854689,125.518007882779,8.59065767262462,387.19666172268,3.59372868254914
73,1.03694623451078,0.932523387868978,1.08218543689877,6532.25372429232,1.02698799479752,90.287803355344,45.3660783743159,8.55040466810557,379.710209872043,3.00485018167287
74,0.983648607258124,1.0865456966708,1.07321277790008,6454.52186701062,0.971582018469835,-49.4146532487802,124.221332312733,8.77584843794732,380.972018040149,3.40352592292993
75,1.09745522586299,0.930083378220706,1.01882614307043,6488.0890856631,1.02819486386888,136.847569254283,135.331481884455,8.77461687625539,382.011644107325,2.84518133143632
76,0.993738631958994,0.982963900467533,0.954681414386141,6455.63754966509,1.0218833425753,125.160403652031,199.887069314452,9.0707603553763,378.14367110277,3.17081450533726
77,1.09932736741478,1.01108634112053,1.0537974830361,6544.47657298824,1.02097884344064,-101.060759302721,-19.7823458759626,8.69651416347799,372.427813705963,2.96497297263055
78,0.925831883030299,1.09081020545174,1.02123492689018,6472.86428055035,1.01030204106435,47.2512961831583,-56.7349127868638,8.83510756515354,366.006728180869,3.55940247986752
79,0.922711518439926,1.03431463911856,1.00406154018076,6527.23183917356,1.00120981006672,140.872600127416,20.7627355097942,8.98799865048973,365.033002984566,3.47381488497896
80,1.01218759430708,1.07533072053167,0.980696573242479,6463.40152284506,0.9717269605788,102.054902269448,48.1238205413859,9.18349134759333,363.569259302895,3.32422152223779
81,1.04081595361984,0.942592832301782,0.927274295117354,6451.45446656679,0.991035253528396,35.9670747418532,-43.1023819601071,9.34107649629841,348.049179125365,2.98690021757733
82,0.987494984404746,1.08083173889875,0.96965109340466,6501.39894891598,1.01701918076447,-41.3828870714919,48.8346800911494,9.05441271810968,368.633024507363,3.36328048272718
83,1.07247274174935,1.08990412473153,0.929414696185808,6542.65876251615,0.999526977584772,-96.7022446804167,-16.3456975046955,9.35526789504154,355.306130476812,3.17785732325201
84,1.0960065150571,0.998523618798574,0.965750322057502,6513.34008543167,0.984408737126692,-169.654668756534,-148.44811123574,9.22745423086805,343.886963619888,2.95945099048952
85,0.925609167791554,0.930380538702459,0.927765434529882,6514.08747448032,0.980912805063949,-61.7330866704547,158.715363962405,9.43524283906857,356.705941987955,3.24389096189144
86,0.994792328052574,1.03351154770421,0.934463974240326,6469.22890188087,0.972452116975989,-132.425974771134,-88.5638643872166,9.4079417647582,343.324890741652,3.26930725217356
87,0.935402096855349,0.917740506751411,0.92412717422012,6496.07787680327,0.982380023104348,-54.2920555807698,1.36690834194275,9.4333154586371,344.479093290818,3.19040981103492
88,1.03807896572587,0.90786242796822,1.05988207978181,6512.79003894909,0.974905541916932,149.431449642711,168.348960212725,8.85407873344005,376.821996514426,3.058710992414
89,0.912215591970973,0.955375529629441,1.06124025595861,6524.82596903837,0.981071261161383,-116.260270665316,-51.8111588834472,8.8314618408609,357.284552640836,3.32923199995122
90,0.996904597038204,1.02365095430606,0.973782727913954,6496.25347161332,1.01484825628803,-185.326718843761,-99.0252222623917,9.04113862382039,353.891554196291,3.21874733402243
91,1.04266991717691,1.07904136753744,1.00233548842313,6503.21134852653,0.976430320680387,-21.0350532706181,13.0469065820093,9.08954824140472,363.299468903946,3.24725139420973
92,0.948494100726946,0.953848646189876,0.975456832620925,6452.00711977777,0.989324749934991,-115.420797201382,-69.0010591288341,9.11920799723997,349.560634834015,3.22115244163797
93,0.92395242636385,1.07810545614798,1.01871849071081,6517.91023191445,1.01735027431644,-0.623120428377089,-165.231884765031,8.84593981114303,355.759865862893,3.53542139453626
94,1.00742130836371,1.01736822360418,1.04908789483687,6493.16595462297,0.977654818167734,-86.4896376805102,-54.767081440546,8.87404441840621,360.536561025729,3.20980125633004
95,1.02918344826632,1.01415566093378,0.971219345179569,6548.6515248793,1.00634648916141,-105.109283305602,-159.287010951839,9.12699511482181,346.402395087925,3.13756456575548
96,0.930571827836866,0.949191545676902,0.932136274651911,6468.65670240513,0.987105710121631,-130.650561882098,158.70616985057,9.35069462545921,360.314576851829,3.25981496102
97,0.916046749132328,1.00490227791405,0.982079365397932,6548.23786169086,0.976722334130083,-40.8577603817033,187.788173310148,9.21580732959335,367.672084169924,3.43213198363414
98,1.0731014251788,1.06341441418986,0.951580565408988,6467.08875873901,1.01011859319547,171.750395651034,22.7051572055719,9.14434552457313,366.172557226702,3.14637027326168
99,1.01432253789398,0.955995818732057,1.05389858663839,6468.70437485575,0.989420754184255,-29.8254245534333,3.04415147378201,8.78429309998131,366.935907991869,3.07145584787686
100,0.948481946483016,0.922967364947841,1.02212400848833,6478.86305532403,1.00487429328536,-138.254913890319,-7.54395925807301,8.85870360726262,361.280018378655,3.14888378839748
101,1.00651788651032,0.910364707364485,0.967320855638784,6463.4414676939,0.973802498228366,195.984092955978,-71.0584620101108,9.23675283282534,346.218829977763,3.02235958976747
102,1.06197488917093,0.950928130952753,1.03630054444479,6526.02278598897,1.00573832443647,-11.3695245799367,-35.2636343410926,8.82382808286815,363.813425692039,2.94967331396242
103,0.969773653308599,1.08590582884957,1.06612388155755,6546.50269106665,0.977457833409133,92.3469900814577,175.336182728415,8.84099059492382,383.257798392018,3.45672274743703
104,0.936246613233132,0.913299253473355,1.04822412985801,6507.44731131799,1.0205097266055,-144.091049349484,118.106924743956,8.70030857273498,376.754519423007,3.15310740578484
105,0.940325464009549,0.932731188573141,0.932853159586199,6531.45747202314,1.00991183324177,9.22616990764773,-56.467806350599,9.28544318013438,346.250162222631,3.20355728009796
106,1.07544010816262,0.978489021484527,1.06331988789432,6493.91349085702,0.992616665765494,-14.9280857321574,-79.4488503343432,8.74706268919272,363.249278542751,2.97692248184443
107,1.04952187603525,1.0005440780185,0.946442539029363,6539.95745732746,0.993033473282393,17.4211444455954,162.588844385819,9.30015080822856,367.060543191163,3.08394953631987
108,1.0248475991828,0.923379608141673,1.0879664247227,6512.77080530714,0.990094336879425,-144.291170934645,117.610075708118,8.67253459702124,378.011119876649,3.07315349964775
109,1.0240145511857,1.00669221839526,1.07877851661019,6528.85972112245,0.979100492783965,-75.3111728817807,-100.604344074214,8.76882988453988,359.446564753196,3.15299603695022
110,1.04878925851454,0.906706486947156,1.01397793697426,6526.24586857407,1.0226059382057,-63.167300513637,128.502921868805,8.84648822713358,375.407541299244,2.92367032009063
111,0.922126347391041,1.0692904583469,0.925497732466396,6489.72872905604,1.01783772194677,-140.03302906049,-108.299441906943,9.25645618726909,348.291943269855,3.50827720013782
112,1.04445051367861,1.04400730730921,1.02822952657706,6519.39484444671,1.00256346660086,-99.2803764372189,-61.7216025984322,8.86812539100231,363.174459823751,3.15654293941928
113,0.936319543360285,1.08169011226673,1.01667835895322,6490.08514167636,0.997720348218648,178.913335844726,-138.659438753568,8.92209410683862,356.430299197998,3.53135084532556
114,1.01724596640336,1.00117773577689,1.02229084708693,6451.81101838208,1.02232743453665,172.847312993445,26.0532734356836,8.76211956935524,374.906747790819,3.15293350317586
115,1.03933016477538,1.08449987623546,1.04144772686268,6465.25390429143,1.00457730161001,42.6860185531424,-30.3477314790456,8.76657092562531,371.891583816821,3.25174177258808
116,1.04728884712494,1.0868734029538,1.08511370258136,6495.08393714041,0.976794282750445,193.936479584934,135.559234578374,8.73046195579248,386.052420679951,3.27038194685622
117,0.924932536240653,1.08416837652347,1.07397927241243,6501.88380571261,1.0054765261447,-40.3989184519479,-178.095344471187,8.65638163743114,359.491951833372,3.54677293743812
118,0.96703944832918,1.0605706897196,0.900926404600921,6483.34991716911,0.993890121615457,14.9582411751692,167.942246565104,9.48771764559808,363.586847954355,3.3952387169152
119,0.969269198873192,0.969390640379245,1.04750024962195,6495.22179408898,0.983476289376399,-19.0241935469226,-143.65719184808,8.85665203884789,351.551448617713,3.21339468091908
120,0.935277397301245,0.999673554547896,0.98378508990091,6541.48459010681,0.991743633946998,32.2353401112174,52.9057151678121,9.13263392818819,360.899620104241,3.3654125642565
121,0.902618891317667,1.03270747440334,0.93560719337395,6546.10703174695,0.978919763665187,-34.1503505091905,-165.860132768542,9.42907722168779,335.182513308868,3.52608130892746
122,1.09937485036919,1.00043900206625,1.01907700346401,6456.70764773884,1.01499762822395,-116.037762761766,159.221715776285,8.80898455691119,383.889443438396,2.9398199726818
123,0.941027928096401,0.938137544132733,0.907309933569619,6497.206694511,1.00389046799576,-173.716544228659,110.211046678004,9.41797253384243,354.895935063945,3.19809768449424
124,0.990657766949606,1.00487805386552,0.988152549387646,6490.07630608753,1.00357841987849,-137.903901627715,-127.228747801892,9.0216101525678,350.867625954075,3.20812249869415
125,1.0723571242027,1.08922309242673,0.974661863255951,6477.07446731436,1.00863997259434,-36.5063315607614,-189.845457735862,9.0496209676574,351.216558287262,3.17254246591169
126,0.931230519473238,1.04319444576948,1.03178478838203,6452.70959925035,0.983318329715977,-107.570081364771,68.7570974394914,8.89584688403073,370.291363404376,3.45139666518629
127,0.903942107550873,0.920821716396915,1.05998321707464,6467.85446620543,1.00916476647111,-104.726887581309,-160.223442896262,8.67481059739527,353.185012181842,3.26210009229299
128,0.948634438199891,1.04445338637113,1.07113929362126,6533.0219864567,0.993831011777107,67.2340546282585,-118.006281833672,8.73879971055671,360.690037271841,3.42166321667392
129,0.958629546052203,1.07926716370422,0.902600384702147,6458.55085308545,0.982473175308762,-189.387118450472,-127.425825964081,9.51587537554704,339.146728344782,3.43887470642282
130,1.01660831219394,0.9842849101185,1.0785343422154,6531.74435617384,0.990509041101873,-96.230626627483,-48.1230367330932,8.72123445301519,364.812488830127,3.11837428348347
131,1.01805898850296,0.953612728164575,1.02482978156983,6490.94116521912,1.00312283085112,-25.5493883458733,-82.2136961832329,8.86145721909392,358.101186345825,3.05207024099929
132,1.08969066139243,1.05272115883195,0.928022635153291,6536.84679758979,0.999245871894971,157.820890757637,119.942102378926,9.35894301263541,366.205939616518,3.09932662749265
133,0.985042700893847,0.904493861664023,0.953735471876989,6504.16342146609,1.00800869318957,-96.8449258267191,-144.25757037087,9.17202260440086,341.393322159229,3.02271479362082
134,1.06698604735986,1.09688043614071,1.00513803646054,6467.16792858483,0.986338439591162,-192.643729381013,165.7195226242,9.00556751751812,379.085333840485,3.19420236649386
135,0.923550216578028,1.01530329510285,0.954811044137441,6505.41780025158,1.00908522330111,131.896721482881,-117.431491295759,9.16441737580739,348.762884758926,3.42589146455172
136,0.902199165731696,0.927377126013761,1.08000372836962,6537.38900775625,1.00584478613022,40.2067441734614,66.0146698185022,8.65474243982739,373.616901551994,3.29782004183383
137,0.93507425572469,1.08288238918499,0.983754104978415,6488.31385282495,1.00113506231697,-181.213613289978,-133.486652497568,9.05280133984568,351.203659692024,3.50383672206777
138,1.04760672328527,0.916559733585025,1.02063042189328,6474.53491096813,0.993357736842519,-84.5225052917201,-57.7309134140203,8.91117769437581,356.940709120028,2.9153378219288
139,1.04380918103685,0.959424343124635,1.01328092805938,6497.60504021991,1.00982026992176,174.731895729903,93.0288388841001,8.88592618755768,374.245746812381,3.02148594114562
140,0.942988075718151,0.906236627012257,0.952452808859965,6509.50779307003,0.973085548809055,-1.45350111950546,38.7371395667557,9.34639847947885,349.015707463478,3.15498559639133
141,0.966848778163392,1.05418244074916,0.921319650626754,6457.51377817358,1.01369132537222,-1.80347351752062,75.3609585710944,9.27200012759604,363.533619037893,3.36845208284391
142,0.986965467720749,0.949280406647821,1.06382046353484,6529.9415878969,1.01168178825127,-91.1419451080149,36.0922667476348,8.68808840483024,372.294248569368,3.1109694111092
143,0.972194779388005,0.918316414665327,1.08346271509245,6463.6818630919,1.02701424122925,-21.5976908168177,-125.946828464552,8.50161828845147,364.286181202345,3.07846511147003
144,1.00838018947567,1.07458916717528,1.04644497728191,6530.65611478614,1.00952700200264,76.910625807141,139.678260626128,8.76894526587701,384.922809565524,3.31521071336476
145,0.949933601771837,0.997884992728628,0.94424188836392,6548.76680079966,1.0266435603812,-184.229275452598,82.2300690062754,9.16588013873419,363.202187993171,3.28908660892378
146,1.08504966348313,0.936115069025467,1.01358904611053,6541.5488297588,0.972036758715148,78.968106898736,-81.0603970509797,9.08529587152393,350.669635659647,2.89899078843329
147,1.08487923907531,1.09421164903307,1.08885329782269,6497.42142166575,1.02172255905936,137.819759414028,-72.3598107026977,8.52243355155711,378.443632288608,3.16621830597314
148,1.06578309483014,0.907401526943099,1.01925397569641,6473.00088372877,0.977234013146637,-169.218719348316,78.5155103512559,8.98896058749433,364.502922871214,2.94395330869172
149,0.967974992753613,1.04495335430575,0.913071268159788,6481.52903378306,1.00236947754252,116.289265935585,-72.498998827172,9.38341860478861,348.462990737012,3.36620087387178
150,1.0251782752874,1.07719554964724,1.02317263763646,6473.29594747536,0.971464046893392,148.039549560372,-191.492235659845,8.99957726060952,349.753785944058,3.30195351990226
151,1.07494033453684,1.00578742680544,1.08781353970258,6529.87832357737,1.029876046632,-59.7152738193159,106.875315572451,8.51405573862099,389.382674361036,3.00804939139711
152,0.980386182721848,0.995975124060782,1.02550109264367,6537.36771141863,1.02904500815196,107.309365545807,-32.8932871330665,8.77832381520978,367.686538998221,3.23054884063917
153,0.984271400455414,1.04751646031778,0.947755429153661,6461.04741131314,0.991277329458447,-85.1044033383673,-81.476751817604,9.24732812990825,349.977218127061,3.31553813613345
154,0.946721550209982,0.908418637927272,0.903574786946683,6548.7722389736,0.995666388024152,-46.2693411361273,71.8589130772279,9.51362970275672,348.018626947496,3.13979024229854
155,0.943650777573013,1.08999223679004,1.05726900288311,6458.94110023123,0.995054846547096,151.647323024866,177.892808916564,8.74039762054852,388.670262876316,3.52275303526328
156,0.993480302249974,1.02268227784214,0.933406789218415,6549.1168626137,0.983900302083007,177.09270965405,59.8586595969474,9.4159571404682,356.004844056582,3.27842924254116
157,1.02154735897577,1.0025377022033,0.946133962343552,6467.65280320055,0.98322917254421,-125.424695142298,111.833789426701,9.2968108311055,361.94830545949,3.13875037807251
158,0.970025051833346,0.911568535312679,1.09382052602816,6538.37858849634,1.02566513699171,197.963129058574,-130.441900312205,8.51585722771413,363.571932013344,3.11095834929461
159,0.979248403780532,1.05164769514082,1.03920412361076,6465.38959063399,1.01894998749944,-110.223771265336,-110.472954070951,8.71525532471279,364.046035539184,3.31800142142493
160,1.00739488457868,1.01858798696834,1.01601724156756,6459.14868373978,1.02264765175782,-93.7599829645176,-148.194031486878,8.79283690060715,358.17737512766,3.18442367273892
161,1.0777496159738,1.09113029964595,1.07242552345309,6530.95160747249,1.00931451883834,20.3429482436557,-165.205296035436,8.6622137392818,364.07213125608,3.17418562477757
162,0.98169064261414,0.974537703402463,0.951950756752065,6522.34201136886,0.999752544104726,-167.581513636941,-111.926719220075,9.23137949359931,344.318981902384,3.17392584431347
163,1.03665175273192,0.91522617189806,1.07024138280975,6499.5146527014,0.998835194639599,36.963113863807,129.87238637006,8.69624663367018,379.838384759703,3.04357460675411
164,0.969561841580439,1.03560323051181,1.01314639279916,6476.70282701694,1.02271779918131,118.970408642771,63.3807338633702,8.81774849949011,376.286889345027,3.33460536034613
165,1.07011634581885,1.07345884019196,1.04167259534301,6533.70133283637,1.01184828770016,72.0563087041202,47.4445512860737,8.7795156524491,378.118486324719,3.16455607777771
166,1.05054332791153,0.931721021058615,1.07617415183979,6537.18435277452,0.971754836982074,130.326700225905,-148.452053010622,8.81757009440103,351.953777315943,3.00939260170995
167,0.967023770851828,1.04870165125832,0.932151979209662,6531.79670241191,1.01992805067746,2.98709350433448,-197.445651313267,9.24272161660081,342.26050029611,3.36192075255377
168,0.957407626634983,1.02338538367515,1.09623723560548,6513.18135270167,0.98558821486385,53.6022812398445,15.9941518863422,8.66130253456039,373.360109799612,3.35850085014788
169,1.05596907903023,0.921396127765392,1.05220558050041,6504.12665786761,1.02777952023154,-63.2511335845256,53.0487572535792,8.64834833160675,376.553504936322,2.9562423468982
170,1.086405621102,0.920501945598136,1.08744569744729,6518.78857223008,0.97407022354631,-79.6145732212735,83.2688354581126,8.74843230038259,373.09348976743,3.05429626184035
171,0.913470120293754,1.01643409203525,0.969176611390591,6512.09155177675,0.972744522028751,148.614722460951,189.395587670959,9.26999144202199,367.860272953511,3.47526084347153
172,1.09377557105714,1.04993036634859,0.926017248026126,6525.8263195929,0.971475214987528,-191.150579388401,-70.5559123401835,9.49392755009709,344.152941093486,3.06379159896213
173,0.997728638080933,1.05408148356156,1.0366590753213,6494.59027063767,0.9864175999769,198.849800063084,-29.5274791056108,8.88826924428532,365.831461466198,3.32503981022837
174,0.990277404865935,0.932724764238334,1.05896190974999,6519.36822257815,0.983246176767326,-167.047581753663,72.1997208298852,8.82574195486167,368.423472715106,3.07605893938091
175,1.03090224285623,0.954651905399642,1.09017271245008,6465.10578917809,0.995940088062556,177.44636806704,-32.1090732295511,8.60651663199915,371.287149270847,3.04493045676853
176,1.02770518953282,0.979518879592559,0.954843040469734,6548.39776479598,0.994560040378903,157.639681471654,-108.018157643566,9.258777162033,346.393922082353,3.10637610447185
177,0.942620940805017,0.906226816576902,1.03033336507518,6486.85263437238,1.02186149499038,-10.7160373233771,187.277371165889,8.75534267747841,381.694643461075,3.13183385191942
178,0.937105103140624,1.07372463359112,1.05531937055835,6527.09218446441,1.02068699368701,104.4095963772,50.4881286525662,8.68345229159464,379.627627571637,3.498839548574
179,0.926248975536478,0.90650523589825,1.08416956956314,6511.66503145207,1.01779223745857,-7.39105939497997,-153.076724415042,8.56987269879743,357.410693580453,3.17793692152758
180,0.92503715844051,1.03711305744579,0.986061178979893,6470.05247267003,0.999495672804486,-174.316425169946,32.7885607657595,9.03715937781465,363.199887056312,3.44398913191308
181,0.95379868088702,1.05951182012744,0.962072391784715,6495.52201490818,0.970697232394486,-171.021244882176,-43.0025774373261,9.30093004749836,349.312357111745,3.4267931133569
182,0.995987766943425,1.02000410962386,0.958332515741861,6519.49818861265,1.02160734383135,111.94039555734,-184.152469860657,9.09941731356596,347.267228947037,3.2411256868945
183,0.996101389451566,0.920986035683635,0.948409003172506,6548.66625932671,0.978549732574091,-0.444738619457574,47.2622937272476,9.36669969646579,350.80753202228,3.05695248728737
184,1.04049299410882,1.01192973669738,0.901954169483837,6482.6461308244,1.00106269860308,-164.853400342067,-59.7492275163277,9.44576700187851,346.082290260522,3.0977312400018
185,0.906640621758273,0.915715699431004,0.979384655240319,6463.27157540431,1.00405245089569,75.7859876549063,120.234679643633,9.04286650692427,366.527124958044,3.25865788771285
186,0.940030048848962,0.933496516451814,0.92091356806688,6513.64302495436,1.01238854358921,-187.365542069743,174.484898497476,9.32097006944943,362.664043504381,3.18693083715651
187,0.910394256730295,1.00825926706021,1.04181210389018,6537.09691237461,1.01284521592795,120.691233227917,-64.2199229828776,8.78040906262508,363.197626845047,3.44778309597201
188,1.0629650227493,0.916022969276935,1.07896333121211,6504.75923761537,1.01903786619775,-19.0726861926799,57.43107807861,8.57778587033566,378.837770218583,3.02884863771521
189,1.00528053218722,1.04631790435107,0.916325996406118,6456.03520839906,0.984826194040609,-136.182127954725,148.713426636881,9.43030398092309,362.636378240197,3.2589139983304
190,0.943842797471609,1.09517305116383,0.967379158354221,6468.21179156887,1.01738191042855,63.4831102003504,-0.721713418744407,9.04127410374857,365.774436382049,3.51416214345391
191,1.01107271018753,1.04384035565445,0.94569094826626,6549.63339160567,1.02848758972881,60.1302745387748,-120.183019628342,9.14972912154614,352.23999378359,3.24157617394278
192,1.03604564848626,0.914439681795835,0.906130500441161,6475.76828885112,0.997757377404359,147.309002163352,90.8676279065232,9.4348086039108,355.508312812861,2.95104475677985
193,1.04854130424,0.985098666889615,0.969186998509393,6487.10387629846,1.02925897382416,-183.956323435007,146.812598448979,8.99115792404022,375.735292562674,3.01186359008222
194,1.01573508171448,0.987723083837918,1.04505153208303,6498.66689414247,1.0224053942849,160.280745604503,-31.3116292506178,8.69775681156045,370.886352170392,3.13321406848945
195,0.95536555944701,1.01847006571867,1.08247266912334,6471.06621890057,1.00737799501381,52.6240880370082,93.2452089661124,8.59326678630252,383.646141269166,3.33943196585392
196,0.926313537025452,1.04316499293642,1.08180650413313,6467.96831088702,0.984252599495433,188.558037616656,-127.609218916204,8.69486711478853,361.432821685118,3.48815461585233
197,1.07087701867392,0.998455571289607,0.949446214880635,6537.07499012725,0.99671831530016,5.92694157187608,-56.3066522400937,9.26573235363829,351.315439001342,3.02831339334923
198,1.01859017028699,0.932704774517005,0.978216307330352,6546.94123223353,0.985488005962068,62.6946658165169,-69.923974310122,9.1892838516733,348.00056761573,3.0292105408893
199,1.05469462513732,0.92617473214367,1.09396420901571,6495.37895413836,0.984163027800788,-170.601301067995,-132.096837964984,8.66265706350647,357.166340124787,3.04794155537558
200,1.0039547897112,0.967400635286257,1.06577667317652,6493.08875236618,0.984922856355258,46.857994641612,82.7108867541783,8.77207965674749,374.257499427226,3.12926234430708
201,0.93340838158019,0.933523843257664,0.907334285386709,6523.64020150656,1.00982827165731,-10.1476497000744,137.668179587679,9.40941388076667,357.97745046766,3.22096056075321
202,1.06113403059001,1.01707087287935,1.07365425610265,6470.58412100368,0.976715177163864,-92.1001553932041,-177.165257564274,8.76018730483707,354.64151569668,3.08094653721911
203,1.00623390560021,1.08732113845899,0.907868708133702,6462.210991401,0.997131941697006,173.550007011162,-73.5375580092998,9.41970293777519,350.188117779241,3.35462386155051
204,1.00144696173768,0.908314571810078,0.929668640192418,6548.66301229588,1.02790712178616,-198.024007626236,180.724714169296,9.22998351039301,366.500453589614,2.97650681055625
205,1.0278239875631,1.073583658904,0.990947971126772,6501.55960285792,0.999330794815415,66.7457030184417,-144.139498097475,9.03517263747549,353.613700219072,3.26845032474681
206,0.905994717974536,0.961585988318238,1.04093615254733,6470.1853452123,1.01040594599949,187.964818442908,-162.439713684233,8.74964455246193,354.483713793973,3.3645309620078
207,1.03452042364503,0.988750043860914,1.0736284508755,6467.71497894474,1.01155755713357,135.246115859244,177.845687789609,8.60670557051123,391.547308539095,3.09078513708488
208,1.03664960565793,0.999434952801685,1.02356944804024,6536.89049844787,1.00423658479833,-187.845176121265,172.379478202791,8.89286856097234,379.23963713569,3.08500856054093
209,1.03790535020631,1.03530267715545,0.943135030479543,6515.88854702327,0.99363186433925,60.4931908165968,-157.362787876804,9.29668423800487,343.753402324807,3.17775300065279
210,1.03156906092061,1.09988274515413,0.909642407772111,6547.71741842213,0.994414477643372,148.301380134904,112.954193623309,9.48489887688798,362.549427079005,3.32206636716806
211,1.01340325219733,1.04768984185027,1.07570311226027,6490.4140321651,0.989621989693794,67.0373542254339,123.138376776503,8.70893356488932,383.570452170555,3.26051242433697
212,1.05245702695532,1.05956272977173,0.987116662962587,6531.7834216175,0.977212543322237,17.7956391843398,-197.696535800751,9.17517095508989,343.445040479412,3.19331262352314
213,0.964917165980054,0.97329230697428,0.979234538321851,6519.54672066899,0.993313486076221,-20.5225509509877,-104.982347650269,9.13040962429707,347.674271715659,3.22928143583397
214,0.974650358325868,0.94545392545263,0.914639184753689,6510.34485933814,1.0100927679133,47.7961384038458,-14.6023824797711,9.36005030515454,349.264068237792,3.14431054432663
215,0.975957156035846,1.07266672991437,1.00381635702724,6497.91818776297,0.971538523948386,-63.5008689495375,-47.9217524856572,9.10359583692871,355.932333245424,3.40086019523902
216,0.97976455617938,1.01603447384547,1.00672050934538,6510.79050927934,1.01589299569253,125.194295486437,87.2492304905978,8.8984838817542,374.471694947974,3.27693991207184
217,1.09110473919099,0.903646516535272,0.939155597136709,6450.75628749781,1.00884848284928,159.212219579995,-102.60708136948,9.19799781008526,348.169972549001,2.80643874739401
218,1.08540690895926,0.912053478057912,1.0868872053611,6485.16226872396,0.976085249706953,-5.65129632546975,-97.2893729117968,8.71906877858453,359.022623279046,3.05889433462521
219,0.956974580392385,0.961457992985257,1.06060517956653,6503.91612766753,0.98867846194936,44.1335133243673,86.4602696892774,8.7849531205444,373.109698197808,3.23038188267329
220,0.954524800146707,0.98270982030507,0.92437721866739,6468.11493495347,1.0108670712379,-127.424660921749,10.0653534668241,9.27758994692047,353.992351876701,3.25266567545029
221,1.04180925234449,0.921375384618949,1.01346244392578,6475.65627837014,1.02777561251425,-6.58174131203011,122.397019910063,8.79229443669889,378.172508843364,2.92392588164484
222,1.01004530843125,0.908682506570964,1.0266302751188,6545.14033422067,1.00609670920878,127.675543770716,153.682585339363,8.87765805187917,375.781030730745,2.99573440564742
223,0.945615954389787,0.942408967981645,1.0221961977702,6491.10284698067,1.020391678172,160.009249359204,-58.6314482789128,8.79912630616151,362.07714336173,3.21501151015218
224,0.947374111794896,1.05610510304877,0.954961207109627,6532.26143185137,0.995424295218926,67.0199597165882,-161.785874466133,9.24480026091528,343.815384040113,3.44574399780826
225,1.02477186493531,0.990353535747446,1.01732169263509,6466.80142077449,1.01421242469665,145.118831017291,-113.30407996369,8.8285405701036,360.083824631738,3.11713002601324
226,0.919142911104032,0.904727717209267,1.02839430008865,6510.70940360888,1.00280184476284,-107.22116155361,-43.6376016377941,8.86327733855831,356.479757069027,3.19115784082561
227,1.01889526703723,0.999353371771834,1.09755710404298,6463.64397525567,1.01170867324286,-38.2724927582831,-28.7201540297541,8.50979698018832,376.016337772272,3.13191547178905
228,1.04351955313164,1.03848723026487,1.09825119874044,6462.83942894541,0.97624657896305,89.7355268514965,31.3547668025636,8.65925680410482,377.129895512683,3.17835002740392
229,0.954832133311961,0.915883873797797,0.917131649919286,6539.41908746641,0.981512039483125,-70.6513751537917,-109.337439109205,9.50426659402116,333.819483388153,3.13928903707619
230,0.970999261166387,0.913884768549219,1.00381195818165,6456.76125635922,1.01802139046934,-106.515167235827,16.0047658418042,8.86516166760512,364.293541759777,3.06777385837769
231,1.07601581751229,1.03017547380944,1.00659155731027,6482.43337531154,0.989980114783492,67.794782079276,197.655744488467,8.99290694749158,381.334332206144,3.08091410676451
232,1.03236783796988,1.01155668347401,1.04613010204785,6496.52056122837,0.973608540556047,24.9187263511639,183.050113802152,8.90672472916799,379.876028981923,3.15147851759553
233,0.935060588471532,1.03800097816413,0.940186737731811,6503.58276844731,0.975800586978803,-19.8516254967259,102.465331558098,9.38970783446182,358.227903049651,3.44575776592781
234,0.969514304847796,1.03298234489744,1.05908999215795,6542.71778194795,0.984078524911327,-40.2736336762767,-139.033594667833,8.83771918231764,354.627827211495,3.3389501189024
235,1.09849670043168,1.08540019358486,1.00799142605611,6534.20332943764,1.00125747863632,49.4342752011039,-164.350227153593,8.97102388747963,355.235651109105,3.12525442671601
236,1.05105408409936,0.925542696727047,1.06521352605051,6528.20280876704,1.01252468186458,-185.535847790095,-78.7486576218686,8.67628377771921,362.603107374071,2.97937083441583
237,0.952622513982169,0.972027281494304,0.917528549352768,6543.69578230311,1.00322813444274,-77.7902757367906,-41.2073931702866,9.40190113769229,345.314125717238,3.25077232593823
238,0.989440508100967,1.02011886667212,1.0031358855393,6541.93919732144,0.99981780897435,196.863205929325,140.569983098038,9.00696170471527,375.05609184989,3.27741467678228
239,0.941702102871467,1.08611904292878,0.923273279577095,6531.74497084912,0.992837397608595,151.189728178028,147.22267604298,9.41337399251717,364.938130099924,3.52822217889087
240,1.06118508002352,1.05800608726141,0.960935827819608,6458.09192830513,0.99417881072591,-130.590194005397,77.9804355609847,9.16656355176278,366.680653444007,3.14019338954527
241,0.969219945307557,1.09512204017198,1.02819441546907,6532.24805636344,0.977951480364511,144.805792909049,169.102876205358,8.98978858561983,378.940705821844,3.4770599999663
242,0.997412383763787,1.0212505875502,1.0529619601806,6467.48386272604,1.00015396458781,-40.5347888910748,-141.4504031351,8.740422287164,359.005648198014,3.23222470911871
243,0.973506884458306,0.913634461877099,0.905162381389897,6463.51662891548,1.02778690669535,19.8118143580068,186.328864461288,9.29371255159535,366.761406805301,3.06738694932322
244,0.986499575666026,0.962363226617052,1.00122837256805,6493.95116886329,0.976339881055705,56.3305258760825,-113.58472699616,9.08982234804443,347.669225223244,3.16619132840628
245,1.02391759097957,1.03004021847963,0.93040497062573,6456.13496271107,1.01684569516411,-16.0798304922719,-176.73448179781,9.21005356643703,345.524623133152,3.17632848725276
246,1.09897326343395,0.911556112199273,1.03900704577171,6548.36789252634,0.984350806252956,-143.100252525122,-151.446024231028,8.92204607978979,348.029424871162,2.94720972955789
247,0.960655029513519,0.920209162202129,1.03843226833883,6456.22917981301,1.00056532768899,198.678741541191,125.588107802408,8.7924120589896,376.513921192042,3.13872653316088
248,1.0230438876462,0.961250724157322,1.02477916725833,6502.70414639117,0.995565003033422,-147.71584930392,154.641686096187,8.9032104469935,375.696439423489,3.04988788130855
249,0.989956929764265,0.938924502364153,0.973551870175458,6491.41297525289,1.01965227373401,93.4457522245608,107.721957456536,9.01767965133763,369.706672597033,3.09226414827476
250,0.902206252885729,0.983230799635952,0.996268830327065,6451.91922768231,0.985588792524702,104.115929248854,-145.1561177084,9.04202777838793,346.8330735956,3.42484994434834
251,1.00706202629052,0.943040374403447,0.902424154928779,6474.12014575995,1.0285524252946,120.614844753196,183.830657728413,9.3109850725142,368.530476354156,3.05689227177014
252,0.997570808785272,0.921947239735501,1.00959189779474,6495.437733456,1.02066142496438,-160.766967686302,-4.70354519128873,8.85423291063669,363.262044638462,3.01700367565505
253,0.930009732938797,0.964935185378012,1.04747141547756,6497.60181293688,0.992553297108746,-42.2094885719859,-16.2212926376053,8.8186451891024,362.813918898356,3.30041559450353
254,1.05700330876741,1.07841693778805,1.09106693730079,6528.69033862553,0.988924413744881,75.2538824346169,-24.9587503778432,8.67528932831666,373.788591730159,3.21693030784129
255,0.95093412440921,1.06817431588518,0.907685269792465,6540.17619921354,0.997688647877484,54.8805907233122,63.7415688823131,9.47619958915793,355.91615875082,3.45890049565214
256,1.07902354814131,1.02733393643344,1.02278671695201,6456.66520405607,1.00110448131671,-139.932399673183,94.9735074885942,8.85434043490178,376.837869014124,3.03885165348196
257,1.00244438416253,1.03604555584167,0.908334580120477,6458.47920160458,1.01297940328376,-171.166265600531,-171.497308893897,9.34072030314441,341.214117462801,3.2273543216987
258,0.902421695046977,1.0913002796599,1.0475016718918,6485.32514085021,0.987792134877259,-60.1187081016602,109.861412472473,8.83200544499572,377.269641537036,3.63261023783063
259,1.03227412221408,0.937039113573494,0.934821867066817,6459.83956497134,1.00961816318208,105.749064888694,-93.9814286699984,9.22366176428464,348.156753389479,2.99368456405384
260,0.904188992206183,0.916434333495285,1.09357200696901,6479.54447774774,1.01615338887029,49.8654275417055,-47.2241441388416,8.51934270188321,368.80457970853,3.26040562490179
261,0.941137452439111,0.924277283631881,1.02300259360777,6527.46337806378,1.00863425521247,12.1208532996633,-183.219510627345,8.87165914883421,346.658694921964,3.18409963571228
262,1.09369775551888,1.05974283833091,0.958564407340193,6547.99703293588,1.00611289537818,32.9690632828986,99.2292717718128,9.18572327822423,369.398249367816,3.08683384902769
263,1.06235395761803,1.0312957214663,0.92561914927324,6483.82675059945,1.02568501841956,-110.153755262459,-51.1331904649947,9.21251959850704,355.95936017397,3.07548524922124
264,0.986415376588839,0.98788099793889,1.02258791649891,6544.30758377447,0.98444156270995,-151.399449479633,-121.011804056025,8.99240705300996,349.60557117416,3.1996350627748
265,1.07738498004185,1.02916216253104,0.957181357847832,6531.59469389686,1.02168219978181,138.605735476111,167.570613455822,9.11095039864355,377.223586545965,3.06955745923202
266,0.950448204034672,1.05100838574926,0.992107899454828,6534.19985528901,1.0137094406297,110.57897859989,62.4647350724286,8.98994302119525,370.130369172554,3.42273794114406
267,0.935485753893941,1.00900538377939,1.0969339479049,6543.73880664971,0.972590424147821,-134.074073708225,-147.308490618175,8.73712835500377,353.820757307538,3.38141532004022
268,1.04519598199706,1.06355706597139,0.942702273262134,6500.58526929518,1.02044218168067,93.1206179065002,16.8948821967393,9.16482217955438,364.438350059856,3.19963559726994
269,1.01806953809175,1.00167210938326,0.959509690263764,6506.5021992859,1.01133311812301,149.329166344323,54.5165415916992,9.1302926381936,365.032386801035,3.16004598272995
270,1.05222430740863,0.932014326990915,0.992311494883958,6450.93316198271,0.984800731871297,90.5846860452019,196.723980539745,9.0593039588284,374.881449249455,2.94973987229101
271,0.919835619917443,0.980298863172258,1.06001419373983,6470.40356346289,1.00330509695814,93.2285184118699,46.3941801040716,8.70136701894949,373.866620356698,3.36273786547582
272,0.937604946923083,0.971076913737148,1.05675835689708,6505.4226514132,0.970313776812575,104.396304011238,-185.875458023904,8.88524727178056,346.432823023136,3.31302599521258
273,1.04914675654625,0.940496112033048,1.09161469602388,6486.79407513021,0.989615896980285,-140.444779867022,-77.758313803914,8.64238576861488,363.56648136633,3.00899834372603
274,1.07533015236564,1.09926686752545,0.97366190610137,6494.86106309545,1.01332425629216,154.47831218603,37.2177336747137,9.04562111505862,371.47513752483,3.20214440637637
275,0.978305139635566,0.982524368169725,1.03912362929936,6450.32182636043,1.00717536024759,-57.802795823457,117.678932510834,8.75620297816943,378.940340443192,3.19851060448992
276,0.918598127964626,1.01764045338968,0.996194577977225,6514.23255259052,0.973891215668978,31.9935149712525,24.5938351838095,9.13996461566873,357.985231409964,3.45415549251177
277,1.01213201888323,1.02069753331929,1.03529358744527,6530.49889996808,0.986189243207693,130.019764072025,-0.69772709461855,8.91937180816613,365.421983569473,3.22174779756093
278,0.915411655826866,0.911710185848796,0.966847663739212,6528.48969771115,1.01246085608446,115.445985868963,6.90762257664375,9.10855989630654,355.529483353092,3.22982831238098
279,0.988039799591098,0.929490505341257,0.965638550721862,6493.40193661739,0.975316025780777,-111.755218915515,39.2901176254955,9.25942441583424,352.981325619932,3.08165579458487
280,1.04713262284784,1.09966950227859,1.08662266626871,6514.25651995352,0.995274883197644,54.4709458832931,114.260647232093,8.65576938677232,387.291536355111,3.27054158219124
281,0.923667238184677,0.981980977939258,1.06796045712712,6488.3832951933,1.00431233627363,35.1077443448793,-126.209498746544,8.67666574258885,359.520816204268,3.35120956108833
282,0.972447088330458,0.966902257748386,0.905239341706413,6452.41917638914,1.01990182262055,-90.771676010875,7.23150649552617,9.3211988170667,353.199000328041,3.17173068490511
283,0.959745114717755,1.08813584902307,0.951859351773155,6492.96568127389,1.02236381502908,136.773426716723,-125.559432861489,9.10908412366124,354.414398239143,3.46388352382263
284,1.06052866195914,0.991637377347579,0.996593774417071,6463.34799724159,0.974836090825427,91.1757227895061,-1.4155390578801,9.09457459780361,359.740610813293,3.05193567465167
285,0.987370140523036,1.04590164573048,1.05310257979822,6465.89081676694,1.00661350896866,-145.858367088926,100.550034411618,8.71088722668414,380.971941413366,3.29028867811898
286,1.03139103125343,1.09132292421669,0.913791603271284,6455.70547211513,0.986931224481592,-95.3177265056376,-101.2084803712,9.43227172420498,346.076348941924,3.27885486530218
287,1.08125091610421,0.949909239969901,0.954389945225726,6525.9398262418,0.996984390547032,110.684222782072,-173.853536974246,9.23246294925261,341.666910332258,2.92314324271116
288,0.997514238734677,0.906722720036657,0.912530640691071,6540.64374533444,0.978354722267056,12.9682729100868,-35.5617589597174,9.54317397127425,339.297134559057,3.02361698293208
289,0.969468665251769,1.07996666913745,0.904364679355098,6516.37896861756,1.02780366605281,24.0672733847368,174.728984813237,9.33577990142259,370.99314810917,3.40927507392653
290,0.910451575857205,0.983758663814832,0.95203155819241,6523.08209649807,1.02887782542983,-97.3879750223009,61.6698405896298,9.10164887950106,362.912595685163,3.37267982707658
291,0.939619526551948,1.01306605091432,0.992786497337667,6547.20053296315,1.00651163636179,-60.1974511652725,-154.361686044827,9.02819515443064,347.8890677732,3.36691945588788
292,0.930249365746987,0.945063385990247,0.95019333226806,6535.06160578411,1.00367336729695,9.35636454974658,-154.092451252313,9.23210121086241,339.76183578975,3.25816734405746
293,1.07202793866989,1.0445628606417,0.91353367238,6520.78350972298,1.00261229304056,-167.309861701289,-16.6797433885374,9.4054906981983,352.107097138927,3.08652466282602
294,0.996939257426009,0.933154908032655,1.08913962940006,6534.99753714807,1.01014134023975,-15.0817755997571,-35.2937833661966,8.59661351598477,368.815811817785,3.06302025079404
295,1.03019469343019,1.00908637388138,0.912454621176377,6501.25026487703,1.01838421703397,-16.3040489612168,-179.217368978293,9.32494519461077,341.296473424116,3.12486412363131
296,1.05725563987681,0.940272756427195,0.951724166977608,6466.47063534323,0.98981290389229,102.700602275454,7.75434380157494,9.23697455645648,355.256019055336,2.95461705257632
297,0.940976254830142,1.07556601563041,1.07591637099031,6537.0578425046,0.984327772682892,-19.5042623276048,193.99586245635,8.76434513995372,386.125430263788,3.50106716558349
298,1.054402495262,0.905433484245112,0.913040918252098,6496.39313768123,1.02455321235169,15.4807191810857,-0.87499678628391,9.28972656882485,352.897670889696,2.86914891785287
299,0.921094739991326,1.03135602094486,1.06442063212005,6488.04200075076,1.01653671105552,185.790661560325,-118.493416348924,8.63841466480589,365.102216769493,3.46548991141154
300,1.00466592623895,0.957427591616915,1.05857088380677,6507.75933658812,1.00807494505302,119.165663846358,-41.611810935018,8.7098551834762,366.901678459025,3.10368087637638
301,1.08301801368141,1.00660577344923,0.93159096456707,6519.58991181688,1.0175956810263,-73.2953291729893,142.871702799501,9.24441805425274,369.137584138204,2.99556486681054
302,1.08122865095315,0.955380897475562,1.09670429454304,6464.07115280488,0.982120940104149,-126.31006430479,157.595884003148,8.63941990084477,384.989391302693,2.9836347430875
303,1.03085851046499,0.930420856644455,0.98806468367367,6511.52980250698,0.975007845099363,152.966547362936,121.441414176614,9.16744378997196,364.330078599468,3.00760298986456
304,1.00104135471533,1.09342532305183,0.98355219585502,6548.41103190365,1.01007519992822,53.8685093015766,-133.618041881686,9.0536205004078,354.417481320379,3.36840007157055
305,1.07638555166093,0.985497937584123,0.932446681156496,6451.26075199758,1.0035853410183,10.9598488490705,87.7414489476634,9.25576905796007,363.797478281541,2.9808968896243
306,1.07805161060356,0.915881316928606,1.04629929806807,6468.74119440976,1.02149062318943,127.625405544662,16.3175019942178,8.67507651237007,373.801163637746,2.94371062452291
307,1.04204855972466,0.96287002263675,0.994233579786563,6532.16368977105,0.997555911830393,-56.8806938698233,-2.31502109988004,9.04922669042756,359.293288467578,3.0187415328705
308,1.06564985048744,0.967041609474175,0.934752318627149,6521.20140203308,1.01955869276248,-159.745008590587,-104.050354897622,9.22155942599936,347.847539439744,2.95135214179586
309,0.928394397952199,0.969588282316433,0.990070195781083,6524.88263369633,1.0090688550929,48.3714269913725,-59.0500213561382,9.01391431690245,355.045945615663,3.31497201322769
310,1.06828951061695,0.994257433479633,1.09582098760303,6513.41421382957,0.97757588449387,70.4710248301736,-69.9583938273204,8.69623693115143,365.46232484459,3.03979550708576
311,1.03726543933722,0.913928229632481,0.934976287435192,6535.57372589058,0.983630773421411,134.816450097176,-88.2895646182358,9.39850128925513,340.999555281737,2.95562197346407
312,1.02857638201174,1.03883011470197,1.00253095062901,6480.53106766967,0.982758662582266,-186.72425817503,-78.4214395037105,9.0438586712455,354.8859716653,3.18569184772518
313,1.03063255810626,1.0876609636897,1.07424089645261,6526.60647765353,1.0173068405952,65.9939613903981,-95.8852569735988,8.61896782646888,371.096030837685,3.27956645983558
314,1.08143900614117,1.03414646238117,1.01208812619609,6461.09894692135,0.996823332628386,-15.8566915192295,145.825443809068,8.92288488822093,379.670414071769,3.06045529495266
315,1.00932964403756,0.976080109794082,1.09536006570213,6461.07205933263,0.995352905698717,-183.190129931438,95.9616483067721,8.58650293098973,381.365168554539,3.10422771266982
316,1.08361531043983,0.956007465910098,1.07166833535982,6479.22182304619,1.02464620969863,101.584761438714,121.962710736575,8.56589657313453,388.178351953806,2.91217647171634
317,0.903601311120091,1.09256207141481,1.04533419841406,6480.47510953861,1.01976367989153,-87.391520634028,149.101535826451,8.69808608357809,386.697027144399,3.60940214893481
318,0.922516078082387,1.04073719549216,1.00813969532898,6459.65344701954,0.98451362969553,-195.038385489074,-12.4928138141977,8.99869266150891,359.764820153075,3.46384573137922
319,0.960253052152,1.01967149685955,0.959447561541723,6479.9919111507,1.0145915919239,-180.742865608659,161.157998076795,9.09874236285382,372.498248105373,3.30514062452119
320,1.07045277487824,1.03356093664528,1.01864431402148,6539.23024981397,0.981119810771723,-168.412335123669,-104.195932036185,9.01951411141187,353.502387187222,3.08548837106773
321,1.05891565574004,0.906934053345297,1.0165613670167,6549.54375161913,1.02134176563025,8.57827561743578,-174.543636285343,8.85629874437848,349.99483587012,2.90741915919706
322,1.06627470287714,1.01979570163544,0.922986599411913,6459.38572848234,1.0245776091662,67.6801051752314,131.714719726702,9.21303728200523,371.23656625844,3.06234237044132
323,1.07579578005645,1.01435447040966,1.00348927035101,6493.0427410321,0.989016795267467,-26.1616156565153,109.551862292063,9.01849305070397,372.066174702901,3.04404853868581
324,1.02038468620303,1.07850465799097,0.988676002875838,6510.70895787188,1.00787845318552,36.6788649225302,81.0535092342065,9.01355715212457,372.812742192939,3.28825326433469
325,0.947486693674961,1.00247275550916,0.92084496056167,6488.45113276448,0.999260024117276,60.889703818189,180.212421034481,9.36400723339328,365.82067117141,3.33445992341347
326,1.02013021330967,1.04871878323531,1.00125321189904,6513.41040313763,0.974255932968026,-98.2433676632612,-55.2587627179445,9.11225879719656,354.805489700102,3.24085824634833
327,0.994498671001303,0.909129749100477,0.928004819510663,6477.68143077913,1.02829196145406,-67.4611971587797,-7.18357675516699,9.18645487463138,354.081322027203,3.00205869742232
328,0.939219542547679,1.02215601421515,0.956136643103195,6470.69925784384,1.00099435770676,-197.797680335832,-196.93438694031,9.17005715851719,340.599251824432,3.37087459178688
329,0.943813761820372,0.907344272500164,0.921605150826138,6483.88606493387,1.01815514077479,28.8194573477203,5.06709038256656,9.26970007237691,351.557224498647,3.1360382510244
330,0.958697764641624,1.08635074388656,0.979403008247438,6458.70927667958,1.00702399096707,-154.464642609359,-61.9107428793232,9.02497867047011,359.234172744357,3.44090684892775
331,1.00148238774356,1.07484450493704,0.998709316068024,6520.22587660317,1.02956901033994,-147.404352040807,-90.1073897921922,8.88030534529132,362.251745262358,3.29843269395209
332,0.978915215119529,0.984365635707766,0.982204215053109,6540.76110025566,1.01284195866801,43.1620856362815,-76.2509128548872,9.04267051188483,354.54118107845,3.21381143740705
333,1.06475807684426,1.091012102297,1.06423965651005,6450.15651051915,1.008184082211,-179.54584742316,-96.9571118665113,8.64645043906419,369.57352797032,3.17533801345614
334,0.911904940069554,1.02075909058988,1.03731798269852,6461.44876380659,0.993030332982699,-17.5053964177832,-52.3787912956334,8.8350925879413,361.79258365925,3.46378597487946
335,0.924205000097039,0.983789558037495,1.05023560956168,6457.10076645333,0.974810800844914,-58.0914832656063,176.69028464757,8.85926821248185,377.573661423505,3.35947258609579
336,1.03371452934458,1.03573399133451,0.972383998167573,6509.36607912085,0.970607871041665,54.4384185638169,165.314779030495,9.26000779320957,368.658548838402,3.19905552437967
337,1.02251469366896,1.07473971869327,1.04479461109322,6462.05584164037,1.02414719843715,-173.42246225769,13.5869890191055,8.66674798164566,377.800624205332,3.24134414434118
338,0.928427424758692,0.902341322146181,0.984406852025528,6479.50407076542,0.999160029627856,30.8799546938203,-182.504371076421,9.05276019802495,340.550200947255,3.17095929649668
339,0.924600659024749,1.01172847929009,0.968633470634532,6522.91734875495,1.00913749891552,138.241745195963,76.9971306676901,9.11106607750086,365.615092120853,3.41720081328907
340,0.98598621547803,1.03459332447889,0.955076234851084,6480.63134987782,1.01733910959525,-21.4321934393671,119.352136207341,9.10691682142453,371.191671776864,3.27933724814333
341,1.06448447473366,1.07151246753226,1.08332704716824,6493.09852205133,0.989132009099268,32.8794986376455,-51.531030624949,8.68125024854966,371.304580932179,3.17944378820728
342,1.02021483336005,1.04111717252876,1.03768100369843,6487.45528870201,0.980011612101925,-27.788264615117,-142.962342367237,8.9075116682305,354.021554742046,3.22699029786953
343,1.07801940703676,0.969175492147571,0.930891949444665,6452.54477599057,1.00874934317719,54.7609269818973,-63.7583333674833,9.24057352751061,352.146597553127,2.94985034009262
344,0.91434237776953,0.981925778979046,0.962243499012679,6517.7120639735,1.00634675496716,-54.162508720984,-112.842978298004,9.15039442653393,346.453503842634,3.37150102178243
345,1.09760719323112,0.990800324239223,1.03765484715605,6464.05529675784,0.999135381979564,-188.985312052214,2.18204716417998,8.80428475440622,369.038370986362,2.92787093465035
346,1.09280348142354,0.97684134259716,0.907799202514982,6453.09557909193,0.993279205596812,-135.990025414722,-190.659161468726,9.42931820055338,335.865702816311,2.92076820241469
347,1.05124272279004,0.991704601776378,0.957848954394531,6540.00831830165,0.976968337612032,182.367531582128,-74.4133130490589,9.32063507254541,347.534162017549,3.08596693657729
348,1.07768073446174,1.02058857529589,1.0653414719483,6548.40131632105,0.987304326269125,184.454194163037,-44.2072420390319,8.79893678587098,366.812863058071,3.07766880765761
349,0.977102380947384,0.968077420850901,1.00828152146952,6465.41450431785,1.00322268912148,16.6819249640016,104.760725041948,8.91643814757882,372.316350215703,3.18228868870602
350,1.06672999238752,0.988088270062485,0.960466649870299,6475.93348973171,0.981677430202292,-176.94096712039,-63.0208084661147,9.23961902973746,349.526474339781,3.0036899494335
351,0.954049538426157,1.09328347717328,1.01154176525001,6484.72770390305,1.00482805605962,-144.321319461722,-22.3825003191188,8.90881595252722,365.64511454138,3.47137873799983
352,1.02524686428421,0.99777956635849,0.980355760130865,6549.38483888997,1.02281888572894,49.362383263776,27.7509444729131,9.01169846708282,365.95606092571,3.12310760273348
353,1.02413209596492,0.940262421564487,0.979027548652864,6453.94595328909,0.99853276224921,17.2098335830653,-108.900105558716,9.06008753957038,350.183852973061,3.01604274904146
354,1.0928057694331,1.08189092218745,1.04442864709118,6503.33866287654,1.02219814957886,-147.739062470615,116.203917709954,8.7026730880236,386.601015211244,3.09470852870762
355,0.92496416279337,1.05884213250988,0.955153513650271,6537.70905810182,1.02664252562952,-140.481612237954,-14.9297579738426,9.10654094907202,359.483301650162,3.48012370271587
356,1.09619747563254,0.996681487194629,1.07270950450291,6508.87315221313,0.992519794475176,-85.6865777896519,-118.710763565565,8.71889544403629,361.331009077737,2.96030573348174
357,1.05235963827554,0.977308101364606,1.00225509244015,6499.23254800012,1.00463674175399,146.230858249821,192.295737433372,8.9583732405702,380.58335702992,3.03587874368509
358,0.981516841714763,1.06550378442126,1.05290555893094,6507.35289514556,1.02736282861672,-119.810193788639,-156.294315876151,8.65098011481559,362.695660466798,3.33660008997614
359,1.07079239339108,0.98782996332675,1.06939377084141,6539.30902051954,0.973747455617144,153.385905194424,-20.6723778522311,8.83728442177224,365.201473166886,3.03343383722307
360,1.00208649780085,1.02531850221864,1.08527652134602,6451.91160944298,0.998610608099069,75.0888169722243,89.0827830792914,8.60607206297959,383.853719363889,3.23754262650026
361,1.03850648630742,0.926887025881624,0.959879117674336,6485.8715525417,1.01826623246077,-88.4960510341788,-115.718014453119,9.08244463599948,349.018589344527,2.93806456298785
362,1.09148960380762,0.901772657022694,1.0995641711364,6517.68212988574,1.01970815796695,-82.1522414615227,-194.273888933176,8.50249849631681,358.612479414044,3.07786463508659
363,1.04757390371231,1.06682891940014,1.0480952263907,6464.28502873008,1.01520567533542,107.569112843056,63.416206268022,8.69214266141256,382.601351358001,3.20178161949077
364,1.05322318655912,1.06918428793555,1.02272082284749,6458.86047139697,0.999257668580033,-168.940266131358,-36.9827875870277,8.86489700980648,366.451422693754,3.1714673757349
365,0.981421297825126,0.913201968828048,0.969764106793896,6461.09980987913,1.01849411260055,179.075210385788,-171.073409896825,9.01937955939897,346.166005968598,3.06607403097808
366,1.09102304145834,1.00451531986735,0.959913135590775,6457.68620752762,1.00003745608423,117.806217796299,82.8345909066793,9.14347008007498,368.022104686734,2.99776979695467
367,0.910045202292795,0.914580367073581,0.980574656526527,6479.52904940479,0.983943059383363,-87.5982004365146,121.393097318754,9.14071720771166,361.50011004283,3.24629857500718
368,1.08584561072637,0.981020538905513,1.0812222004265,6482.14957012479,0.998586219180628,-109.5884008736,56.1904168703376,8.64066581647462,378.331131262445,2.94487675192781
369,1.09579622303496,1.02069861920868,0.97156281682271,6514.78174459905,0.977375240707923,155.463632106159,1.23358031193455,9.23405667636152,357.994266161516,3.03642052779097
370,0.989869948407928,1.0171729576907,1.02495677255788,6457.17758062265,1.0109570332734,-103.227327873788,85.5810530026359,8.80413941888726,376.28271460185,3.2310861218698
371,1.06450695887684,1.0607917015105,1.01050019348158,6502.01698923108,0.978572557680365,110.138460161254,-91.4362478213143,9.0416751386881,356.821696278544,3.17457343500015
372,0.999339084563589,0.956854818585503,0.926765672599939,6512.95576968917,0.973259922089374,99.45809365048,-72.9652818955533,9.47457621696079,340.751274524211,3.13021540107215
373,0.900026938600897,1.00222582784745,0.909370381705521,6477.61695578209,1.01241858924734,-174.924151351254,135.735396942401,9.35460332751364,361.098366472139,3.43863687843923
374,0.900763984531717,0.94936477384038,1.04818081123041,6481.62701497293,0.976113543283961,-55.9064324798289,-91.8426854461898,8.87933269560695,352.478671840596,3.35194775126753
375,1.06854238043211,0.962669583517029,1.0577864943552,6539.18721448107,0.996029045174592,163.977257541757,-49.0727784147229,8.78538303024174,364.698300689713,2.98152781698758
376,1.09281568329802,0.917857904905115,1.03740385330065,6499.38140404569,0.993258928327339,53.0847514994404,81.5428366537325,8.85557720691012,371.701410724228,2.93586600461948
377,0.900872653930062,0.93339061774944,1.04260921012686,6516.63854135782,1.02796285030772,104.415116100313,180.309083092535,8.69881969401691,384.021863332721,3.30820602899196
378,1.04050810030696,0.959610441727889,0.921072984450171,6528.18238633449,1.00864895328855,-180.725595042682,-55.9798136396087,9.3451937085292,346.741947622442,2.99742932219905
379,1.09135996309686,1.00008022914204,0.986545827203941,6495.76996051593,0.98253296344031,-52.5171316540819,-52.0746976051294,9.12671397531299,355.029083011346,2.98338096521379
380,0.910471004037494,1.05351352570358,0.983300886380776,6532.21798868164,1.02102088006719,-115.202378120537,62.9413928680514,8.9971192559946,368.282715055202,3.5151496450976
381,0.994456360832596,1.0760313475843,0.943148135835291,6517.781320031,1.00646512733516,-81.8794089712669,-145.359638539531,9.23959095120559,346.918110930386,3.33992938498049
382,1.03032795209546,1.04771949162647,0.96312546875267,6514.48326040223,0.99370785445669,85.2827533130471,-120.313890042379,9.19906267351213,349.763811776145,3.22113494680052
383,1.07804300052723,0.957481919293116,0.973557197551231,6455.80919520803,0.976690732739277,6.34476108493125,-92.9629293088114,9.18643401647777,348.436161737557,2.93963255291637
384,1.06709604514844,0.902938677730991,0.975818809734387,6483.73455467691,0.971159657855056,-150.252640399796,-34.5429300325459,9.22211423694936,348.172993199791,2.85483666465648
385,0.998572916889489,0.980857949450974,1.00618753568242,6509.51316749057,0.97059542926767,-14.3619362185984,185.399696355035,9.10491445657884,371.561896271447,3.17207027517469
386,1.00380645602591,1.03550845349179,0.962372771583377,6527.39913781528,1.01637528891257,8.51841906165558,190.405529311685,9.10907261214952,376.861167588858,3.24471142694491
387,0.925110042952531,0.903389532977916,1.05403164235142,6530.71555373649,0.977212433747235,-93.7668668165576,-192.979054653348,8.8827068229266,341.734371696458,3.18651900719636
388,0.958661722156113,1.05462837478373,1.00359210554252,6484.80955931683,0.99230435769438,-199.458549713813,-80.0797889739056,9.00011409699233,355.698661447104,3.38797366421011
389,1.02929174832759,1.09483888876327,1.06941216539678,6452.35949646455,1.02391363628049,113.27936531945,112.150449428392,8.56127876853317,392.46700302852,3.28930866160792
390,0.991599151800714,0.979601058590901,0.960583145766639,6456.56948589544,0.983694121809622,-101.35854600879,-6.36917211591936,9.21765786881427,353.558174897514,3.16688463879738
391,1.04948888131934,0.994761965679589,0.911568889889432,6545.77898009882,1.02656345914565,114.075817259363,196.531160625688,9.3234484797449,371.330948213033,3.06576421572585
392,1.00889646656005,1.09255367005064,0.91512100812335,6486.56807482614,0.983522876080406,-121.666766346292,-143.67882044293,9.46494860876312,340.906826878846,3.33965580090204
393,1.0244827283132,1.05626437114946,1.01565967988407,6464.69627095882,1.01866742619601,54.3818828654914,-44.7337175492018,8.81495181675879,368.768916965621,3.23055563631776
394,1.03482605910721,0.951980995848567,0.969038441698842,6541.7485843132,0.987430270340285,-12.0046927368254,156.056454958406,9.21934058175055,366.09873441155,3.02317394418085
395,1.04154427005351,0.912440645232941,0.929460608855794,6450.78415907719,1.00785530741375,-20.9306298358327,-146.29005963909,9.25142242011822,341.599572131776,2.91221970517126
396,1.09158682421135,1.00593194478912,0.948378658822578,6500.06035711547,1.01077721996411,-169.504312810574,-90.1184739808432,9.17955639935342,351.818624918431,2.96748125546035
397,1.0613930981768,0.991932974080532,1.00931542840646,6493.28160022095,0.97263399655858,-133.700088071938,-21.7833445032436,9.06851545866775,357.112099656425,3.03351579966002
398,0.941837093081586,0.909995805731936,1.06872993281036,6548.11925291641,1.0175885724398,141.513968681867,-103.209147873182,8.65597776921628,360.172128613392,3.15953673327733
399,1.09212539510264,0.939385140890686,1.09028596207237,6549.48192939659,1.01270336834476,192.457492716729,27.8159118268415,8.58878612283951,377.883957134872,2.98463851752808
400,0.951908356635218,0.987399177133124,1.01871218707576,6457.3081562027,1.00734059587703,192.471134704918,-123.956940086509,8.84775239978612,357.0002681373,3.296461087286
401,1.05851902325768,1.08157975875592,1.08874031856404,6546.01356044055,1.00128757832329,190.923163196601,102.924082853776,8.64213756157404,387.199952780609,3.22549485794456
402,0.932334287247392,0.995380021293594,1.0436662350744,6474.73403158191,1.00843691101293,66.6401916186477,-134.920102476574,8.74926478663783,357.987829465869,3.35551019685546
403,1.01301706249055,1.05432538219572,0.999779132907188,6451.21031167761,0.970542308144758,-57.1882624119951,170.477627372713,9.09280196228378,374.187242715541,3.26970820866507
404,0.945735355920722,1.02687273777434,0.944415174138664,6482.16699896595,1.02088252537609,91.5445769079788,-161.840289074716,9.14410694333282,347.383844678171,3.37908603104811
405,0.985740404197287,0.905833952729053,0.996178029320602,6516.24340117011,0.977110157415889,-84.4460244363337,-40.8653497991372,9.12475126762136,349.25185728533,3.04053539057992
406,1.08390620493121,1.09865100308459,0.908982259799123,6526.10079234954,0.992303443984141,-43.016725508208,101.705989338809,9.4812814121719,361.58870189176,3.17542921786927
407,1.08368528642908,1.09018571890051,1.01542451720766,6485.71211593005,1.01725294515153,-99.5994466950799,25.6296115334071,8.83508224633268,375.260572787703,3.13542194163524
408,0.971715692304975,1.03132621474158,0.948079782578701,6469.15929457348,1.02509434520053,-159.278526820185,2.38316309397266,9.0979319086861,361.374823457923,3.29188122046409
409,0.944170556592602,0.907785992665133,0.907203763658285,6467.52217721058,1.02200622127036,-87.0085024091893,180.183668230118,9.3131981589421,363.885399713139,3.12375733597276
410,1.01632445859784,0.987322837953753,1.01601776693389,6501.66983852263,1.01552657522544,-87.0015736108591,-58.779843359879,8.85242698768379,362.017919099139,3.11148749660565
411,1.07881886050665,1.08929130263008,1.07851164549729,6491.94479939573,1.01682193018041,-9.46570667956048,-0.984059141559124,8.58013087411497,381.267850953754,3.15575116669148
412,0.940936021811457,1.0182260606517,0.93722717955067,6483.15646990672,1.0213018120972,-117.169676315658,-171.536685930627,9.17787497777234,343.958840772946,3.35583466818333
413,0.913801518522563,1.08815690410062,1.00138408759237,6490.9412071817,1.01865271486048,134.330371164206,-67.1235867537582,8.8978922997851,363.890169598884,3.59227968695275
414,1.03872361149476,1.05422456317038,1.03093013737319,6465.15950748001,1.02255298501102,15.6378210944035,-87.0110294519985,8.73309099138869,367.828421202907,3.18577864235165
415,0.985045637087539,0.907514218079781,0.925573360244484,6526.55467505159,0.970000698085322,-33.3736686070831,9.00407243423538,9.50685869337746,342.824814442798,3.05468145703776
416,0.910926884000195,1.09461563259447,0.945225066249934,6480.41987196363,0.988236550735302,-107.83333515306,-199.410471165475,9.28965061253324,339.490981211927,3.60971355933044
417,1.0458689588176,1.09336909995986,0.944858696657009,6516.30471918034,1.01451377961752,139.37015163621,-30.9483211945563,9.19221678108016,360.89252659878,3.26111911543884
418,0.960586181128086,0.965059026804606,1.0425242666197,6531.67794665056,0.980896838065396,-51.6235967368939,160.77607869966,8.91445195471943,374.212566167164,3.22822829044105
419,1.06133870393895,1.0969716805525,1.05084965193642,6489.31952010279,1.00543827003968,64.4057016989281,-168.61767347315,8.73946598998278,361.923526369665,3.22498240384215
420,1.00889939182077,1.04186416569452,0.933464260800212,6528.06317174256,1.00502636683085,180.888714279038,-183.031080717243,9.30075840384858,342.68072117604,3.26536854057701
421,0.953065227511093,1.02031077585996,0.959311982441186,6521.44241640712,1.01554031695132,-158.99361437341,5.54178568270709,9.12436011007561,358.982554787369,3.33070872506334
422,1.00177811111821,0.973856154043108,1.08658497251393,6532.75063198732,1.01183256291458,85.730654293999,-15.3135424747524,8.59790199888031,373.065801070112,3.14028049721731
423,1.08419890421932,1.03891908545066,1.04579621233116,6536.16909037873,0.986444295360531,122.828361546681,-121.903758817403,8.87579704609097,358.660633639106,3.08894990329769
424,0.969068390448978,0.967122090853968,1.09570509367783,6535.65372237479,1.01207019169542,90.8227046461561,24.8291177610284,8.56376760121156,376.711603803332,3.20669990200875
425,1.0894181334217,0.999251750576472,0.976103541973979,6466.30353369316,1.01717233913566,93.7775728302366,-46.257984590346,8.99705454821494,362.376138644966,2.98174436773012
426,0.905038682791846,1.0677994655436,0.902283596690815,6520.36997796291,1.02821542658356,-24.9354687407186,-106.010638001619,9.34921575054487,346.759205545857,3.56294018975913
427,1.04097420200868,1.06342562840312,1.00928606321557,6546.70352752561,0.973100123299478,1.91823932181125,87.38157892902,9.10419014327461,367.716046471206,3.23057812182604
428,1.07252809422984,0.935851122381558,1.06000069635274,6505.27070757185,0.993793220919398,-147.313988568363,146.118303563565,8.76320370020076,379.222384561025,2.95486414979024
429,0.931454641635943,0.96195757184182,0.958009106392487,6537.14140341909,1.01036217965253,118.672558876549,-99.8128404830004,9.1654533201485,347.683605445694,3.29672472020792
430,1.0249748199214,1.01434919662875,1.06656607535765,6540.60870604813,0.970729406288643,69.6079676235171,-179.265680352108,8.86455270445791,350.625403565154,3.18324695793638
431,1.00977173301547,0.957526545808736,0.961355319904428,6485.29585034524,1.00727754694298,-66.3800137324923,93.0796202361122,9.12520609917287,364.930086194313,3.07321215070847
432,0.980905477114774,0.913670640061992,1.05675196849682,6478.57583245927,0.995966012775956,74.1775532887606,-67.0175371405152,8.75099193826278,360.38450950256,3.06996183926972
433,0.911317131229343,0.974784209402563,1.08888971653886,6514.17343972986,1.01028874892003,52.9128614550559,-120.403144416225,8.58502535393198,362.424309236152,3.3715668512876
434,0.983666772820456,1.05018795967266,0.920274579510632,6477.78527760897,0.986579146507951,-27.1924289621976,192.147496376874,9.41820037900624,366.616776928257,3.3314269835079
435,0.913500509336764,1.00374019887612,0.935872936402442,6547.06765454097,0.976798210283648,-38.5595990553635,95.1539939338425,9.43838416500401,354.075904454,3.43678043168876
436,1.04091088560549,0.984545727378786,0.969304833590544,6489.76123785529,0.985856575789518,-117.86682451728,-6.78412097644401,9.1885399988766,355.226797027033,3.0601016707947
437,0.953706751213521,0.95749233297945,1.03135121269491,6546.85373316999,1.00621823203356,-169.208213174013,-169.766554458373,8.85929940028399,348.467152914904,3.20975340689615
438,1.09028464416911,0.959458158061467,0.918413397216495,6509.90445871504,1.00741892669742,59.4019280474753,-93.0391888569835,9.34990083490007,346.181539132561,2.91073698205394
439,0.903022136842895,1.09300307389089,0.95017860913822,6517.60262880525,1.01239779219272,44.0029668317943,-74.8370423145407,9.18068727569935,354.145646248785,3.63192063713664
440,0.954219250752813,1.01953365654054,1.07321912672234,6544.67337289234,0.976354348264225,-138.068554960912,177.894503513232,8.81592523675694,379.891962381499,3.3505845028894
441,1.04730704566696,1.07659876496595,0.940526526827069,6508.75858711094,1.01206837566505,72.0447541787891,-36.7393236533208,9.21899145810791,358.538906163521,3.22179175578825
442,0.903078978338262,1.01658521136085,0.950620307835922,6495.02542461429,1.02745486090503,-40.3858729430261,135.920642665771,9.0952273710296,370.810382550485,3.46209654607993
443,0.93770812114985,1.03449209960501,1.09540139088779,6460.18931008729,0.970499196533631,-26.5668829469543,-162.949806779453,8.69652681170954,356.075447830325,3.43044029766594
444,1.04967686993525,1.08290973276971,0.986804194541752,6475.87116421554,0.996064199140397,89.3791271400004,-196.378335367852,9.05040511999088,349.949830417155,3.23466512949936
445,1.01789079789694,1.02265833697748,1.02753764937919,6474.20220799809,1.01284316340269,-163.443405467289,-120.29186541328,8.79587130889264,359.633708315529,3.1645997219177
446,1.0754940093309,1.04774463014531,0.902749110802269,6474.83762603698,0.98286438897959,-91.677468785211,-100.976091888045,9.52196452517467,342.518852306617,3.10042145468887
447,0.912505259148569,0.991788103319364,1.04654669495723,6510.67317247174,1.01037230011588,-167.540328585504,180.596284070715,8.75352780034154,382.32936142147,3.38616677700317
448,1.0676983667686,1.06101806369913,1.06459676100835,6543.27105081328,1.00265523796682,-119.88719285295,46.7134431410165,8.7311277796581,377.145563936176,3.13389513085324
449,1.04857629873359,1.04758347867081,1.00428980483338,6456.84587193336,0.992266776305808,168.306643385343,33.7795639029704,8.97563783999218,369.736196050578,3.18137181520526
450,1.00766638865114,0.953770702876439,0.973689783983316,6539.53460891532,1.00998778285161,114.954810700933,-18.2618307729379,9.09320145152037,357.371543594683,3.08967440140621
451,1.02604944389123,0.949676721748641,1.0410921660567,6492.76013337033,0.996552730888885,59.7289298307527,174.512248587571,8.82231424945429,380.836146853203,3.03747494827396
452,0.912801269321724,1.0649486474694,0.958476622082439,6494.39194545064,0.971314799726501,-79.5815688662748,1.05249705205219,9.31554577841624,352.418585093773,3.55869230589902
453,0.911235215469488,0.998219145876633,1.08542212577169,6460.53932181078,1.01586644368453,-36.1315786496029,62.0694858097352,8.53965105548675,381.038443329118,3.40545608261924
454,0.952047319597046,0.931898452508272,0.932092522854245,6457.04919456431,0.981138802294075,65.6877539955873,152.676244737403,9.37032911839146,359.894303803006,3.18453399537697
455,1.06282513711823,1.0370268619749,0.92208637268222,6478.91874462959,0.988588412519348,-100.017221440952,6.00226388388925,9.39813689351782,353.512351349956,3.10686578238905
456,1.00711076297593,0.971377195034222,0.970757831747287,6532.85555979061,1.01735757089918,-76.8816673277017,165.515377549304,9.06916961672091,373.024726915454,3.10504582457044
457,1.0905630034005,0.965348508406008,0.970884989758611,6500.5634153422,1.02646724875202,150.527773256925,-158.972814966564,9.00385903836285,352.074310284925,2.92093264494543
458,0.978546148654283,1.01067423794995,1.00062649451031,6469.38630679369,1.02152900627009,70.7763131987349,135.163349940721,8.87242200839937,379.37349856241,3.25843520976252
459,1.07175285586989,1.04967117073315,0.987842120249943,6511.05467550154,0.979621924367185,69.4581669899631,-128.298697704288,9.14551540838556,350.44147449863,3.13384780594207
460,1.03878991810203,0.945919632150794,0.923510260030044,6466.5284490143,0.970119528113144,87.4958471414121,92.9604196233516,9.47150119480723,354.143455952689,3.01446601624182
461,1.00298666998265,0.932272560211077,0.916710867502138,6451.91289664373,0.979944890617913,156.342213993259,-103.385263319327,9.44884662582119,339.344723632982,3.06917341830286
462,0.970854265443443,0.921069096896267,0.944472260949634,6501.92245707802,1.00646516098574,-101.859074333516,-176.907136309953,9.22250866559918,337.782234322024,3.0932170017194
463,0.97820657382548,0.946840674185267,0.94391078464596,6545.98628027135,1.00697802915554,22.7513772688384,-33.6899585906712,9.25390775228566,350.056087969925,3.14157141595324
464,0.985788866686029,1.00818100076762,1.03928596140722,6520.21460961818,0.980301634462327,0.0451008306507905,-35.2167619863592,8.92256778084,360.388593745316,3.25388008134028
465,1.07410539325388,1.02628378424368,1.0065008132832,6461.53946421789,1.0063382733594,-153.118437727907,-65.1173697736992,8.90554503281263,362.134094628588,3.04435442162538
466,0.928568392962866,1.03841472940487,0.94125042276723,6489.1859373188,1.02374048665713,-118.273446640412,3.12202558351165,9.1519851946751,359.322559320148,3.4296929270259
467,0.983854332233204,0.903624808209146,1.05855162271456,6456.90459063146,0.998455301258617,24.27131797558,51.3705826458348,8.71798486577534,371.196555429201,3.06908132850553
468,1.03772632586158,0.950654476704543,0.90199575533169,6522.34436623549,1.00213939596085,134.4470812829,128.555345160278,9.46941857324271,358.810886735266,3.01934518318221
469,1.06866523355758,0.997018931995908,0.966725679167373,6529.15582025914,0.997077646781755,-126.623121438626,141.98960782459,9.17583826096651,368.746400735409,3.0159930600274
470,1.07651197535447,0.993261951228034,0.915139945461958,6488.78260899169,1.01821225956776,160.709611418491,-118.610903000962,9.30194847655952,348.067258501424,3.0062097955592
471,0.913394722405054,1.07547009062657,0.977880987795775,6504.17609642676,1.02808394872305,-173.374108834311,59.3272029808382,8.97144600938183,370.00124363317,3.53809180839808
472,0.914821084514973,0.9750937856933,1.06076290903869,6493.34722327556,1.02983094123418,23.6237139786409,-71.5351389456186,8.60083087774621,367.479379389916,3.34954091013017
473,0.944022265180951,0.970104106857232,0.97450665475191,6456.8713677724,0.992174451965606,-14.30459210431,89.0951008955219,9.11405499166086,363.813836370826,3.27226992880601
474,1.03134589694432,1.04175313104583,0.901672736375371,6471.76673995805,1.00970105730399,-6.40425272810115,-197.874609732662,9.39906302769615,339.223439474188,3.18629079508043
475,1.06089892848636,1.05456191465807,1.00968383259871,6456.64633257763,1.01599090297196,33.4854350925456,112.783990863184,8.84615950186237,381.301566176963,3.13842582293434
476,1.05034939847917,1.06060041439157,1.00360161328092,6464.03245181935,1.01026944840278,48.1895140207882,96.9012748796349,8.90322377865857,377.945621669265,3.18029925983606
477,0.933976201210147,0.938995039980058,1.07808190344387,6524.99777984521,1.02449370932202,103.486128465568,38.8621223961207,8.57438613524137,376.574540258092,3.23360564907708
478,1.03082654740557,1.077825584788,1.01576135090239,6513.23913243284,0.979388602960216,-10.4315119535589,86.5588447832396,9.02313722472715,371.037145826469,3.27374079041895
479,0.954188539663273,0.940450836104907,0.962765361644883,6474.15006279928,0.982894758222184,-30.0596628527652,163.135405553414,9.22447089548323,364.687688667832,3.18945577730107
480,1.00141192934774,0.937584076163065,0.915394333876175,6519.61561451379,0.992967925866183,128.732378634144,63.8043074563081,9.44258128347738,352.72141474618,3.08003111958305
481,1.05924829010827,0.95438920788369,1.03847178449221,6476.40619846937,1.02634410876702,54.5497126133498,-70.1952799298632,8.69248527522183,366.97549028465,2.95461954489878
482,0.953902372458455,0.938185317014329,1.03892819177875,6471.87156129979,1.00571819595565,-94.1459892298571,64.7875779175474,8.77854248542518,370.933351667843,3.17010153820366
483,1.06298794570811,1.05560504862893,1.05217026618616,6468.77224056922,0.975303096819071,79.5795313949542,-52.6611144822595,8.85386925501314,365.026925701488,3.16422897744093
484,0.986469245280669,0.906229818558678,0.95191528985501,6453.36764038745,1.02275114635607,-102.641326712588,22.9348678292032,9.07859153947689,358.94708209522,3.01307441791613
485,0.907795864132226,1.03336947826113,0.964605469150819,6539.79191869577,1.02328709133604,-69.8837526553009,160.384358276187,9.07874598075711,373.196176745748,3.48705940287286
486,1.09923153469976,1.06508313282479,1.06897426955105,6474.90087361091,1.00460214393147,-173.097634413053,-162.032825271332,8.65858029293508,362.831934629003,3.05619600558399
487,1.09977852240666,0.965327849885182,1.04963678240977,6530.66650530268,1.02148139626043,199.051318960863,-103.401405897253,8.70229597041548,365.127066266132,2.91012039430943
488,0.90807016537194,0.982238303598917,0.926016133965789,6452.24258891621,0.991625609628489,113.495300430095,26.4722764900283,9.34868028565091,352.840636584905,3.40452385258215
489,0.962555597842071,1.03086840109854,0.946403636061762,6451.43814460721,1.01586120318619,49.4972339456036,104.921049800384,9.13493051041057,369.240066059249,3.33862478115238
490,0.907787603337533,1.06742392556613,1.02390524000726,6506.33953507126,1.00747684288687,145.773298747346,34.7746026235628,8.85924118503094,371.700482956726,3.57751294555665
491,1.01619007597764,1.09813583141315,1.05134603341371,6494.22938054511,1.01244382000198,-44.3078113232846,-108.4498150066,8.7113940851981,366.711107411323,3.3229616719987
492,1.01937037537755,1.08563641962279,1.08582790400309,6484.19052781055,1.0016606479733,-115.345640572056,198.252443799553,8.61189803119091,394.382416216328,3.29055431005059
493,1.09622358157359,1.02990178594149,1.06088281193549,6521.51001612837,1.00558949314237,-178.660801204441,-18.0942629789356,8.71838954955826,371.401155247666,3.00453362878158
494,1.03495726043348,1.03550632277674,0.974624523684477,6544.1691986658,0.980041421934207,0.143778486224244,76.3535906203291,9.22931832765611,362.484804637406,3.18811631044911
495,1.03942716117836,1.02972779135376,0.955057642690372,6465.62065686866,1.0081564196096,39.7208464557751,-128.257595884304,9.1364684043885,351.326391571674,3.14875616124076
496,1.04102782911411,0.991034398346731,1.03355211832063,6533.73670797701,0.980183705714615,-192.342052801265,111.641034558315,8.95573401729441,370.620415929583,3.07170421150896
497,1.02193948503052,1.03992791392442,1.06763099499773,6530.28109348245,1.02765520881573,14.3740315408473,-4.60174693603785,8.60443695128142,377.521934265654,3.20233940613883
498,0.980377439978146,0.930738208568841,1.0145214465764,6477.7012524326,1.02527845073278,33.276321710839,37.1360722032441,8.80121733662084,369.966510286334,3.08946251541401
499,0.970984932175402,0.910397870395542,0.906348753074598,6492.33351441532,0.975073922685834,42.7387822160556,152.389202255863,9.55681656699871,353.400968415618,3.09536624567775
500,1.07658296330374,1.03180908202645,0.942246366294586,6536.29968313589,1.02316560611879,-121.338566018817,94.9704343082709,9.1791371527304,368.016192264181,3.04831166778413
501,0.957303909785425,1.06052806247059,1.09944757998072,6453.00260053294,1.02384195194746,49.0522134394632,189.353047665928,8.44623384192418,399.833546972445,3.40582577658005
502,0.993001903505285,1.06947758611427,0.912478813719655,6483.52790500783,0.974020992265073,190.137253391628,126.789562908735,9.52290766767328,360.218424157564,3.37047090818428
503,1.07050948424919,1.08759304628678,0.917020697223957,6488.55975925133,0.97426209334264,-115.682759379989,-108.253689184931,9.49983600398684,343.173449650113,3.18681195653539
504,0.993821442209516,0.953712433490729,0.920195621363552,6466.74910890941,0.978836533813125,189.230719164919,103.717002767389,9.44746537499543,356.188059381005,3.13837608980392
505,1.09355229305391,0.987948097301582,0.955673696332531,6529.82931972092,0.989575235082469,-80.2466505178607,-106.997603116868,9.26323350325319,346.474574789741,2.95326548337489
506,0.925935795644847,0.951292612203353,0.971063949694777,6517.39942081457,0.973753890533167,-115.797224133863,123.609456116671,9.25966537170055,358.999471191193,3.28738819766903
507,0.929384384716754,0.968529029304504,1.07293178437163,6465.49253111434,0.974964210137091,-6.18480196799567,-79.0321954885854,8.77036243539527,358.500953511126,3.31655046220535
508,1.01268167289677,1.0607609780967,0.927429697630549,6508.06990845543,1.00033052562339,-142.36848559472,49.599394211593,9.3382503946187,358.665097309866,3.26214792685441
509,0.954728083572154,0.997566863708803,0.916454464855412,6495.95840572136,0.988387808082569,128.952484474142,-177.208509201053,9.443074597893,335.568786451572,3.31707125132178
510,0.983721454983666,0.991686284826288,1.04500121525982,6507.42875750902,1.01003274023165,110.819714260702,144.881189463276,8.75769895282748,382.319218306828,3.22067635090268
511,0.962775099344494,1.00760454107278,1.06802161568784,6548.94511309651,1.02337115866263,-51.4130949502493,-121.93339311254,8.63442606297592,363.10647284288,3.28667076510839
512,0.997878507481318,1.04832829036721,0.99851381415066,6498.31808633137,1.02029382526491,-55.4384883731255,143.917869924658,8.90654364337118,379.811814567579,3.27235706431522
513,0.981360960190345,0.965646621135668,0.99079798223994,6526.24469586749,0.97756012167184,-121.432313651193,180.577930265237,9.15440786005205,368.389734477493,3.17263305299958
514,0.935098325476271,1.01354546358621,1.01586289333239,6498.96244620502,1.00868471491461,-108.069309680953,21.0649071106993,8.88309587397387,366.705444689356,3.3709240529101
515,0.974434651049379,1.03233345192584,0.92824470867463,6507.08774168395,0.981116221322999,-88.5427747539854,-112.516079870567,9.42547378639479,341.024723824647,3.32142662655873
516,0.936567555973763,1.06514219031213,0.957141513532178,6542.71237818644,1.02819559152071,28.5041879748389,-142.799550933709,9.09344915259786,351.178332780481,3.47373892575523
517,0.974909648675916,1.05954645266964,0.973478145739414,6458.70172183028,1.00340709465569,138.048340598414,118.370554857401,9.06818287319021,373.41669793659,3.37545042704628
518,0.935024628026071,1.03455292288249,0.944100852687129,6471.82075345522,1.02244430639831,-100.132418903908,-94.7010613927955,9.13160586312054,352.219130722455,3.40503202574754
519,0.90013067815226,1.0741338068251,1.05851896264183,6512.73289350907,1.01501594583633,-139.180573030203,-16.6705621649698,8.68578310863076,371.339078785518,3.58563250414466
520,0.970243877469756,0.918755305251403,0.997226097042985,6542.07396503426,0.972403547143042,-83.4156346024824,-116.983625517719,9.160537653199,341.812991951289,3.11062135862034
521,0.947629330733139,1.08168691037588,0.993613810846858,6496.62994129398,1.01563453854732,-138.20311839803,-5.09385835997969,8.94885723054206,365.899486124692,3.46232320905083
522,0.985997042824212,1.01938213810933,1.09991154065009,6526.9448894082,0.993871942181046,131.021220909619,-131.716654675008,8.61928013353577,363.170707529048,3.27934727408959
523,0.906092737261792,0.940889674492855,0.968082311222852,6501.05807574596,1.00690774843247,164.242286885769,3.94160382018307,9.10888772829398,356.583803243631,3.32045124995611
524,1.00025512892515,0.910048601964596,0.906982310531245,6505.11599619164,0.996290716794901,135.672157992119,-135.728166115262,9.45967537691351,335.896898863429,3.02456408119092
525,0.90499433242341,0.989807753586025,0.947495711350452,6454.96143733388,1.01347589721086,-155.362800017101,43.3278000031087,9.14438896365834,359.722714724571,3.39819821558789
526,0.956209950033378,0.934699210071004,0.975950304583863,6530.1445776223,0.993525614614274,100.307859684422,-149.80548128034,9.15236446702952,342.20907631308,3.18029675071206
527,1.05455428393302,0.94738666498133,1.03547862597777,6506.5781554841,1.0257486830327,-45.0709928098744,-173.533924466224,8.72787253403231,355.778781894803,2.94560920842383
528,0.903831097110251,1.06537171219455,1.00494712753229,6527.5244051835,0.984065536000691,-61.9665017947065,-187.958451115472,9.0626572145547,344.459753543303,3.58282405364816
529,1.09229846491482,1.03357358134016,1.08664101755186,6476.54964074291,1.00668781667354,71.3999873170551,-72.9801198969646,8.58059254751456,373.040408294376,3.04199097307434
530,1.06962184700313,1.08943229258005,1.0769710235392,6523.90669759394,0.986647880783497,-87.3535831577473,185.344128178415,8.73820843507394,389.065604522235,3.19010440570659
531,0.902056899187138,1.04320999464843,1.04124923251105,6512.26895409498,1.02940653076521,-75.2482256945099,-64.0112544827007,8.6954273224702,367.076883148867,3.51673893612935
532,0.915787880589311,0.988559627308747,0.95220970524697,6484.33867021776,1.02007430741534,174.193805410998,-125.706771197926,9.11266652084128,349.283128166009,3.38968439315311
533,0.974501786310693,1.08572611242308,0.912361692137845,6459.23605281114,0.979767459352374,38.0851336507499,-139.811091597601,9.4782224618452,340.974530365863,3.43029142593214
534,1.09361527629015,0.989342905451704,1.00030359207003,6474.66586158054,0.998257615146084,64.7654530548046,100.470854781617,8.9776930089369,373.157142793084,2.96222780002864
535,1.05077361654198,1.01557822253882,1.08087195499877,6531.74078473061,1.01542288688192,-177.757791327816,-197.24881511214,8.60353988450428,358.496472323682,3.07696253312856
536,0.942489455439095,1.03270471878269,0.982239497776509,6490.24062592993,1.02307521329378,158.225139252735,163.670105621434,8.96319171851706,379.532142815748,3.40469949106755
537,0.962775615303005,1.03821116254785,0.954326636254874,6469.06098330744,0.981077947440842,-63.1569516545624,-28.0169520880713,9.26968751966641,352.223241076224,3.36238227519436
538,1.06618983421101,0.923978218694542,1.04698516947898,6503.14549141893,0.98727672056056,-2.87216618687016,-80.0231720891909,8.84500030322876,357.484281501499,2.94928390692931
539,1.01921639104766,0.986768784571049,0.932881105815776,6461.65830745557,1.00280174092433,160.965213314441,-62.4169253769258,9.26618666650823,351.337533744687,3.12985737406666
540,1.04660002144452,1.03173227098795,1.0863109828619,6532.09810172991,1.00399631553433,62.8121992936429,159.354586633614,8.63112933701158,389.640712586885,3.14630584301652
541,0.979903756917387,0.965358941171556,0.902162216727039,6532.65510741915,1.0180588420242,-158.218192759939,30.7429524530801,9.40318379757883,351.65865445069,3.15250499066514
542,0.992796339633377,0.923741819101822,1.09611364541214,6471.46958874634,0.974034050805434,37.9389518007638,95.5466708532131,8.68434176898548,375.568464002299,3.11261725424569
543,0.906488689209437,1.0317435277454,1.00645837519029,6460.32650088751,0.980351432616782,27.1897189264322,-81.4569545946846,9.02612320149869,353.784263453495,3.50951662180823
544,1.08766314573026,1.06374804589681,1.09671344130273,6475.96708389504,1.02818341796788,-27.5064520833769,-60.9924818744982,8.4512120651577,380.062152025219,3.08259513121566
545,0.910069905393871,0.91055305157192,1.03840225118933,6495.7928994434,0.983591297562166,45.5881225300931,-98.8567526999555,8.89638897764135,350.807387004075,3.24704471407735
546,1.01552635086888,0.971841749396538,1.06471044532236,6532.06961607668,0.998641023887344,-59.6723562659938,-54.9760813763622,8.74181462145294,363.780060373022,3.09732571544794
547,1.06114290513364,0.965635896559522,0.941811874741369,6458.46883418753,0.998001587253065,-7.14716043206325,136.363484161163,9.24117657289436,366.409868907599,2.97903936978702
548,0.944247739289213,0.97619825473368,1.06168114777874,6532.3623610749,0.993076664558726,-16.3503906853276,-78.6856436602868,8.78046722415031,359.290027620428,3.29022382214063
549,1.08651097568386,0.923728753148316,1.08674988460029,6518.38664518353,1.0018943291612,-186.936375686202,-9.76152327119668,8.62853383512872,370.09912514377,3.02059705472089
550,0.981549621000546,0.932243762395024,1.03128192070013,6547.11509073683,1.00373132866387,85.9013105775783,-172.619818973593,8.87010589492857,348.723052632108,3.10936377095449
551,0.983533399163399,0.923271697032899,1.0225591671073,6543.84821582142,1.0097066639483,-169.278780674231,-58.1335180059669,8.87902840393272,356.683986796425,3.06148336235075
552,1.01013267588817,0.98064155122665,1.06672880209503,6531.467100471,1.00670986120619,-50.6168219469179,-97.8654504947023,8.69822160877263,362.233934647575,3.12367444468876
553,0.921174863642626,0.970979536697311,0.982634503441544,6517.58229251041,1.00948958945785,-171.956744143497,-41.8962738275369,9.04102326901502,354.366899470583,3.3192850454776
554,0.936355773443472,0.931362541063361,1.06546042994745,6454.19152167163,0.995150972554127,-132.718537693393,151.73208627139,8.7034057552414,379.362374323396,3.20077443590535
555,1.01140810265501,0.94627612727537,1.00048545743328,6523.14863597031,1.02748708053517,-111.821598301832,154.472708851738,8.88319801608074,377.358325135152,3.03631643440505
556,1.0868608228335,1.08328410890641,1.02708287137238,6512.98206544347,0.994192637991029,100.959152921515,12.5176073403728,8.90499110545969,371.409690109283,3.15364022821104
557,1.03548761424566,0.985691580769759,1.04629929280863,6532.44715176046,0.978786175396169,133.171886229691,16.1186127161229,8.90687749966567,365.71261463653,3.1045418557543
558,1.06893318181804,0.986260341268203,0.975808097076607,6541.50607325172,0.985070156052904,137.684930114457,-6.39177099623836,9.19746283266135,356.583834869409,3.02882732400953
559,1.00281908851025,0.961693656297897,1.0146084401238,6482.52111962762,0.972356164854499,-91.2005578622576,-197.448382637364,9.04009175432234,341.403371375356,3.11302778967744
560,1.09567095741137,1.09314944196395,0.979031059494461,6522.83708543396,0.990748365904625,68.4372628343904,122.172017218392,9.14229483018885,373.317741991718,3.15189844402271
561,1.08935124893845,0.980042455169934,1.05665959659121,6476.59284506321,1.02941993822762,-189.69216049426,41.4115226004484,8.60431908093514,379.700206961752,2.9093690003331
562,1.03190119633027,1.03760911141483,0.924077515757818,6543.85297834731,0.980870996743005,49.1013612959364,-110.929568350766,9.47290062916086,341.777267019668,3.20406742046415
563,0.961443283404254,1.00929170834562,0.983438683712915,6466.02256009765,0.980256184145251,-32.7420847348801,102.9131913102,9.13382045160034,365.392563525869,3.3114359776654
564,1.07959292936956,0.916825532451877,0.97862078151188,6460.02455637229,0.970995548837956,64.6874730575827,40.9797767866351,9.19257561193475,357.267565410918,2.86611198168432
565,0.932603822762977,0.946762566618613,0.904741550728904,6533.49472056944,1.02848143576291,-145.816185282124,-107.409914493881,9.34401139363334,341.308558967217,3.23147058439079
566,1.07368190478939,1.08529275959124,0.983925476561362,6455.06224722691,0.972363510021569,29.5799464276042,-42.8419564427284,9.15806634589724,358.269282624604,3.18819813328055
567,0.905730485515531,1.01665047846251,0.902260507317804,6528.73719581493,0.988385969362202,-183.896798796307,35.3408883932613,9.54203657618149,347.074347691524,3.46781056217623
568,0.979536882886611,1.09476008267143,1.00883973250074,6477.5239181037,1.01256633187804,-91.4031989829155,161.697316563026,8.88099650848483,383.039937837239,3.40528057139066
569,0.974944394101475,1.00997371255524,0.910114620764846,6492.61212379522,1.01994181237966,122.259522145337,-110.272576458589,9.32500334300068,346.683046562558,3.27393001143855
570,0.945215814202113,1.06346106244265,1.08607968403387,6459.5360921273,0.997003518365574,-65.0182884143084,148.275382182976,8.61610802705508,387.961039677057,3.44907968299196
571,0.916704982936004,0.942225188511608,1.0504936675173,6455.12938489812,0.999552122842857,-23.157186128112,-66.2395284045005,8.74666569766855,360.392476599363,3.28335025245984
572,0.978914463063785,1.00598811738605,0.932273471677677,6507.19958782836,1.018325939758,104.064371916064,-138.440038122491,9.23164543886229,346.415112808646,3.25570406358952
573,0.929849893948295,0.953634873548983,0.972214945268207,6490.84555814085,1.01078183301,-177.327827133666,-186.130918309573,9.06443778519898,341.632120491449,3.25657134523001
574,0.978382112588782,1.0394327384276,0.938687068591296,6514.15044812563,0.985589688276418,154.434443525407,158.275977706647,9.35682815386579,365.933768948351,3.34385788244732
575,0.959457440856265,0.945998750792648,0.982260794413246,6474.05315851802,1.0103430305975,130.425873819314,69.2368523644868,9.00774640637759,366.379560718151,3.18806541075206
576,1.06487008944987,0.979398432441495,0.931263394141772,6523.79509473976,0.991628470308493,68.508330091653,-91.7424232072937,9.36986153473963,345.060450452845,3.01348624844413
577,0.916245926961335,1.09851635909755,0.93124030158612,6548.84209939635,1.02863679595399,117.527241563216,63.769184832799,9.22130234413867,365.666318519908,3.60344150602077
578,1.01556141005022,1.07322030907557,0.957887904323898,6496.76812124849,1.00716339816199,-35.5238096522036,-29.0054183638928,9.15009006287545,359.406101440034,3.28357674903011
579,0.966056933500417,1.01284636333691,1.07011490560302,6470.15283780063,1.02606598232521,75.6350614992919,129.309285072012,8.56261696175377,389.014977090968,3.29248512802134
580,1.011238138526,1.05590334028481,0.903240079467893,6531.83804247795,0.972408331545122,155.965350545145,196.785098895457,9.61430558662576,362.048765989783,3.30059637268502
581,0.958813492435356,0.942063711257159,1.05307267277161,6475.30263409203,1.02193374299033,-158.862963137009,-149.617921448257,8.65235223945816,357.228197325164,3.15206425145791
582,1.09583031102012,1.034767779654,1.06937744488579,6482.43293773515,1.01058902497124,37.6967309234389,41.2600480491788,8.63635011766303,381.204453412057,3.02961528807528
583,1.03650649190754,1.01507183462582,0.985812473860533,6477.59226943805,1.01611487985479,-109.491027998726,76.9417224617657,8.96661046975916,371.534894485219,3.10993875237074
584,0.946666564529865,1.02506603399089,1.04941565342581,6471.87138889065,0.973596598051679,-147.61050280233,42.3987869084102,8.87788956252409,367.202690588003,3.37696265594916
585,1.06988928124515,0.908999364247085,1.04683025180833,6484.13186459501,0.998711702195171,171.543819938226,-67.2113981056618,8.78189123438046,361.678618474577,2.9765749005919
586,0.993067386787897,0.902736482952136,0.916319744000968,6475.85915911348,0.971671134449264,52.5501304193004,-29.440657279351,9.50889104189011,340.780385262482,3.0280116916822
587,1.0096290405456,0.934929437179266,0.959186405887323,6516.38244748527,1.02791816341782,-179.833290559116,156.153728342106,9.0649091015442,371.100535195484,3.01097696471651
588,1.01537624026224,1.01278391335112,1.00005570704155,6456.93940859042,0.97539261110417,40.3648022636344,-63.6165714257767,9.0728742551487,355.105965893904,3.19164544116497
589,1.08345361331554,0.981318107471894,0.928656291740528,6521.4718833502,0.987601205286461,10.1881229423573,79.133114202068,9.39988653616776,357.455812715591,2.97167097772038
590,1.08005282224041,1.05843823896034,1.03527221357454,6517.96331823951,1.02675547864193,-81.6703610013856,-199.555162321525,8.73153192799247,358.447770030177,3.0886162252346
591,0.95439091187964,0.943578275925349,1.0323669170228,6513.37115997655,1.00560768296228,-193.502622716219,91.511221780259,8.83493956579033,370.698765956787,3.17384640423552
592,0.964706082497098,1.03301119780133,1.01131568570043,6484.27309254279,0.978074576026246,-162.232440935808,132.607333244889,9.03032799653886,370.755590673168,3.34135742460131
593,1.08367950841631,1.02995760935286,0.920686822972097,6490.20272168882,1.01373635200631,111.928353604027,-152.712551083565,9.29533100406212,346.675416314769,3.0562186520069
594,0.900006143769077,1.04242740917612,0.971319235197241,6475.44813316183,0.970773848187372,16.1197627045999,140.460294170393,9.24341547004258,364.968803309228,3.55576008755262
595,1.09152632925452,1.01314899012266,1.00289226554798,6458.50563854892,1.00293236809256,-48.0083684138421,42.8541123534308,8.93410984603709,370.455614239699,2.9944894789508
596,0.977745269575309,0.948059824690073,0.918993055045675,6481.49184445889,0.975798690057265,-129.241219670406,194.934463431818,9.47955270480185,359.624226678225,3.14252482182979
597,0.988820711381324,1.006374353301,1.07472370574744,6549.55689004907,1.00496286696068,124.989528417669,-69.2235902653299,8.68593496480293,366.498933268833,3.24394720270369
598,0.961148791489458,0.980540744198912,1.03450145253473,6518.21916892551,0.988914366078967,-146.716030345349,52.9585025862034,8.90322586816117,366.311961979542,3.24459642703352
599,0.925665172437753,1.01569850164587,1.03868442561126,6520.06114963944,1.01520832663958,149.143768626266,-0.016403214084626,8.77152122424829,369.990753791121,3.42089399246602
600,1.04604983790591,1.02383454707317,0.937327987959537,6452.56896448694,0.987072483140616,-22.7865174649522,46.8423777714625,9.31043517508559,358.821004401536,3.12623707453856
601,1.06999186610064,0.939249143341233,0.925109957979695,6546.34799474743,0.976482673562584,-8.60357195712433,34.2254915173207,9.48967523970266,348.574530321752,2.92712389288237
602,1.00827488418149,0.917206431406589,0.911405382800724,6460.5483427461,1.00513526103236,17.7379550537284,-106.503683185302,9.3627337615762,341.40563662188,3.00290418265276
603,1.02755482836912,1.06401350041113,0.908315791969319,6499.8129943548,1.01135862472616,-99.0752291721252,-76.8916378827404,9.37750884589505,349.271598218901,3.22817995479364
604,1.02272758059788,1.07958705868875,1.06198488406058,6508.31302190996,1.01381330306544,-54.0710119168805,56.3862112395031,8.67123212100397,381.16280299681,3.27268889924352
605,0.993236318225511,0.937987227291512,1.04034765477545,6505.64646373488,0.991517294917216,164.535676031452,-191.626352869307,8.85735047906031,348.043805665512,3.10257364571879
606,0.963154630249899,0.911376279555529,1.05330546324433,6520.21074541138,0.989881133124179,70.2651608828292,-41.6251095216201,8.820744404836,359.248074218665,3.11391365267379
607,1.05125075828449,0.990836732547341,0.982455945566333,6543.47299154883,0.985052745993442,-151.821064001374,33.8172453037833,9.1683481520895,358.744320025076,3.04968877694929
608,1.09386436245684,0.975567842745437,0.912407352725756,6483.93052673096,1.00035589925917,-135.230797347115,63.2408872225968,9.39461427383432,356.617402282953,2.91477538830162
609,1.09954987780204,0.990347895196289,0.970945711346043,6490.07041668345,0.976908770703712,153.30944057049,-34.0697377914592,9.22153792954961,354.535309873377,2.97221103297841
610,0.977454882284968,1.03193805458609,0.988406684186225,6514.82334688078,0.973686777407847,125.489337488891,176.201581151761,9.17569092080297,371.333476118793,3.33440693968085
611,1.02975307723188,1.09091318577176,0.930286462873993,6497.74161894804,1.00610840403673,32.6946589684747,-39.4152883643827,9.28932650087617,356.166325786865,3.28721811249885
612,0.967616881873252,0.925364804510084,0.978348490112456,6466.26608151055,1.01406194058953,-116.467625802164,-176.573877886186,9.0034646398198,344.383115989049,3.10130770618307
613,1.01047322756345,1.01904594654388,1.0743826122561,6507.69816124177,0.990728851223407,121.204752610528,16.1115572749684,8.7210457984086,373.146495245611,3.21918389673211
614,0.915856056926238,1.01317011206265,1.08160370908433,6489.63126254982,0.987779548113988,-142.612217192792,-139.421791225857,8.69488088131691,356.899818569774,3.43266323659172
615,0.986554296868364,1.01913596483231,0.91612308103392,6543.95685890252,1.01530801704671,34.6495673134651,131.375468375596,9.35218341686983,364.112142050551,3.25973237096071
616,0.916037351362423,0.995367775546625,1.02601862537233,6532.86529061183,1.01700817360296,-89.1723001146402,176.352067823682,8.82631827489393,380.514338303261,3.38811654594229
617,0.924869168286174,1.07502672372423,1.09418804992092,6467.71535232226,1.01332396385223,-183.885792488801,-37.830869944338,8.52062721023635,375.250164931122,3.50757166799045
618,1.00325665983953,1.01612904518193,1.08718744964971,6517.22506872942,0.998876677073154,123.870014506356,180.213128381764,8.64079306691603,389.831051177189,3.22656849495054
619,0.904413229736458,1.09650425445121,0.917226427812736,6531.43867792688,0.986820085153085,-147.128136898451,-24.057744114466,9.47374621179369,347.58632497836,3.63467944890831
620,1.02879131588952,0.976190369004695,0.91091308165654,6509.94611396587,1.02414419656664,-46.7138536210993,-113.466888947669,9.31275887738672,345.437864181473,3.06040528228896
621,0.988515469186563,0.909672542209756,1.06409751689605,6532.63408109502,1.00528002780578,-58.7588444246442,119.913345778313,8.71635167729869,376.692266923926,3.07018005587203
622,1.01093740495767,1.06518646171,1.0262917585166,6528.44054732128,1.00591377959307,-34.3435727137335,183.178343970455,8.86855526690193,384.118792063629,3.28364657126038
623,1.00822276497577,1.02101790370811,0.94409752788295,6512.56507894273,1.00429645896898,-126.06464082119,-176.165161058743,9.24087977452694,342.057643337505,3.19857823105486
624,1.02087186394295,1.05273845387006,1.0046802741844,6472.67726253196,1.00999131860158,-167.957709356159,-23.2665180792182,8.9063271359436,365.623664434211,3.21531388022365
625,0.932673351679684,0.936891810211977,0.940458789831641,6488.6707057044,0.973069012337224,-40.8826236283607,4.68297884588034,9.39079247721402,346.206989593039,3.24313771830878
626,0.996658856993265,0.976556820080608,1.06782932161415,6464.53266924205,1.00034180462688,-175.183433217378,-171.537728448836,8.67684770355311,355.576199825288,3.13339793576292
627,1.01477316993542,1.01320368497756,1.07560670256889,6505.78736756601,1.02758746122429,-180.522060640028,-160.796926087704,8.55695499837362,363.215712482709,3.14783827034015
628,0.908813172314076,0.937055370066708,1.00825402218834,6514.55721814274,0.97273510947692,178.38835593824,136.866150660152,9.09124689217273,365.685300671725,3.32153760271427
629,0.959322496431419,0.915437506045294,0.933977414643811,6462.6944413755,0.977397026757937,7.42467546629357,-101.66102300264,9.38272214641138,338.436859587011,3.12929492756459
630,0.971627943305829,1.09790106667686,1.03686284978507,6544.8980667047,0.978553393301987,-47.1442100669723,21.8927213129417,8.95815966333835,366.767609123295,3.461855637454
631,0.915351612377748,0.900837488725592,1.03408686675938,6514.18195168014,0.994647328599977,-4.14236958718694,-33.8227997631642,8.87757522042163,356.716015809505,3.2042376094821
632,0.904801008968978,0.967074321243492,0.935416451079458,6459.84241891014,1.02740322603336,39.7438900168662,91.4625136946411,9.14380707388006,364.602450836909,3.35966888465853
633,0.963072748653223,0.978629425898803,0.947384798779345,6459.69656709654,0.980741898246495,119.005618118594,71.0183220735103,9.29826107915527,357.956801859563,3.25632363558286
634,1.0093857751971,0.995017974573354,1.08448685673122,6457.27349477787,0.986836048794275,-60.0248585717144,112.970324885115,8.66386613075025,381.328184320465,3.15602763633518
635,1.09850292403239,0.948134102951431,1.07486146682742,6533.06227604318,0.983479443858506,-40.266967920311,-36.1308522829924,8.76636434941763,364.447337951513,2.94021276007626
636,1.09564413370531,0.93617838027578,1.05983159422096,6483.41927141731,1.01385222074657,-31.9955982817349,31.343905246616,8.66165584204728,375.229076638982,2.92022764989225
637,1.06652235466523,1.06083311299678,1.07328463670794,6455.96173253447,1.01152303318238,-144.005049311295,-33.6725727926356,8.59971636088309,375.626423406399,3.12054075043887
638,1.00971768301094,0.980547896949366,1.0039223351606,6549.65263087986,0.978113038822771,70.1824181345702,-41.5996134457539,9.10771789198237,353.943788470969,3.15024119396204
639,0.926601959781466,0.931747352674862,1.08985462124912,6537.96014967118,1.0244225176249,196.613110330955,-116.673843996593,8.53705876267107,364.086386454035,3.24496284827114
640,0.971087867472812,1.03384380598497,0.996760507972129,6491.83895333783,0.991468674960136,37.5122527773809,30.2373714560328,9.03916373106173,364.348015407364,3.33734517049082
641,0.932291566812848,0.994347967503688,1.01069435524197,6507.02869387314,0.982606431574741,96.9085569009147,-189.920362071572,9.02879373464572,343.837445513485,3.36969141206327
642,0.970966371108632,1.05604252970713,1.01277858421108,6476.11624325109,1.01169718716058,26.9563776624294,118.497443782555,8.86683729382665,378.95354257579,3.36749672005952
643,1.04700503723796,1.02202158440725,0.997635535062163,6463.31821256675,0.985679981073123,-32.3602108331659,39.7197148025555,9.03998993915786,365.568956130874,3.12283189279214
644,1.00274157104306,0.957636905191906,0.901292871557942,6499.62392219008,0.987137559313735,93.843320284214,-190.421493891807,9.52914011449904,331.36249075129,3.11508078733768
645,1.01696556226116,1.08829484750121,0.9348818534223,6497.16494907506,0.975485319509028,50.272764904541,20.2126722384902,9.41089837471904,355.371631410862,3.33182685218365
646,0.981473104842566,1.00427540429475,1.0793149316938,6469.62943023111,0.971353870702321,144.66595387964,30.8468329551626,8.76243596697067,371.23162206525,3.26920346038777
647,1.07813169109237,1.01938904468263,1.06203221799194,6492.96733633552,1.0149915958773,165.216586755942,28.8491854888825,8.65460710187911,379.539119396999,3.05373041301885
648,0.936157030112476,0.95375952300604,0.939728915379481,6474.68570275957,0.988384926961062,22.0535147012754,35.1966517855331,9.31118220739196,352.948522326361,3.26504465833249
649,0.985299949448372,1.02308415596417,0.916314985122273,6458.77882370582,0.980309767621459,7.2309992161379,-114.402128520675,9.45461736317501,340.978472498884,3.27998023865124
650,0.956656880698516,0.980062567234599,1.06237322480208,6451.38621359129,1.0089627292142,67.5506124162741,119.462312142655,8.65377863075195,382.706946062536,3.25897176005417
651,1.08655058781206,0.904027569789858,0.930756741102643,6538.6171294056,0.997511113731221,25.8362555733854,65.210881489259,9.35475478695807,354.96685208462,2.81489971784138
652,1.03581332089913,1.0863480806633,1.09938988348233,6522.01574609309,0.987233272552309,151.900960917737,-180.311634183695,8.64596863446021,361.719599352159,3.28829422100748
653,0.946216170574899,1.07947714349274,0.951238302887871,6472.06510596218,0.978287517588415,143.644703058767,0.0233036764346828,9.30046806212643,356.053798000762,3.504898874122
654,1.03497864061083,0.947813276815006,1.05160808420224,6526.00055449621,0.988755881494498,-35.7269467958869,-116.12388902792,8.83519409464522,354.814598981472,3.01041798493918
655,1.09531220466458,1.02912051541168,1.0869087761431,6480.33855436291,1.01691345477981,106.343457553897,76.6622607466166,8.53871265417337,387.993489760964,3.02594914855621
656,1.09312779505336,0.978711067221263,0.926143464717952,6517.17088592441,1.01375858802863,30.0242293835259,-117.272842746641,9.28695606087334,346.929932232976,2.93438151716617
657,1.00089118833387,0.962437947313826,0.985493305633338,6514.52185758447,1.01471288456145,-107.110123639463,-37.8698557412187,9.00064768720246,357.834324503486,3.0986892932164
658,0.953832314198326,0.939726322772374,1.05667744399917,6540.9252694437,0.992213931141075,100.511569749507,158.798115745764,8.81053825198703,377.609064019349,3.19907999261813
659,1.06922484210605,0.936562677707845,1.09125837630267,6487.66764404295,0.99035443967043,-175.027469088888,-5.5305383580468,8.64073917235474,369.93293992236,3.01165796262752
660,0.921802723128186,0.949707964185485,0.963388524353456,6530.88263234917,1.02252931902375,-79.0134730154121,143.47924849783,9.08128572504543,368.577305492052,3.27520678590146
661,1.07144618747396,1.05293019007697,0.929339022803036,6519.03228469007,1.02670144387483,73.0161915068628,-67.3532603568664,9.21429876128426,356.562810259688,3.11534746687749
662,1.00011586348617,1.02914500867021,1.0021140817457,6461.9952941731,0.988723842679121,120.958412221453,144.567218438207,9.00613719290013,375.588935373747,3.26030500805763
663,0.927460006543114,1.09047735047974,0.965764523569722,6516.23137387307,1.0151095087574,124.778493855153,178.299880890372,9.09289499485388,377.876257549054,3.56166061789717
664,0.962583909605765,1.07170129091031,0.926337380687241,6520.50409063536,1.01451866377084,71.0892964805282,-99.0741055459388,9.28830712257033,349.962980383188,3.42487518747055
665,1.07460862940304,0.933771692674079,0.910726958304166,6521.74649906119,0.998528542913964,139.63920798347,-46.6411435766964,9.4397707654486,345.872515835991,2.9083163972918
666,0.933655717701543,1.06728843849397,1.00978192632801,6468.91957923904,1.01322303991519,4.44545539580021,41.7251928961279,8.86915608681815,372.290948741049,3.48600258629011
667,0.992179667641316,1.0657417967636,1.06591254313661,6520.93888218244,0.976324082643788,135.541544761628,68.4051922131639,8.82921633286015,374.824035523833,3.36163170256768
668,1.03940483320086,0.972596568080774,1.0758559112314,6522.53716002349,0.976755427991752,-36.8887862375349,154.552144784057,8.78662159962082,379.486617398611,3.05562602656964
669,0.909439340339476,1.09228332392841,1.03583251366391,6513.13759776434,0.986233555389279,-100.483284504329,176.823287795438,8.90731342810639,379.983886615325,3.61299595674155
670,0.959654490846825,1.0551010593438,0.978624359641416,6463.92540707847,0.970642917861722,17.7029348061003,190.311527419573,9.19995458814476,371.933031906851,3.41382234431616
671,0.973827238761841,0.971438466798609,0.968818323569888,6502.05438373049,0.996439893005458,151.965850690806,2.20831668939612,9.15219209642139,357.208318184884,3.21460875675425
672,1.00155156763771,0.927674318944111,1.09654790818208,6474.99728908688,0.974401844047576,65.2584995900835,38.1465480627491,8.68318216790912,371.164730713241,3.09453097885281
673,0.983029130798549,0.984438446776136,1.05701278420929,6469.57126400996,1.01921519913669,59.4988455580073,-32.4120904881902,8.64344835527561,371.145702604338,3.19491467643177
674,0.991605723316774,0.951329441437219,1.05042286653939,6501.28747423053,0.989251272564991,38.4200463043801,198.293780820529,8.82214178318544,381.587706129595,3.12354987561429
675,0.987052455931311,1.08413828015572,0.969003367984913,6455.4732706925,0.982254526382106,-32.5219426689263,-112.146028562172,9.18377205466339,350.583405328754,3.38556375595124
676,0.900045407643651,1.08300030754951,1.06877588224619,6524.22922314869,0.980068875738762,-151.854569516006,-172.958100211047,8.80476614245953,352.580510178991,3.62421480919617
677,1.04480583775458,1.08576159213758,0.986107164182607,6461.9140671996,1.00074356924393,-60.4672370165479,-50.0700302600009,9.02276346038436,362.107914569006,3.23242913844088
678,1.02426612483114,1.04374362265244,0.922120719774632,6453.55902308065,1.02965981816114,-106.908660433779,-178.467790036616,9.19149594288844,346.716203229132,3.18396137106477
679,0.937975065819184,0.907791569269693,0.978362178923434,6530.24017844513,0.990474666985463,-22.3266372486534,70.2347094269755,9.1557152279534,357.524958741944,3.1633958028239
680,1.00177881401398,1.07228913720426,1.07320713500915,6450.99106954912,1.01668277838899,-15.7065599033305,195.536216521465,8.57621554246824,396.378178649328,3.30912498179456
681,0.996646415175087,1.09737918907766,1.05091387224115,6474.86048846133,1.00230369875722,196.854255791433,143.012243100769,8.74450559724959,387.524625928493,3.39912908827527
682,0.919473378758244,1.041274399362,0.969115917174163,6450.69822618803,0.99420885814162,-106.098231310011,127.547708208189,9.12613639738387,368.578680808967,3.47499576276532
683,0.967466121769153,1.06550473879076,0.900119587766959,6480.78191500261,0.984469912858466,-106.573055572556,-172.725352093815,9.53535894409233,335.259701003875,3.39770398993195
684,0.9374248540821,1.01110991397712,0.958272214567549,6491.73947823291,0.992612012820831,150.361969999958,162.119599604206,9.21350106966938,369.009181074648,3.38899555849392
685,0.998591394331172,0.966031190063121,0.921360140800473,6545.34028793821,0.973613616694018,-80.9398889726878,-80.7735195319983,9.52406916906675,337.96273691823,3.13779830921673
686,0.964080257228043,0.932857368654482,1.05663228618474,6462.2497861966,1.00809439954919,-150.461589317673,-171.785744962817,8.68804632664844,353.31398962827,3.12662891806246
687,1.08188590073718,0.938025753263741,1.06425003091194,6504.46308711071,0.974671391176526,182.179276575227,-101.215533203243,8.83043880039775,357.254603193045,2.94982766993821
688,1.07192906907052,0.933762001156913,1.07078857642837,6451.32288129053,1.00070682739417,107.777031768623,173.918206997113,8.65288229847816,387.436160023935,2.97565147632526
689,1.0818404272413,1.06392497390953,1.07763826993226,6469.92196858371,0.987051057742704,-84.4125900315766,-49.1784275993205,8.69726256365225,370.407328340317,3.11322022152543
690,0.978664134077038,1.00891106493094,0.931975952673288,6519.1246663786,0.98005399235827,-75.876607158181,1.33805224246162,9.42037242692926,349.021911642317,3.26651680309822
691,1.0592881123047,1.04789384664775,1.0291068712821,6465.57732605802,1.00282272073693,-165.021399280046,-49.0547292813397,8.82621073536478,366.028833897955,3.11816649645798
692,0.982703306057992,0.907962287889151,0.954797619893994,6545.56494672665,1.02721795646978,-59.0691782989843,-182.75995642067,9.10970814779246,340.969605745643,3.03383878073993
693,0.935818987865636,0.978443558686708,1.08955593959385,6464.11990635372,1.01581095062009,-156.526984250123,192.503030956511,8.52558797504804,391.714555706397,3.2879678674046
694,0.976323299821827,1.05504690777981,0.968518216562226,6512.76688771588,0.981520965084402,-141.591592281215,175.225655827253,9.23046292638066,369.389472813345,3.35500410307537
695,1.08352945558089,1.07749378804258,1.02508669003332,6530.82682112163,0.974142216214682,-66.0843832437283,-74.5187500971375,9.01732231193727,358.256949035288,3.14702739271371
696,1.02712906439052,0.971191554694128,0.929701356328736,6509.64670754135,1.01886303524014,-47.1506022160107,-147.092513960607,9.24238143395482,344.008382267044,3.05719085312589
697,0.939337639462565,0.947496661033877,0.959979518598907,6514.27950705063,1.00605672907226,78.4319446268157,-54.9992061873947,9.15941507129979,350.708713708627,3.24352795412031
698,1.064799530376,0.940817532231152,0.993808149503631,6530.09387215414,0.980809518863957,-156.054754503687,153.473587075196,9.12613146931869,367.642506306186,2.92375776695621
699,0.968585932551839,1.03677402498181,0.905069720852788,6519.00468884095,0.988966078692818,-177.703658565023,43.9251046192468,9.51565711338238,350.646488388885,3.33298888557998
700,0.948160763214635,0.977361448410376,0.916116162457303,6464.71632510949,0.987878634129751,-164.096199775937,164.330505874526,9.42465890094897,360.056661891825,3.26812061205796
701,0.901209408636796,0.996772043772862,0.92464949162651,6480.7679089478,1.0255635735891,-135.322178690405,186.332927887333,9.21988955485394,369.701086597944,3.41992608296304
702,0.941158875397884,1.04831322169337,1.00933545297946,6538.44787275968,1.00323959533019,13.8236876625235,-121.81679985264,8.96277653309483,354.217376581035,3.44027628681183
703,0.933245872410332,1.0832978302231,0.965567639770007,6487.20822549629,1.0155894195057,-64.4706070308771,180.824978655601,9.07125011781932,377.626743694614,3.51232998440586
704,1.04758555379976,1.01948584851468,1.07617903210895,6454.96059083495,0.985423761531352,-13.985466311636,-109.208584211392,8.70095970656947,363.17649517556,3.11763085374334
705,1.04878103746043,1.08384160621074,0.984754023986185,6484.21326001119,1.02769304392825,-22.0590268689837,-4.38063982028671,8.9249742866701,370.363929367932,3.20848580931869
706,0.970329974468381,1.08190969460243,1.01379109665637,6526.21745871816,1.01870840310105,-63.2603832330967,-26.522267471848,8.86598929745163,367.414070893621,3.40962716509995
707,1.06969435488125,0.972651070335162,1.05878702669037,6544.09923225744,1.00739262238408,96.6509149807556,122.038924816454,8.73480671821951,381.421834719771,2.98634882979111
708,1.06900792977933,0.979010667571359,0.9102526918352,6490.18762712367,1.01042537378705,-19.8598456876829,99.5852603441594,9.36384766057205,361.165914848496,2.98243569819823
709,0.971396485893733,1.02694882822081,0.937283960970795,6524.9369436645,1.00274175812878,-118.37424458136,-83.2355306008771,9.29119954930941,347.474766563777,3.30480047216025
710,1.04972174171637,0.996520247132304,0.943206288078614,6546.72711903703,1.01290750118901,182.853933015918,-29.1579818558627,9.22888824109526,355.926909038015,3.0819405012561
711,0.995020068138344,1.079591043237,1.00500986804908,6520.72789119057,0.985130372649732,-21.3094125189438,-150.620053675858,9.05060719083061,350.617908872988,3.36311432252641
712,0.941196007175392,0.900188683053526,0.907853010329732,6547.72838231769,0.984541221708206,65.3242838016008,135.639879519845,9.54419057925447,351.626096309215,3.14812734232248
713,1.01013209184731,0.930628900016791,1.04562328746723,6510.02514100996,1.01387503536084,107.898649142835,190.164147073898,8.73965310170802,384.853273604134,3.03397517949117
714,1.01471265600534,0.96832822253812,1.02969291138005,6456.84407092426,1.0238438390993,-152.247595464721,-68.8628648456727,8.72770799625753,364.546940363133,3.06432674085245
715,1.06314907612522,1.01946247566614,0.978727104055488,6497.3435659375,1.02127284359213,-63.9982455760431,147.859873924869,8.98912600538308,377.717738051941,3.06107786345637
716,0.917626886195338,1.05535968744173,1.06950952661095,6468.18176528373,0.995820791942332,-133.800090134538,82.6416515976871,8.69386410563028,378.39245796926,3.50636171468993
717,1.00706955361233,1.02706466934166,0.939297393391242,6471.17458620524,0.972489839530594,-71.1729859217081,23.89786453347,9.38473147526093,353.015782657527,3.23098570360183
718,1.07158698279947,1.03338548949174,0.98707926467995,6545.31201143941,1.01315471203455,172.06608114502,11.0351893088663,9.01994317166466,366.92844284413,3.09834941838135
719,0.951780854958628,0.910565337272944,1.04521697029677,6462.13029980055,0.988166507696318,12.988363153559,25.7666351118991,8.82302378473322,364.717627774654,3.13186801893172
720,1.02011663939743,0.93325106606994,0.97594748096433,6511.7194227117,1.02818913187803,91.0524550798755,169.041502837583,8.98246867257946,376.426051327566,3.00832269008047
721,1.05244241166284,1.01834339377848,0.938404673827269,6516.66856518925,1.00740277395759,40.9876681829066,-4.0856528047037,9.25619499581252,357.24049153682,3.10286717534657
722,1.00573132079786,0.966888505423621,1.00386253852846,6469.75559056785,1.01831046384162,-125.689218120517,-166.013484044213,8.87179131088328,351.637503269766,3.08910031416183
723,0.987249205271431,1.03166148790121,0.987543364986708,6477.67541319513,1.00349027103343,-61.19906583512,173.147076050653,9.01623060589946,377.076192259905,3.27531970033969
724,1.08452902792071,1.00047436399442,0.965576798803652,6523.71324139566,0.972202776608984,-10.0923975825395,-65.4706422918666,9.29375185377017,348.681806067764,3.01111896311132
725,1.08410717702051,0.902400605454536,1.01056297514367,6524.06635810666,0.999101079251442,-165.838787934911,188.984556011161,8.96270047664062,375.378945808836,2.9257474731263
726,1.00360208627522,1.0228372488638,0.947321956541501,6498.34980851068,0.995748969517499,-170.041663199207,-157.535858581013,9.25475063505448,342.500403949914,3.21286649095951
727,1.06749450392375,0.947963990441318,0.938991654299726,6500.49114512501,1.01612482788175,-175.221392568405,30.7231678553023,9.20167117032634,358.267437759636,2.9098599689875
728,0.923842088568115,0.907292210165124,0.910548790432443,6533.41641082084,0.977078349017684,-181.939454235083,-24.8400451428351,9.55647399127898,337.216823007889,3.19269606858313
729,1.0687986943884,0.95248167529786,0.984342523505183,6453.99225325638,0.996944710848093,31.0452322548535,28.3628215008579,9.04187498816344,363.295143457019,2.9416399585875
730,0.966485338434873,0.963106636132627,0.92132472378732,6486.67983206463,0.975969680132378,106.638377884821,186.509719099274,9.4708675452148,360.945216343164,3.22030923020486
731,1.09401489133334,1.07301421987508,1.02015842986792,6520.08656972439,0.987112348160825,52.3081680690483,-17.740180224049,8.97172722667263,365.877273814849,3.12006135148602
732,0.996403467955386,1.05155531207503,0.95638367111945,6481.80396116945,1.02547850746772,-177.510282059611,-5.74628063466385,9.06508633298307,362.758993096364,3.26567849428859
733,1.08256016008157,1.02207260156363,1.00928141484243,6474.97441792294,0.990596529343867,140.819366321877,23.6872527073833,8.97285623713292,368.137470017297,3.05700905429292
734,1.00294843875136,0.919915942708006,0.903205631291025,6546.3685188687,0.99261917003721,41.2852248398017,-168.113970725086,9.52686198972849,331.091492288043,3.03508423617721
735,1.03662285714461,1.08651334174119,1.01513305059948,6462.61153223754,1.00490329164841,106.538885241861,-37.4333853703925,8.87571722532253,368.553264338843,3.26778081170844
736,1.07596754958829,1.02973659067147,1.07984978365784,6512.35053112473,0.977877278320289,-76.1233155579244,-119.282020699017,8.75778080589004,360.210226367145,3.07461270606767
737,1.08176529954337,1.0520800134575,1.035279673782,6480.09663196316,0.981042686323013,102.580435195565,-10.3368216483681,8.90664925274335,367.605720765121,3.11593876540198
738,0.945157910430126,1.02332439563306,0.90806677042769,6482.61702541283,0.998113419675468,-140.816666356238,193.861791036336,9.4305714249637,364.525092967136,3.36561503231789
739,0.941819472917923,0.926070626008653,0.940706974777379,6526.90611331597,0.995530339556311,26.1663759010152,-191.596337205456,9.31007765990234,333.85057157926,3.19257815984263
740,0.906886261714663,0.989165109965403,1.06333104864032,6538.52388787076,0.975202394055738,15.3452408404091,165.291874511708,8.85874350571828,376.253415599229,3.42914173790561
741,0.977594550879577,1.06591316628567,0.926739130879887,6543.53944896678,1.01508539905188,176.533757114761,70.6468934210026,9.29970848944408,363.475547375151,3.3850975994347
742,0.972680786399885,1.08763623450494,0.955113355261836,6483.21725220617,1.0120485050801,106.126519810155,171.761393539662,9.13268276104668,376.93674596269,3.42932703478418
743,0.940960481811242,1.05959960704384,1.04770921067939,6456.37945562536,0.993233388472612,-86.8938171759606,-78.2038302583878,8.78637374152047,362.872502368552,3.45329093524394
744,1.09658937591094,1.02855548269599,1.0435352315587,6547.6617637315,0.992632106947458,120.736067381122,-26.1876146782019,8.86512038975132,367.022896374412,3.04108050405393
745,1.073906734363,0.936131508262261,1.08953723541286,6471.87717084109,0.989573230418856,102.476893642712,-42.4979433738373,8.64030299889528,368.497955384991,3.00322088869967
746,1.02164227535329,0.988914700213886,1.04847398741796,6472.83312523686,0.973507479234213,-80.0282410107735,-10.2765340526279,8.88126773415035,363.119674503946,3.12241035638853
747,0.933604010438536,0.970959457931278,0.979996603658714,6455.73918436883,1.00499843489105,153.737371188515,-139.302834818779,9.02987031209483,349.208718471335,3.30874827496236
748,1.0195616026803,1.03294784098217,0.983866936083858,6520.10975873643,0.994643892609461,1.85491519097396,-197.058782178229,9.10197745344053,344.78193506412,3.21068818815411
749,1.03834402282694,1.03226853578894,0.907680175465269,6486.82501073951,1.0287419104475,-31.7053749725533,0.778162052736686,9.29154879275064,358.128245439639,3.13922788636012
750,1.08198603163194,1.04345237517315,1.01641402622484,6529.78046813411,1.02186197598736,-17.2447713050933,-9.95665402726584,8.84079020959966,370.599834544807,3.0691095278711
751,0.977210187130367,1.09334122800369,1.03943325085807,6458.32230662081,1.02177757739878,-7.77602366549277,-172.498437431005,8.69751050600154,361.901395579342,3.41001569708927
752,1.00994345103266,0.98343285579514,1.07554988097253,6470.39946036094,1.01958787656953,23.0754764741811,-178.155878714612,8.56738852810671,361.108242986062,3.12496088974221
753,1.0943690602651,1.00252304882064,0.958175370846317,6496.94068419893,1.02147146701105,-78.0387502459746,-122.92944140532,9.08256358306376,352.943970431645,2.95837643976082
754,0.925814249386176,0.959571879678042,1.05600961740801,6497.16263651953,0.983648896221612,-133.5260001561,-66.9082093958484,8.82254934023153,357.02999812838,3.29798489800723
755,1.08798487457714,0.968605342518005,1.09762481519093,6498.52304557654,0.980749835097409,156.456036717404,-15.8578507460692,8.66471388994485,371.199362161354,2.95447821588083
756,1.0419342687009,1.09674231664183,0.910035070063995,6459.66945597876,1.01322740448777,-87.2699986818112,-126.27944121996,9.33069230347524,348.841469992644,3.24833308131808
757,0.907872375963946,0.90436934239724,1.05489712062396,6463.44334273695,0.998063236958269,42.3587260717932,-28.6592797724615,8.74079294734261,362.148086430474,3.23025392458626
758,0.905421330467247,1.05670030051758,0.902102644908331,6526.18898943775,1.02359826962729,-26.8640315771311,14.2169892391193,9.37540305599466,354.615377923089,3.54285585757532
759,0.995396678523531,0.977841723724688,1.07748490707407,6539.393351067,0.990148981878492,46.0279016058792,170.763024858346,8.73260356928373,383.096337366007,3.17136963857165
760,1.09241169978827,1.00179180808441,0.990564961056865,6477.86943159285,1.02753231239142,-142.874278210853,31.93183041909,8.89421324951588,371.048722206746,2.94853506139122
761,0.956510053503728,0.955801658069559,0.980993717475238,6549.87929358157,0.973297978410389,31.4167272814126,-166.971136785889,9.2372528084097,337.720625195964,3.22983175596165
762,0.930904165998104,0.98791258835458,1.00209202626929,6475.87924083645,0.988987427852465,-165.213191897627,-78.7120864622998,9.01634353610909,352.142245362574,3.33471912741117
763,1.09331168787611,1.0889414763345,0.966975658027397,6507.08539362788,1.02457572346666,-197.526470943641,124.273428135037,9.03472824380233,377.031644060063,3.09876672190318
764,1.08967391055778,0.918265146866711,0.932289537206584,6546.07463027714,1.00225240861842,-194.321346211311,-96.9472004945883,9.33018632094036,342.505352503192,2.81360999364306
765,0.989988734853772,1.03858178220495,1.04663207562736,6549.54215129255,0.987250671963026,15.2880407473901,13.329419143842,8.87980796980034,367.251575290024,3.30298311944051
766,0.981129051889448,0.933832378768484,1.09549131263677,6535.33171866666,0.999899981697654,41.2981690736119,-109.095578576135,8.61612967413898,361.20468654949,3.11185871236997
767,1.00875741407835,1.0389940266243,1.00303340567732,6549.02851705849,1.00668049937486,-51.6105149631324,108.860811046335,8.98105857202251,373.235719640959,3.24033163760132
768,0.934092502316328,0.976903162741253,0.969391790075517,6493.18070951078,1.01690678955572,-6.33078713463702,117.605780106385,9.05169644811389,369.214393669063,3.30329896994674
769,1.01529778062797,0.968413886931511,1.06199574873669,6473.82896705531,0.983462978787988,1.80116962193431,-95.6603016151644,8.78082722938733,358.988437360867,3.09830083546071
770,0.901817406990243,1.02965950545976,1.00221876429448,6494.55178144932,1.0280181108771,28.4796735851655,145.372631115754,8.85631112796195,379.857082470483,3.49731719350315
771,0.927890047241032,1.01384129262589,1.07359592534618,6508.31057572799,1.01308085068762,-51.182572875117,-163.020193185173,8.62954960575104,359.009656848831,3.39567514695839
772,0.991580059025414,0.978895878167771,1.07341203647579,6474.39953023525,1.02800405365211,183.255247921798,-100.947342771425,8.54371345273036,369.445144593588,3.17207262326217
773,0.969610391095464,1.07911114817478,1.09332444417922,6494.3439102836,0.989259822738454,10.4376053006168,75.1076825462939,8.64389365353176,381.595633416526,3.42523554800554
774,0.954694903074996,1.04729463492381,0.910331471422928,6454.92944927644,0.993177262308733,-58.6107231757118,-73.7467138531391,9.42182290283107,345.797793653392,3.39449815074718
775,0.998203952533782,0.964146716462314,0.938451583693618,6480.94695490886,1.02849425636861,-35.5546332020606,-22.1148892566657,9.13675636789402,356.887195961113,3.1053612728234
776,1.01530899799023,1.09666815368285,0.948320255287153,6518.12821105324,1.0129590816125,42.9297667172264,-164.568664145342,9.18460867013369,349.290901261127,3.33239428631806
777,1.03537445516552,0.912818942207235,1.01922852990998,6523.95811772217,0.982658193437197,136.64880301711,-187.858477786798,9.00015636493337,343.317585706136,2.95803729032152
778,1.06876257273166,0.992065810128553,0.943517587986329,6463.3778144994,1.02719843005494,-170.933764967537,-120.36263202563,9.10391113672296,351.747771822244,2.97967839389262
779,0.969564469486609,1.02404696979222,1.00896021705522,6462.56434924123,0.987383679024293,-104.49929156559,-114.582858203863,8.98288891596213,352.808167964854,3.30983376023413
780,0.982228867295997,1.04080629051833,0.943490586443447,6486.6678879703,0.99345504561047,190.582611774164,181.866542751628,9.27632772805662,371.159909009498,3.33229130064626
781,1.06002751655042,0.948331784163837,0.913607462818334,6481.69041377206,0.98600767296603,2.37032005855755,111.091164027117,9.4558533965376,356.821210753148,2.95831592361342
782,1.07166458777577,1.0689728170821,0.971935112244614,6518.72343434607,0.988770051851453,-175.637782705927,80.6261062411769,9.18229707462914,365.870578179758,3.13924403004695
783,0.901965510513958,0.981836517491698,0.965875853860415,6519.33775385189,1.01597472836562,-78.3621456114865,124.650805777941,9.09130339542332,367.427906738986,3.39952582681577
784,0.958783352100987,0.989265271997312,1.04540370540283,6519.29202292248,1.02924210833873,-109.935590313627,64.9271654158329,8.68234021600135,377.062077526567,3.25148898077817
785,1.02193638165516,1.08301969089801,0.931272428328975,6525.17981635869,1.00409611697613,-90.1336520848378,-10.2260343411304,9.31354779997985,356.147726211515,3.28420276957138
786,0.96675531941396,1.01586268055769,1.07780012216293,6506.93049844122,1.0079033450996,7.49913884588378,-179.53379742181,8.63314698987044,358.405934520296,3.30247775533856
787,0.946571711375219,0.998400345886417,0.962047056748941,6468.17635977612,1.00024797051511,-70.8760826208599,-96.7569427306341,9.14343170908418,349.296283537472,3.31560765391025
788,0.992797083488076,0.926656851616435,1.08554914661508,6536.77020979192,1.01245723514443,-157.514468964618,110.350901787877,8.60215327678388,380.197597629416,3.06482435263707
789,1.0615914656218,1.05355292354287,0.922793177423848,6514.39079570678,1.02005948774496,30.9413604878671,58.5629500912356,9.27376206315941,364.043736916075,3.13856467989381
790,0.991672695885261,1.00574146397681,0.906875371670345,6513.89630219733,0.97488683277347,-25.9941622639106,-82.9379609330369,9.57026215105221,338.866264046303,3.23391276980301
791,1.00908559004234,0.926683267104641,1.03832868039466,6529.50115369285,0.979801266984589,-158.274765059247,-141.793806885056,8.93477759715987,347.151115940518,3.02316694514973
792,1.0754255123797,1.00563785235127,0.993452199201501,6460.67118191024,1.00897336040542,147.199836758036,131.274347729381,8.95118291502025,378.079102071127,3.0322018409552
793,1.02521094179616,0.915055743330335,0.922479405435203,6454.93089871098,0.985448752989548,-145.735413135849,-95.9807838990264,9.39466172397873,339.598731699512,2.95528414920813
794,0.977011611143792,1.08859655681423,1.02207521195634,6533.4973785683,1.01262109004274,-154.998747789347,94.3681625495795,8.86143446679019,376.88827032695,3.39896895241404
795,0.955019776311825,1.02782156939894,0.968192394728598,6549.76722632647,0.985813088769807,-88.3478116902921,172.268902224959,9.23855123247854,367.696340893549,3.36476720386793
796,0.904928880927265,1.03933779757464,1.04506527814718,6533.63785774104,1.02846635863831,190.240767662661,-173.889296973414,8.69775575850784,358.946435998162,3.52339683669675
797,1.06436786455058,1.02926198673148,1.02946842687462,6462.83499266147,1.00901122998674,192.993032240499,164.727427815779,8.79556984289525,386.72049065878,3.10557731239497
798,0.98782613216097,0.907989594657219,0.972458698000041,6532.63903116006,1.01208994608791,-16.2625377624174,-177.959385936468,9.08514822232785,341.573244751799,3.03131550133419
799,0.985378945564661,0.993804987943577,1.08571110657883,6514.10861035822,0.988699174999279,10.1273057802886,-173.577876871136,8.68933895323842,355.458585743351,3.22188172951478
800,1.09451364712995,0.972011980386145,0.995573470982627,6485.52839742369,1.01095070380697,64.8928633318372,86.1289242116543,8.94966705124346,372.802331819045,2.92263517621907
801,0.953628645922384,0.963133696232813,0.925050246219242,6515.55099718461,0.972387827640139,39.0729342093836,147.878353940654,9.49067319489318,356.31972877125,3.25175038637204
802,1.07816642965793,0.989807552073992,0.991860737642615,6457.6969183008,1.01024590152658,128.503768149138,-102.137978158115,8.95054397929741,358.327119453192,2.99533065873034
803,0.984260176326673,1.06776786735305,1.07542409353246,6474.31799802642,1.00303423807248,-123.002739745669,-159.248494344177,8.64147744892315,361.641261430444,3.34493503228262
804,1.08222410027839,1.06410150084642,1.05200698036063,6454.87663188131,1.02062372756262,-24.7823696378465,-63.0419506816561,8.64593898474551,373.467292025505,3.09771877992695
805,1.00929527220508,0.918270648544711,1.05132930987048,6508.24350768883,0.98119540581239,-124.707120092382,-126.30053937093,8.85884679592999,350.695226064242,3.00644378520023
806,0.911400477510387,1.01755968987434,1.0680696355177,6451.74982139874,0.972940278698276,29.1081106747783,127.798274154421,8.79037776414718,377.262640494992,3.47089583034952
807,0.965347778113727,0.969922879761544,1.01926929949936,6477.42128891241,0.971596501964661,94.0914072406384,50.2599651765812,9.02035134716056,363.007347422992,3.23759898173157
808,1.01615119981113,1.04833682579836,1.03504616751241,6470.58819881783,0.991148862816601,-149.55594332855,-148.057194632848,8.85706320731122,355.345129609229,3.23053790827254
809,1.03523914927131,1.0717200213965,1.09254651677223,6512.83471175494,0.981046079401657,-157.739861820428,125.140388614703,8.69408071456169,383.435879413839,3.23586111309029
810,1.015751295272,1.02365700420274,1.05629241775094,6520.32772277325,1.02006749517137,-177.514437816049,99.0082546986019,8.67590889094231,381.732552808436,3.17206667959417
811,1.07017055146442,0.957227008491663,1.02808945479865,6481.4162063837,1.02747826398895,-186.630571025799,31.917137533182,8.73436313351602,373.324294239335,2.91176796208894
812,0.933300709409903,1.04244404103543,0.935178056683732,6473.53832618984,0.999662248662745,165.933979998751,-115.314251140812,9.28012141532919,347.192778869859,3.45972966220469
813,0.928848004223621,1.05179536637081,1.00012390646679,6541.17851123818,0.978796873429591,58.3711572092157,-106.848341539274,9.1177452087804,349.821550930295,3.49548486818041
814,0.931352085730328,1.03668588303145,1.01873692398175,6525.48274583623,0.988567754586771,-20.811337447124,-37.8113294678326,8.97880806716489,358.997588010464,3.44796767842626
815,1.0968178927933,0.958449791347878,0.958963447669353,6485.45482088286,1.00387564487742,-99.0709022945019,166.11597615171,9.14994066177865,371.39070184156,2.87802549215845
816,0.953137112973253,1.07916314631204,0.920695012729317,6515.65627023997,1.02441913110629,-132.500224640708,187.330784039702,9.26823358695216,372.339975094425,3.44009961328297
817,0.990576672083102,1.0891430216882,1.03536400872601,6480.15868698736,0.981298151495026,-78.5059815099602,-162.79303629493,8.90722775324076,353.607276358634,3.38509946843836
818,0.928773593268666,0.920932088069296,0.984588708748312,6529.55783762576,0.97848301325298,-147.871826731066,57.3715798069323,9.18237916012172,354.689331316331,3.21224878829835
819,0.939436596393613,0.919522007621798,0.933369715641115,6542.37313958768,1.01928827516657,-58.3741750579624,62.3283069309571,9.24782137023189,356.183876568599,3.16919183135944
820,1.00745513473361,1.03542485269651,1.03653423049255,6512.873401506,0.985966082112238,-184.397431694873,-17.7732872039565,8.90313484914097,363.230312348943,3.23217645706892
821,1.07819477693814,1.01389945170372,1.06647820834038,6549.16243429612,0.979816972248297,76.7110556567929,69.7174294800099,8.82832162222027,374.092181763846,3.05740316566363
822,1.09599108947166,1.09712014679056,1.03733572234483,6474.36147919822,1.01791335028784,-157.188346315585,112.279721668651,8.73099006947552,385.974383531308,3.1115959295214
823,1.08203922482894,0.976566678953687,1.02612705899662,6493.01427320968,0.996265903299288,-75.851644356752,104.85184818013,8.88628832481489,374.430540612452,2.95088980176386
824,1.0872353128333,1.08815017184689,0.934956256974987,6537.47436496566,1.01424588648563,-98.8650397238843,-173.086154831394,9.2556564005759,346.819205569719,3.1312481975223
825,0.953599453376876,1.08244164735631,1.02663573497915,6522.10546608979,0.985429141066546,87.7552622299281,-188.75139748883,8.95576019384857,350.043724977262,3.48633429246783
826,0.975064269154603,1.02535066970847,0.929219313108264,6532.30035744469,0.984101877928715,60.9124451273785,-37.9211429698681,9.42444193199362,347.433750670566,3.31873137665829
827,1.01920871909553,0.921490110525782,0.903382559984321,6540.95644273803,0.986177800526031,127.870801112184,199.74012018888,9.55260939388663,359.229137440282,3.01031092933234
828,0.942286251599782,0.953034148236671,1.03257195752693,6546.54486346006,1.02494886089144,1.15020802623396,118.04411301069,8.77281918470316,376.999149739232,3.23429326817266
829,0.92714917061998,1.0954876368408,1.0928706468072,6466.37289578792,0.987965387488186,-159.938000997293,-91.3129604407281,8.63355295774769,366.58835427148,3.55741404608653
830,1.06319115788304,0.975663121433052,0.917679393429352,6484.22255247789,1.02888300005448,51.8734381036812,-33.5356214375369,9.23793208352195,355.519317249367,2.9868447656674
831,0.933307702699454,1.09723535945674,1.06416980185263,6478.14773024509,0.974204121743271,-177.349777048977,-151.848740197786,8.8182102198634,355.126400694389,3.55061098056943
832,1.01615371672288,1.0857526842411,0.999348685601197,6534.29454824562,0.996753197191589,83.4334183071301,92.7490949146003,9.03187912113001,372.796403292086,3.32547294405195
833,0.934792741180668,0.972243211795162,1.0274604313076,6457.06966081844,0.991692411265777,13.919786512477,198.489797217855,8.87965926753771,379.904835669738,3.30393039410679
834,0.994906712524488,1.06321135142286,0.986413457013324,6529.63907226197,1.00572488809721,154.638176600959,-35.622979059956,9.04724055164357,361.712861162351,3.33822109359335
835,1.0208608839643,1.02600373612377,0.983476588360095,6464.43120436875,0.97561356441474,-193.331379760147,149.413705698086,9.15278910363146,369.121148448441,3.18203262055627
836,0.947294982447739,0.942301349856354,1.04720708008521,6482.00161130874,1.00036268154471,-134.995573881017,183.898288584788,8.77431291299147,380.490217696366,3.19485216225103
837,1.07031628000345,1.072757924593,0.981354749714401,6526.23612137072,0.978632569323387,-196.552398963288,-192.010826968789,9.19092192762633,343.199081361332,3.15266491798529
838,1.01732034748091,0.991078981049588,1.0036030697817,6450.74631404172,0.995361197179445,87.2272644803443,-22.9225192130257,8.96119981031405,362.309138962335,3.13893353054848
839,1.04644384126244,0.946603792879367,1.06262840089635,6508.84312404535,0.982645785965794,-105.311809658467,51.2121858278148,8.804922889555,369.392737573297,2.97867772649067
840,1.06598791864249,0.983125556405831,0.951660085825518,6536.70116069106,1.01015609750505,-20.7658050867694,-4.83992188827926,9.19307839295695,357.314464859136,3.00072923506284
841,0.940851293587279,1.02536052601297,0.971748502108578,6549.56451766744,0.998811010915713,-5.64575752415473,26.3407149642688,9.16170006834784,359.242744008898,3.39794368419819
842,1.08335120062375,1.06016361997195,0.990226013959568,6521.86992659728,1.00517412992685,-3.05318051950043,-123.07369088626,9.02487580395042,355.866867226242,3.10424182791083
843,0.992787252690978,0.949163717404515,1.08296842997033,6483.54068134963,1.027135840872,13.2221160378845,52.6177514704641,8.51568014319718,381.327029898597,3.0946933177917
844,1.00858808889787,0.92587612339334,0.975164243801588,6459.91461122776,1.007377242651,-21.2503219198244,111.193988628375,9.04252281590837,367.969077922359,3.01478669261711
845,0.944094096199874,0.932913211685867,0.981266446192754,6542.65853832184,1.01262530890074,-32.4305500828325,6.90886790172422,9.05008585296852,357.734203750451,3.18964410497725
846,0.91684260223542,1.09691517927522,1.03328146093898,6478.54040684634,1.00514850365291,-156.207053572402,186.334667523033,8.81024438900519,385.276685220573,3.58063222367733
847,0.934956997576673,1.02960606361104,0.949090892507786,6521.75613826485,1.01660928203442,69.3678915645731,45.799784102077,9.16897139227205,362.458310391904,3.41673340320649
848,1.0784938187904,0.915725342197952,0.966182953156039,6474.82874796308,1.02928083772393,-44.2440881332506,93.0450796961595,8.9957009817873,369.868850998697,2.8272757325712
849,1.0369450327762,0.942416247495476,0.94779953604231,6478.1284563553,0.994667636695563,-106.269973739789,-192.139406901261,9.24218844715235,337.81697634118,2.9818745847291
850,1.07587861136144,1.09312196627618,0.968314077406314,6483.85068794255,0.970425508766462,72.1002753321496,130.175958299452,9.26095629699775,369.255615504011,3.20537586257581
851,0.929321660072001,0.93193326987343,1.05801664999429,6511.62907483541,0.972691633457663,49.0187961849127,-76.4329108624936,8.87352518146245,353.897902036967,3.24805413550956
852,0.973745031094169,1.05394628365938,1.06218703853452,6490.03566268398,1.02682917616038,-37.4149128191711,108.734414092044,8.60420122864545,386.862597709095,3.3430063542498
853,0.996775452912852,1.07950646530442,1.08155224873004,6458.74168078711,1.02618959987861,130.213936608166,116.524285725067,8.50875333713151,393.536992749714,3.34517130998487
854,0.940182267937104,1.06102384175093,1.07002654693701,6478.91503344542,1.02713560470174,-180.055941440334,-140.036298701144,8.56483322495143,365.506351110662,3.4322598678577
855,1.0075162276103,1.01515849422446,1.02903001666018,6451.69691293155,1.02762200647733,-182.164762906342,-142.775218910639,8.71112053959254,360.675561799886,3.16388790740925
856,0.902802903505211,1.01337168665882,1.08645337678419,6516.59471660805,1.01935944810883,-194.687518616568,16.8061193918904,8.55804253980573,375.661565243024,3.45040664763902
857,0.991912595501104,0.999793588844159,0.914442637067038,6518.44353610693,1.00019322489152,106.059539944506,-5.88374637531386,9.41267074304059,350.889529751521,3.22117756060293
858,0.929876327245286,1.02965139081556,0.934477272421033,6537.23945633548,1.00678697434415,-137.118446577218,184.935222992483,9.29618999759531,367.652156547943,3.41980607758128
859,1.00367309266706,0.914579690374331,1.02536658088301,6475.31989070128,1.01822160711264,127.128829426476,191.578942341865,8.78292496414782,383.428685216044,3.01364110180248
860,1.0003739062049,0.990991375945547,1.0506951210893,6463.24706563419,1.00281493082759,18.4990400523404,-164.210750875845,8.73525468322847,356.547307969345,3.16981682656334
861,0.983596817101383,1.07065695971344,1.07123072439893,6459.92376649197,0.97544325296487,-94.9218091992259,149.906425021597,8.7701936516091,382.578121349037,3.36944607731729
862,0.9257805170147,1.04399936052549,0.920233123922621,6512.31378537478,0.991364037947149,115.565585186347,-106.523820469855,9.42219986077349,342.954502424192,3.48589571910047
863,1.02784036587799,0.947136506915177,1.04273205662243,6537.36780345608,0.977608107947606,146.638275438201,37.4301017657192,8.93093513829232,364.958546346972,3.04745832056492
864,0.925422098173405,0.985508371071942,0.93217205869702,6520.03478888666,1.01553208806508,-157.68139189088,2.45594107785774,9.25534340930415,353.127577680008,3.33455145758939
865,1.06292501120518,1.0872326083102,1.00270357334835,6545.02792236114,1.00214133822736,-42.3238021600368,139.281251421158,8.99883755340766,377.917795417041,3.20055011567836
866,0.998596542091618,0.994380502112905,0.998062497881966,6534.67850018697,1.01991649250128,-38.5920030239155,-66.68005605179,8.9350804732364,359.169566988905,3.17296518478169
867,0.998385604807826,1.01455450194742,0.947667442125599,6529.39550847156,0.999188965943945,-66.3817806320162,-157.271602814404,9.25930630555092,342.508776038809,3.21956721058409
868,0.947769032080721,1.0898562343512,0.961019937363905,6466.8859289367,0.9976403674993,-77.1649026559005,-185.936299891522,9.15930554639974,345.360860913372,3.49141214719852
869,0.964629043455883,1.00882172478789,1.01034247440399,6485.65589211769,0.996838165375156,186.207167293907,-49.0606091078754,8.95014986032405,360.539503306933,3.31376113734977
870,0.951645362651997,0.948693408813352,0.991552922540827,6525.95201487169,0.982359291051308,83.7184508563072,-191.540070660233,9.1290685858575,339.193430327883,3.22452345719872
871,0.983786595596789,1.05517301304056,0.967746591154886,6506.37371014454,0.982298753969555,96.7981564504689,-179.088358692496,9.22575788636809,343.195939025435,3.35600432871868
872,1.0705085289751,0.939639277284334,1.07487960634167,6485.25292413005,1.01336101446847,-72.3098808855246,162.364668493859,8.60494701590546,387.676041439667,2.96523866889376
873,0.925327425103675,0.93570395785452,0.99860602503176,6458.19384390381,0.981758811082106,177.506552884806,190.595864459155,9.05294069773136,372.499506829259,3.26816858580175
874,0.975251865866084,1.08465720420279,1.00896493513469,6476.97424658738,1.01214392326484,63.5607226299429,195.650127643493,8.88202753823827,386.287429134216,3.41171195467373
875,0.953009457481857,1.03441190053235,0.910404751005889,6461.36460386967,0.970235102497066,199.784272423869,120.909478858991,9.53703611563589,357.240729524741,3.40607302200785
876,1.05734460294671,1.00194521505764,0.960013416581088,6465.12642844627,0.987080484330788,-49.6115112283444,102.524038792118,9.20898684019263,365.088277553363,3.05930737658871
877,1.00793235778063,0.915496725311096,0.903605801791782,6460.23321795341,0.994629922821843,173.277166819607,54.9609924836886,9.45216108777255,351.853104539231,3.01795706347682
878,1.0603651799751,0.99327491890091,0.972333216639009,6460.84003727166,1.02255598133117,113.264011611161,-132.75276096091,8.98751889267606,355.233536326108,3.03362774063432
879,1.00245211277525,0.997474961584249,1.02501831053731,6544.61868939913,1.00478628650575,16.0869067114474,-179.870826826134,8.89020741399656,350.511477676797,3.1825317030698
880,0.912581495203605,0.937469358265358,0.90649415433835,6524.335289557,1.01339981823964,-145.577506227343,134.431560318112,9.39820258027111,357.180025726725,3.27241227012928
881,0.930957206969222,0.960235117399472,0.949795379832273,6487.2307098573,0.985279825953398,-4.41962942461918,-37.0368474581258,9.28565487908048,347.632886955053,3.29361679238942
882,1.09731389815587,0.911185270025645,0.92843627527747,6455.28258939086,1.00755047169894,-178.196289034512,134.575894950449,9.25968192973482,363.814595268031,2.77645918176713
883,1.00238772613639,1.00540152491631,1.01231890154244,6467.08137063062,0.981861418186869,-72.4730708507981,37.3985663287406,8.99560883151458,364.613667890741,3.19661381030189
884,0.942023555188043,0.923266345426652,1.09402337728369,6452.19818148096,1.01816184432016,115.214059830009,-81.1143544619616,8.49042718589855,368.568776403828,3.17837181031372
885,0.927125323201463,0.929125729341085,1.03948632344744,6514.28065910862,1.01696474045508,174.992468959642,76.7709453066368,8.75666440677487,373.532900216961,3.23872007249887
886,0.931170307310289,0.948688523353082,1.06843874617462,6470.93060758342,0.974351339017269,81.3120216169002,-38.9894578039432,8.7951286781813,360.781365725583,3.27848427036247
887,1.08400801050918,1.03005101421873,0.918083795558332,6544.78565672537,0.985513435818415,-65.1150038374857,-39.0958345265832,9.48045253832614,347.408692336097,3.05705842747437
888,0.910244859280863,0.999303084446121,0.924663698215058,6490.09703266883,0.991042587279525,109.136033370601,121.268204653092,9.38560134129189,359.567689278352,3.43633413649044
889,0.930682576477818,0.973310237475845,0.974670632206366,6465.14104439361,1.01790721030307,82.8913313341693,-123.847285481186,9.00340218086559,351.525801605584,3.31031343877666
890,0.97334438171876,0.921161004971303,1.02564131941861,6462.13719245486,1.0291560501175,112.272829875145,-43.904580166402,8.72673358169836,365.626370266638,3.09177922468646
891,1.01571278645587,1.08226836324328,1.01081985607917,6467.4498486398,0.99272220133487,137.257946011898,57.6852063958472,8.95280040492412,372.883943854686,3.32130873457093
892,1.03014487686676,1.0733642971377,1.0787946114925,6541.97925717794,0.975690951595189,17.6504007852404,96.2038084873274,8.79277536587339,378.322916966797,3.27448812997182
893,1.0513853690254,1.021343240394,0.933357467036735,6529.74205539417,1.0132066800109,-165.545691380385,-14.4760701302495,9.26373218833074,355.291572356595,3.0871848909678
894,0.934795479904361,0.967495409142594,0.903616218441137,6490.03298684108,1.00299261526937,47.8330371308347,65.396138051484,9.43629004285545,353.365275684157,3.29425701963203
895,1.06725826262049,0.943092581455146,0.924096364487694,6535.15371718979,0.979396768893559,189.904032534478,137.015291759455,9.47268149828115,358.438812109846,2.95588837616107
896,1.00017532117792,1.0962842849844,0.919475345821601,6480.30657611751,1.00829346490244,-59.9972526107285,171.349020792317,9.32159415229004,370.986349393128,3.35827328636353
897,0.913125217635564,1.00988236641219,1.01817325347902,6515.27281237772,0.985339973399909,-54.1734289920542,137.472211865991,8.98936490272383,371.271572902277,3.44346786557013
898,0.938988553794032,1.06537356943467,1.01253108458055,6526.21875111941,1.01281644197581,-116.995401846048,27.5250945735491,8.89797637995293,368.927190334253,3.46054993829736
899,1.07354463056102,0.986423247360386,1.09331815404466,6495.22151001017,0.978567138200073,-44.2261279689307,180.680962556215,8.68944609628307,386.36897885955,3.00069543216658
900,0.963944169867971,1.07361963197341,1.07625013633638,6485.0186524332,0.974995459483038,89.8231636635273,-75.3950803944056,8.76922415257909,364.325567322142,3.44339076681882
901,1.05658472285151,0.988530969652087,0.997053348468524,6527.79094067485,0.992941799863698,-22.7490618708342,-49.5238124921511,9.05409002838165,356.619954140792,3.03898520166349
902,0.973468103055456,1.00518931538029,1.06175988890023,6486.17683119226,1.00145528323226,68.2909301770403,-92.224221478538,8.71172657789113,363.451337260522,3.27219739048838
903,0.955504560980479,1.08668262540469,1.04470691466622,6507.71866762233,1.00886320326524,-188.280222758633,47.2411862246787,8.76481511884587,375.255197246761,3.44948235855536
904,1.00190177464484,1.00914993595589,0.971884765366163,6458.14738977129,0.981600354016723,180.297885285069,-36.5201750916264,9.17480654365545,355.293680041404,3.22660528806787
905,0.993336631166173,0.910541957970688,0.907513245908796,6521.71814470468,1.00228567984727,3.48239368650667,-102.750187830933,9.44080459465823,338.299119438554,3.02897071117261
906,1.04895014632598,0.933647315821698,0.937986948732204,6496.07121713483,0.987176791726716,-101.014807506741,58.0950578213327,9.33792603023638,354.439719835634,2.94469275567453
907,1.03019434904371,1.06490341395999,0.983541713394595,6457.30850910262,0.986419983095287,192.002185278727,38.5034300930808,9.0969486569504,366.734494327454,3.26122019855787
908,1.0419474169602,0.901471565925083,1.0036411464365,6453.75286575318,1.00415381272549,168.30833985443,187.367652200163,8.92321630753787,378.396353278975,2.92556246877373
909,1.00811053507778,0.991640961050443,1.0890034188497,6517.36098319967,0.973893956772305,-13.709768933001,-103.901992614278,8.74368312874213,359.111111944832,3.16921746178824
910,0.993960864289736,0.991093114401272,1.01642896056295,6485.67704903493,0.979856226967356,1.48777383598251,132.081153738305,8.99978783594194,371.617821303694,3.19808155980003
911,1.03280244561352,0.967673573185043,1.08710460455177,6541.22075712492,0.982560903963046,-184.232965951855,96.5234833403049,8.72800619896573,375.459418113255,3.04642302822551
912,1.06552205226983,1.09357291319027,1.07796727881766,6510.05347682064,1.00180314035274,-188.863579494965,-101.337421262089,8.65873397200978,367.884514548517,3.18645041343126
913,0.991922950346585,1.02570078001671,1.01145036666368,6524.26359896817,0.986786015853222,25.9810430609893,-164.743102643683,9.01682816853774,348.434982801205,3.2715129108065
914,0.982733104716641,1.05003216659092,1.03868017068581,6549.06427371722,0.986673467559265,-0.724280330408344,-68.1878344904013,8.91602064912988,359.629068711086,3.34208653390795
915,0.988120622811835,1.07139002597388,1.0368418150377,6538.24411913476,0.982210666499913,149.344447136575,-176.095090328646,8.93662493803203,351.842215797507,3.38224353649616
916,1.07771985608743,0.965814755892146,0.962917526682813,6501.20885766987,1.02644141126339,-180.887454127438,-59.1076099717019,9.04170355142105,357.023120054001,2.91471203482672
917,1.07131439773667,0.979210895487093,0.939831379519413,6492.47941813314,0.9931331500895,166.166480586681,104.773750297239,9.29764220689321,363.472694262761,3.00418797403766
918,1.0010231111488,1.09767411334431,0.993055506255185,6455.82378308203,0.985736459308899,-25.571807912275,-137.238950341552,9.0562828679274,353.060805469502,3.37422794252127
919,1.08951302526481,1.05336977956355,0.953657440085555,6509.08045335179,1.01328694942657,176.511571562719,152.654139670164,9.14930416538201,376.045360635243,3.09345796895241
920,1.00303844522764,1.0549305239586,1.01242895076552,6505.27038900455,0.976884517500291,-149.544936793539,11.813446008983,9.04460589237671,361.972829909649,3.28715266511319
921,0.953772308995801,0.904207380492094,1.04456784078004,6453.24865966902,1.00571661046624,15.6775176509258,187.525876231122,8.74231387970754,381.81015976915,3.10592999393185
922,0.996842627869528,0.912720287275559,1.01033759356129,6534.10961706161,1.02981095705689,-27.862730524371,-71.880503001303,8.83776557065756,358.629346420713,3.00973440270897
923,1.0813306593904,0.938248425815224,1.02308578300659,6490.5714424181,0.972464941897333,-61.0846102777209,-93.9085909989302,9.00603157709901,351.540836184907,2.89318538547406
924,1.0372182307887,1.08975809953838,0.953609437475728,6531.14659391517,0.973321589016305,15.2484040159253,-171.779974516042,9.35272340687439,341.698734932058,3.28621131209513
925,1.08680659822613,1.05327025611148,1.03158998224092,6532.38963816247,1.00885118773421,187.577758869716,85.5831791459086,8.83394000251584,379.643046786617,3.10446503062063
926,1.08493172191645,1.00342637840213,0.923412882596373,6502.8177721423,0.977612369683786,36.997391670562,-7.00277578893482,9.46083523489335,349.823594518487,3.01689659337276
927,1.02451507956656,0.902009396210966,0.938968098331073,6499.13304319121,1.02703021369535,-46.5563838579366,-30.2511895785461,9.15292319428235,353.297229042208,2.92138588458638
928,1.04293921780132,1.02075855145722,0.959785230019667,6491.08163955674,0.983061987931434,186.408583652083,-147.746247377056,9.24776461769114,345.567354676704,3.15377697757587
929,0.974367356913284,0.905167794444002,0.944355898386709,6528.04711383802,0.982070513937333,-167.974638988414,-10.2187280621907,9.35562415182738,344.926920840938,3.05953668071126
930,0.901993846946904,0.916953230885267,1.0615251739126,6527.14733448596,1.02490832922429,141.8061743643,73.2702252959272,8.64106937119927,376.005310521641,3.27401270093227
931,0.910466571460133,1.05656972359733,1.06910216216811,6529.9082145772,1.00050874211848,-106.839264540207,138.131990275491,8.71658224668024,382.137649602385,3.53305916887762
932,1.04543256194803,1.09615223487777,0.931138519551187,6472.56645830521,0.98270788899289,117.015907048535,-125.237081419953,9.37640305617477,346.995986571914,3.2782900488156
933,0.913331965964661,1.09971216131713,0.90496344228903,6533.52440601589,0.991922010493039,136.646183903126,21.848196484458,9.51411923794669,352.499642951256,3.63284974982386
934,1.08032624589727,1.08523859728293,0.901819636256155,6457.54121759928,0.985021523774251,67.7261665454007,155.308878604602,9.50353460454748,365.345080441315,3.17015943834709
935,0.991988390258793,1.02139462325485,0.937699970559112,6530.49668338817,1.02803968668121,-92.560426834161,-2.06961935978147,9.17747684166752,358.806564581267,3.23182385958
936,0.917223222101275,1.01182733129259,1.00055668836934,6464.44364841551,0.996523972787084,-66.3581391653747,8.73235012207574,8.98141312025059,362.209167627171,3.4241712218236
937,1.01713086708576,0.901699115721442,1.05220119658991,6521.30142918617,0.991977183172391,-178.825625772473,101.97301591402,8.81557304768961,370.921323025097,3.05519340060478
938,1.09103503209563,0.948030319204403,0.964704922747408,6468.38128894818,1.00461616740069,-138.063442141018,-57.5224226154482,9.10757705590694,354.076421058866,2.86538939627851
939,1.03940260278685,1.01202319660187,0.977292512865587,6492.02496018075,1.00372665295739,-197.654108845135,-168.596052618556,9.07086743144707,347.059837656803,3.09801933994046
940,1.0762516135526,0.915575797818258,1.0413607192421,6542.00381641091,0.986241016258104,-51.8034251761943,27.5685623378865,8.89963798935375,364.05296436359,2.96390206977516
941,1.07634179392772,1.08838111745208,1.04791264962225,6458.66197608547,1.01014924933209,-35.8785112509352,-11.7196002035754,8.71022431831149,375.954588612693,3.15777365857221
942,0.909829678069035,0.938212427869272,1.05810272150673,6495.39588330479,0.988099734497869,-46.3923704140167,141.759805330272,8.79312434672262,375.103146732734,3.299960437576
943,1.04979980348099,0.954463079436217,0.923500368042475,6475.19982216441,1.02524538706328,32.6355351399021,13.3920834979131,9.21917922554925,358.32890074012,2.97562634414437
944,1.01927871993849,0.973205653149303,1.0614214040639,6502.32862493003,0.977004874166128,-148.373950068375,14.7436586010473,8.8314818136581,365.54586247268,3.09059081124998
945,1.08731404361417,0.96167042433524,1.07390823377184,6526.40955865789,0.984868746574414,-185.463700673503,-159.261093943047,8.75981953565364,353.815533896411,2.91056487039253
946,1.04569878676949,0.939933947608129,0.974254184101079,6500.16991660064,1.01352809010701,-154.70751069635,-37.4534378890154,9.04638576087628,356.308374926237,2.94533183982864
947,0.997014581828539,1.00816541279431,1.06367212827904,6467.16781950432,1.0184698871096,77.1513710786609,22.3483256795837,8.61772618973199,378.028626313902,3.20895284888852
948,1.03990557408051,0.982403547790331,0.927679517193625,6516.57652402654,1.00148033840114,55.7499202171102,-64.800487588604,9.33701844384208,348.274709898442,3.0686394560701
949,1.08137331546797,1.01747397371512,0.917080496858175,6494.98039907044,1.01538136328462,117.653824692909,-2.1611788944965,9.30941539622009,357.645738737961,3.03809567026929
950,1.07894951416626,0.953533687438859,0.982119739447653,6539.8596910569,1.02377540298829,74.2851075298724,143.592218848888,8.99160065770157,375.466732507011,2.91997896065811
951,0.917754653391247,1.07299899524156,0.964123981310045,6467.83315124282,0.984362190180523,-32.8125967944452,-99.5231981582131,9.20752805095242,349.14717861527,3.55415827001698
952,0.9641135172033,0.926995697214328,0.9592353531118,6507.2283814542,0.996511222485464,-61.3124955056355,98.5808515428456,9.2011465052994,360.183286727475,3.13076760083747
953,1.07870199427866,1.05135784458048,0.966400140423536,6524.44421678376,0.979118810948443,-147.872804763484,-61.7491851855364,9.2575783188364,351.487993579155,3.10061815426603
954,1.06154047380881,0.94926964944846,0.912650681779736,6463.17095352064,1.02152469811177,53.5133138989151,-98.7195346520093,9.28145034263925,347.784849942458,2.94246232686263
955,1.01105916506564,1.00551592448507,1.03108719568813,6473.31875544216,1.02186417923166,-76.2525751679949,77.6526615904948,8.7414927876338,378.192309635358,3.15279045018941
956,0.903224929274443,0.974531425978829,0.970341963591762,6504.3484428583,0.974364175706632,116.052549490443,-112.887679292973,9.25149437230461,342.418245116685,3.41170513710364
957,1.0354075629764,1.06064242464882,1.0123753912483,6524.0883206722,1.0097116187329,-57.788081139197,123.543415613426,8.90865454642598,378.396056180044,3.20916452961718
958,0.958940273977106,1.0142425835503,1.04907954782831,6487.89559098125,0.988166056457045,-16.2615959308709,127.185397739661,8.82422487276346,377.260694744264,3.32747024865484
959,1.08598435262913,1.00901668257198,1.03229324106473,6540.32736222389,0.975912811084777,-107.168568853534,83.560002500633,8.98427351146409,369.218520288951,3.01406869717969
960,1.06474889238246,1.07140580566612,0.983021435370987,6458.93399022919,0.996266888637977,-107.706163917178,-83.5214180013503,9.05455782543421,357.761124779767,3.15617277373409
961,1.0544535113675,0.915105417205177,1.06551624349614,6492.76690858242,1.00576383586604,-164.139107505728,-65.0563686570881,8.68044482804678,363.325682411104,3.00626413378819
962,0.917940183802969,1.09230874457622,1.06145232986525,6495.96327543565,0.98341615289942,173.382042099941,-62.1613617092113,8.80039764767828,365.359677267764,3.61040934744959
963,0.932196886337475,1.01263287769079,1.08875482406896,6450.38302905003,0.98428749059524,175.379056164163,-131.565613257135,8.6551210318887,361.162062783871,3.40887661713079
964,0.922648690327964,1.01403744315996,1.07236876465897,6497.71098176939,1.02967385540107,71.6686798151971,-170.370037115821,8.55771687408523,362.291632420392,3.41149501132312
965,1.0985664263364,0.981578847356038,0.957480506769096,6505.78791835779,0.988258455509252,-165.416997151939,-199.428662768329,9.24350450095112,339.084113821126,2.92088991177162
966,0.989916670584052,1.06737268444532,1.01446303712602,6549.92072989434,0.987210798738832,-87.8179740959779,-136.100215906422,9.01928790788463,351.482910875996,3.34848920795007
967,0.932812717653067,0.95703731920201,1.05856800905471,6540.57567906365,1.02850523018246,-107.084138361419,152.519018245637,8.64616040539504,383.606076226318,3.25592936566182
968,0.965651017855467,0.922568108903377,1.07400498510403,6513.61056346436,0.979883853764864,-28.067496994799,-85.0969220491729,8.77566942200021,356.317351224714,3.12841602042734
969,1.04735891374204,0.990683246124854,1.09785598902128,6455.47449822596,0.991300915968175,-7.23993315600904,1.25342189932791,8.58979862089321,375.281013591523,3.06115374329717
970,0.963187164477127,1.04584804981951,1.07494941469779,6543.87193019779,1.01830560260797,140.23207892264,20.2181202479982,8.62471667600718,378.183408860938,3.38045510689387
971,1.06517764528536,0.96070078182959,0.979695752421843,6481.69130138185,0.998043240126876,-85.7681535045455,184.644576901779,9.07769911983196,374.279373444797,2.95615494606699
972,0.962568925601134,0.919608907622188,1.00536343321008,6455.70990784452,0.976632589978515,-112.244244321501,-14.2599000471433,9.04363720907865,354.181282451739,3.12043980167597
973,0.986650186461806,1.05993837240056,1.04789493077682,6492.63182939907,0.990022252454538,-73.4124863754006,109.598034917604,8.82351459317063,377.905338469413,3.33796911273786
974,0.910414481244254,0.902564329902121,1.05910887838533,6497.71463759891,0.977852868313215,-105.773626162199,173.001581238953,8.83647683346528,373.913555989993,3.22148470052754
975,1.07190059512498,1.04195701004479,0.996445046067465,6502.03236261914,1.02851467211704,186.308177553715,-113.892381685666,8.88084012928871,362.500147555873,3.10470479619959
976,1.06222091326106,0.939448533233403,0.94270749557679,6517.60930341646,0.994300065915253,172.617762842608,-164.396106041596,9.29625185072763,340.227142139056,2.95002164775094
977,1.0023051281619,1.08370430608862,1.0808227320959,6465.65292134157,0.991998262005787,47.6485600186785,-136.242046091439,8.66161315396824,364.506774459075,3.34920771080609
978,1.09360443440915,1.08294986574553,0.933390035806894,6462.1155461261,0.975124508968496,163.777465614652,-122.550476081816,9.3926476271078,347.055904065189,3.15189897556431
979,0.983256985708871,0.989770273130401,1.01980220884271,6457.17353437474,0.983605517044031,172.59615476757,163.364042907428,8.94833239654839,376.990154821412,3.23152980785322
980,1.05625812948114,0.903880249123643,0.96540135369922,6512.79587353429,0.986511412706409,163.834678021511,53.5557847329768,9.21988851960103,357.503618619143,2.89442495146572
981,0.914381343463289,1.08180111776714,1.09155333163524,6457.77124183917,1.00194161409168,-78.6542871143318,-42.864369407439,8.57281135135938,373.31611066264,3.56703424626036
982,0.935930243591068,1.01561442040248,1.09159587064978,6500.30726002716,0.974974874883669,48.0005333909634,-63.9108022194972,8.7185749636401,363.449823410019,3.40335369403431
983,1.07118503791826,0.986935629663294,0.938567921788449,6469.11056226911,1.01612585084327,-93.764960677056,106.893357663689,9.18137981688417,367.353120443903,2.97935885755461
984,0.94117746215332,0.964337273740262,0.99309739448794,6544.31958496934,1.02590388548523,-117.251249831085,-56.7123835027709,8.93903627627298,357.226496526383,3.24912747493131
985,0.929879877690754,1.0019970158627,0.992116510138933,6540.07601624507,1.02580032266746,-46.5730435970832,-3.30482279240423,8.941246152515,363.412102418244,3.36308237068082
986,1.07924724982923,1.06134156154901,0.90073126226893,6482.00595641836,0.995306454516168,-108.113486526707,-120.171353641625,9.47791174784033,343.390991870343,3.10837279094593
987,0.907556901319136,1.02867394501395,0.952502058096633,6455.23471784313,0.983858758631684,120.765581134451,140.595672658619,9.25687921315481,365.821253188485,3.50548616696447
988,0.996613249038661,0.983214134081737,1.09557073870036,6470.05646595881,0.982921556971276,-83.2531291854401,-130.897072687565,8.64608935961712,359.688679488776,3.16601010600153
989,0.975873119640837,1.08216684539795,1.02306956812571,6491.19465486123,1.02606464767427,-180.614307009671,-115.889528839255,8.7704022705332,362.900172358856,3.37615349623604
990,1.01317772102035,1.02311052463864,0.907911501312523,6490.30387579071,1.00894923788985,79.2282185613606,55.2559610065077,9.38428634246196,358.417649939661,3.20487800604906
991,0.964112644872185,0.918704024719582,0.985422489283867,6462.87544373681,1.02685741951124,-9.9316535909487,-73.096330257253,8.91288898314209,356.547595112103,3.09919266022549
992,1.05326081422378,0.999589718516453,0.96200680480249,6531.19677423908,1.02202912906007,69.2032665154708,-181.214231036933,9.08697690794708,347.738876490315,3.06249649364625
993,1.01326457603331,1.05265898239946,0.927300602416716,6472.86707513846,1.02294970630409,-191.95131125877,101.09085513039,9.20999184182219,367.356819844046,3.22338193283552
994,0.994754658502885,0.989354431767921,0.901419306498977,6531.93982309665,0.991589494038194,16.3062525202172,70.9202745342638,9.53090312638166,352.117527373138,3.19161704964765
995,1.04052591528758,1.09119601176521,1.00626799064732,6489.97195509744,1.0272222175895,56.8440940102084,-80.7398574893778,8.83567955091917,367.232881448867,3.25228916171998
996,0.925292849080714,1.06851090029304,0.97243632055883,6516.04697213644,0.998248985161954,-120.428088081985,40.674643448186,9.13794637594109,362.05343047356,3.51387012457689
997,0.912136613790136,0.982668491974238,1.00932298793273,6493.60469741186,1.01492033051506,131.169981818125,108.497229613271,8.88113434887543,374.144505025915,3.38743119947789
998,0.90776258956236,0.938825754089194,1.00732150185275,6543.48220404438,1.02009740650313,137.013803340721,-78.71672249613,8.90142283648259,355.837299831177,3.30696149386233
999,0.985889579415741,0.994141189463188,0.931474316669982,6453.10681302445,1.02681417396763,-103.714965734597,-104.020438510547,9.15881357397026,350.492262832975,3.18757179701958
1000,0.916675810753752,1.08570155038876,1.01594742298795,6516.70368571253,1.02469461323578,-61.7519324396842,48.6029244552336,8.82547512100784,374.405009169753,3.56214292090781
