time_s,x_m,y_m,altitude_m,vx_mps,vy_mps,velocityDown_mps,stageId,windX_mps,windY_mps,theta_deg,horizontalDrift_m
0,0,0,15300,0,0,276,0,3.06161699786838e-16,5,5,0
0.000630957344480193,2.4376828529846e-24,3.98103821392717e-08,15299.825649078,7.72690141584771e-21,0.000126189876480753,276.000915778431,0,3.06161699786838e-16,5,4.99999967623066,3.98103821392717e-08
0.00126191468896039,9.75064938219309e-24,1.59240188909682e-07,15299.6512981559,1.54536078203484e-20,0.000252376568184521,276.001831556862,0,3.06161699786838e-16,5,4.99999870496926,1.59240188909682e-07
0.00189287203344058,2.19387765453365e-23,3.58287410878159e-07,15299.4769472339,2.31801192184236e-20,0.000378560075191681,276.002747335294,0,3.06161699786838e-16,5,4.99999708628579,3.58287410878159e-07
0.00252382937792077,3.90019413032312e-23,6.36950038662345e-07,15299.3025963119,3.09064356149952e-20,0.000504740397582608,276.003663113725,0,3.06161699786838e-16,5,4.99999482025031,6.36950038662345e-07
0.00567861610032174,1.97439022859818e-22,3.2244239399847e-06,15298.4308417017,6.9535092747542e-20,0.00113559424310675,276.008242005881,0,3.06161699786838e-16,5,4.99997378225068,3.2244239399847e-06
0.0088334028227227,4.77733590193125e-22,7.80198160850528e-06,15297.5590870916,1.08158875580658e-19,0.0017663684852802,276.012820898037,0,3.06161699786838e-16,5,4.99993657100515,7.80198160850528e-06
0.0119881895451237,8.79870266898292e-22,1.43693719284759e-05,15296.6873324814,1.46777784729399e-19,0.00239706313414759,276.017399790193,0,3.06161699786838e-16,5,4.99988319535801,1.43693719284759e-05
0.0151429762675246,1.40383367851052e-21,2.2926343815832e-05,15295.8155778713,1.85391820808743e-19,0.00302767819975229,276.021978682349,0,3.06161699786838e-16,5,4.99981366420107,2.2926343815832e-05
0.0309169098795295,5.85051378941315e-21,9.55461410340763e-05,15291.4568048205,3.78388926683353e-19,0.00617956013026453,276.044873143129,0,3.06161699786838e-16,5,4.99922399024308,9.55461410340763e-05
0.0466908434915343,1.33405572186725e-20,0.000217867833043138,15287.0980317698,5.71264298025228e-19,0.00932945398498513,276.067767603909,0,3.06161699786838e-16,5,4.9982317895973,0.000217867833043138
0.0624647771035391,2.38720443397081e-20,0.000389860069961866,15282.739258719,7.64018011619432e-19,0.0124773610179093,276.090662064688,0,3.06161699786838e-16,5,4.99683822694865,0.000389860069961866
0.0782387107155439,3.74430567361465e-20,0.000611491521673283,15278.3804856682,9.5665014420262e-19,0.0156232824822419,276.113556525468,0,3.06161699786838e-16,5,4.99504449615987,0.000611491521673283
0.148997756206518,1.35668165969454e-19,0.00221562929105619,15258.8278091977,1.81926952554572e-18,0.0297109260696613,276.216256982543,0,3.06161699786838e-16,5,4.9821074901484,0.00221562929105619
0.219756801697492,2.9484510099844e-19,0.0048151859165226,15239.2751327271,2.67945083385699e-18,0.0437587529028374,276.318957439617,0,3.06161699786838e-16,5,4.96126116377593,0.0048151859165226
0.290515847188465,5.14801590368391e-19,0.00840734799171183,15219.7224562566,3.53720095999462e-18,0.0577668755180245,276.421657896692,0,3.06161699786838e-16,5,4.9326344523041,0.00840734799171183
0.361274892679439,7.9536584840319e-19,0.0129893100436298,15200.169779786,4.39252677538566e-18,0.0717354061341426,276.524358353766,0,3.06161699786838e-16,5,4.89636713755291,0.0129893100436298
0.43181163775734,1.13520081002154e-18,0.0185392361424031,15180.6785310528,5.24275936774017e-18,0.0856207581057719,276.626736161576,0,3.06161699786838e-16,5,4.85275873249881,0.0185392361424031
0.502348382835242,1.53492388557424e-18,0.0250672093642495,15161.1508868614,6.09059643553731e-18,0.0994669881924783,276.717058643685,0,3.06161699786838e-16,5,4.80186683406189,0.0250672093642495
0.572885127913143,1.99436634105318e-18,0.032570474073696,15141.6175309909,6.9360447281374e-18,0.113274206619681,276.80548923722,0,3.06161699786838e-16,5,4.74386071966804,0.032570474073696
0.643421872991044,2.51335991676466e-18,0.0410462823814108,15122.0841751205,7.77911097592818e-18,0.127042523302952,276.893919830754,0,3.06161699786838e-16,5,4.67891883375215,0.0410462823814108
0.724872027963614,3.1865169144838e-18,0.0520397704334406,15099.5286282063,8.74966141179155e-18,0.142892814775385,276.99603236146,0,3.06161699786838e-16,5,4.59554633131164,0.0520397704334406
0.806322182936183,3.93859676082971e-18,0.0643221664168299,15076.973081292,9.71705493370985e-18,0.158691549930563,277.098144892166,0,3.06161699786838e-16,5,4.50347969923687,0.0643221664168299
0.887772337908753,4.7693427437893e-18,0.0778892779062486,15054.4149784942,1.06813018101636e-17,0.174438896465501,277.199269681756,0,3.06161699786838e-16,5,4.40303667694931,0.0778892779062486
0.969222492881322,5.67849898413581e-18,0.0927369260767988,15031.8179037941,1.16424122763219e-17,0.190135021533193,277.285333476503,0,3.06161699786838e-16,5,4.29454797216952,0.0927369260767988
1.06094200743258,6.79582753027597e-18,0.110984285999971,15006.371755503,1.27209592336217e-17,0.207749030046517,277.382248325558,0,3.06161699786838e-16,5,4.16317824125383,0.110984285999971
1.15266152198383,8.01189863766919e-18,0.130844234325315,14980.9256072119,1.37955564884714e-17,0.225298535023754,277.479163174613,0,3.06161699786838e-16,5,4.02255149710005,0.130844234325315
1.24438103653509,9.32635070651006e-18,0.152310865679859,14955.4794589208,1.48662185048633e-17,0.242783772679824,277.576078023668,0,3.06161699786838e-16,5,3.87319398440198,0.152310865679859
1.33610055108635,1.07388234572144e-17,0.175378296251477,14930.0282499918,1.59329596939805e-17,0.26020497836721,277.670646913672,0,3.06161699786838e-16,5,3.71564626079194,0.175378296251477
1.4287240263784,1.22643261862847e-17,0.200291646453878,14904.292124963,1.70062500102408e-17,0.277733139417524,277.750351047113,0,3.06161699786838e-16,5,3.54879860121037,0.200291646453878
1.52134750167045,1.38890568652854e-17,0.226825512057118,14878.5559999343,1.80755712085039e-17,0.295196479851804,277.830055180554,0,3.06161699786838e-16,5,3.3747495688894,0.226825512057118
1.6139709769625,1.56126485422107e-17,0.25497390028016,14852.8198749056,1.914093796685e-17,0.312595239381293,277.909759313995,0,3.06161699786838e-16,5,3.19409466377616,0.25497390028016
1.70659445225454,1.74347356179559e-17,0.284730840436519,14827.0837498769,2.02023649092434e-17,0.329929656833448,277.989463447435,0,3.06161699786838e-16,5,3.00743692621989,0.284730840436519
1.79555785546218,1.9277217537007e-17,0.314820853660477,14802.3515128725,2.12181531022762e-17,0.346518736946017,278.057920095398,0,3.06161699786838e-16,5,2.82307033980313,0.314820853660477
1.88452125866982,2.12099068332343e-17,0.346384065152523,14777.5935979778,2.22303330002219e-17,0.363048889127862,278.11049195184,0,3.06161699786838e-16,5,2.63427634380403,0.346384065152523
1.97348466187745,2.32324830719578e-17,0.379415241817202,14752.8356830832,2.32389174204679e-17,0.379520322702802,278.163063808283,0,3.06161699786838e-16,5,2.44160456460216,0.379415241817202
2.06244806508509,2.53446269534349e-17,0.413909169093992,14728.0777681886,2.42439191350037e-17,0.395933246253258,278.215635664726,0,3.06161699786838e-16,5,2.24560504870901,0.413909169093992
2.14756802232269,2.74490741691198e-17,0.448277400279508,14704.3894583764,2.52021600781221e-17,0.411582508453357,278.265936282856,0,3.06161699786838e-16,5,2.05546579341193,0.448277400279508
2.23268797956029,2.9634948114148e-17,0.483975430871677,14680.7011485643,2.61571439520669e-17,0.427178578677191,278.316236900986,0,3.06161699786838e-16,5,1.86326659124622,0.483975430871677
2.31780793679789,3.19019720192015e-17,0.520998740884521,14657.0128387522,2.71088818276106e-17,0.442721637724197,278.366537519116,0,3.06161699786838e-16,5,1.6694872677043,0.520998740884521
2.40292789403549,3.42498700530851e-17,0.559342825652771,14633.3245289401,2.80573847380012e-17,0.458211865780988,278.416838137246,0,3.06161699786838e-16,5,1.47460346252059,0.559342825652771
2.48376788476601,3.65543384397768e-17,0.596977650457706,14610.8273049308,2.89552103614458e-17,0.472874470934894,278.464609560487,0,3.06161699786838e-16,5,1.28892535802519,0.596977650457706
2.56460787549653,3.89312698207817e-17,0.635795885767018,14588.324240527,2.98501374651179e-17,0.487489739668625,278.506321276096,0,3.06161699786838e-16,5,1.10307692534748,0.635795885767018
2.64544786622704,4.13804302588548e-17,0.675793711095566,14565.8004845409,3.07421754065073e-17,0.502057824801586,278.526564418154,0,3.06161699786838e-16,5,0.917453145739725,0.675793711095566
2.72628785695756,4.39015865699942e-17,0.716967318259602,14543.2767285548,3.1631333512974e-17,0.516578878661128,278.546807560212,0,3.06161699786838e-16,5,0.732442403456666,0.716967318259602
2.80169544209689,4.63180189388491e-17,0.756430653656181,14522.2665573285,3.24581527959429e-17,0.530081862273131,278.565690373587,0,3.06161699786838e-16,5,0.560753508611767,0.756430653656181
2.87710302723622,4.87967058171066e-17,0.796910682346628,14501.2563861022,3.32824818985357e-17,0.543544178153379,278.584573186963,0,3.06161699786838e-16,5,0.390235316683825,0.796910682346628
2.95251061237555,5.13374597096314e-17,0.838404342303014,14480.2462148758,3.41043283205578e-17,0.556965948782989,278.603456000338,0,3.06161699786838e-16,5,0.221186415659435,0.838404342303014
3.02791819751488,5.39400936845896e-17,0.880908580696815,14459.2360436495,3.49236995392826e-17,0.570347296275103,278.622338813713,0,3.06161699786838e-16,5,0.0538984136638459,0.880908580696815
3.09492882797813,5.63046905342123e-17,0.919525377821814,14440.5654441679,3.56497592063543e-17,0.582204750482753,278.63911894567,0,3.06161699786838e-16,5,-0.0930534672368261,0.919525377821814
3.16193945844137,5.87178759519798e-17,0.958935686483016,14421.8948446862,3.63738753307002e-17,0.594030464228954,278.655899077627,0,3.06161699786838e-16,5,-0.238194532201493,0.958935686483016
3.22895008890462,6.11795198744997e-17,0.999137382584027,14403.2242452046,3.7096053114856e-17,0.605824522477562,278.672679209584,0,3.06161699786838e-16,5,-0.381334497943292,0.999137382584027
3.29596071936786,6.36894925857783e-17,1.04012834770191,14384.5536457229,3.78162977474615e-17,0.617587009965496,278.689459341541,0,3.06161699786838e-16,5,-0.522288377320926,1.04012834770191
3.36165483051403,6.61969424301873e-17,1.08107811127708,14366.2476835653,3.8520520583065e-17,0.629087841651723,278.694684202038,0,3.06161699786838e-16,5,-0.658177596281473,1.08107811127708
3.4273489416602,6.8750594836701e-17,1.12278241995272,14347.9396390027,3.92228953161843e-17,0.640558491533931,278.689152488573,0,3.06161699786838e-16,5,-0.791628520327448,1.12278241995272
3.49304305280637,7.13503285554623e-17,1.16523929356839,14329.63159444,3.99234267968137e-17,0.651999038818538,278.683620775109,0,3.06161699786838e-16,5,-0.922481988212126,1.16523929356839
3.55873716395254,7.3996022654132e-17,1.2084467571491,14311.3235498774,4.06221198622468e-17,0.663409562504543,278.678089061644,0,3.06161699786838e-16,5,-1.05058441787133,1.2084467571491
3.63541658081325,7.71420972518001e-17,1.25982605442662,14289.9540518138,4.14353289025296e-17,0.676690273985585,278.671632340406,0,3.06161699786838e-16,5,-1.19643117238761,1.25982605442662
3.71209599767396,8.03504327135082e-17,1.31222214877712,14268.5845537503,4.22460475082508e-17,0.689930313583707,278.665175619167,0,3.06161699786838e-16,5,-1.33810251271646,1.31222214877712
3.78877541453467,8.36208383672115e-17,1.36563192628979,14247.2150556867,4.30542833062923e-17,0.703129805855343,278.658718897929,0,3.06161699786838e-16,5,-1.47538346588633,1.36563192628979
3.86545483139539,8.69531241233331e-17,1.42005228256626,14225.8455576232,4.3860043900237e-17,0.716288874976427,278.65226217669,0,3.06161699786838e-16,5,-1.60807053341466,1.42005228256626
3.95228017718921,9.08007898150653e-17,1.48288943192902,14201.6485288145,4.47694410906804e-17,0.731140458160681,278.644951126643,0,3.06161699786838e-16,5,-1.75252675527196,1.48288943192902
4.03910552298303,9.47272772792587e-17,1.54701383852408,14177.4515000059,4.56756854102253e-17,0.745940551055643,278.637640076596,0,3.06161699786838e-16,5,-1.89058538567647,1.54701383852408
4.12593086877686,9.87323132424782e-17,1.61242103945757,14153.2576771238,4.65787877898092e-17,0.760689332177068,278.624919470978,0,3.06161699786838e-16,5,-2.02200441429199,1.61242103945757
4.21275621457068,1.02815625376034e-16,1.67910658726447,14129.077487884,4.74787591225797e-17,0.775386979423557,278.589193988538,0,3.06161699786838e-16,5,-2.14656205949535,1.67910658726447
4.30158400898344,1.07073832642176e-16,1.74864838934336,14104.3396321459,4.83962575729631e-17,0.790370866222954,278.552644571078,0,3.06161699786838e-16,5,-2.26668147228078,1.74864838934336
4.3904118033962,1.11413394655992e-16,1.81951881527902,14079.6017764078,4.93105018334396e-17,0.80530160806808,278.516095153619,0,3.06161699786838e-16,5,-2.37921328099489,1.81951881527902
4.47923959780897,1.1583402286884e-16,1.89171315271453,14054.8639206698,5.02215034459547e-17,0.820179393453212,278.479545736159,0,3.06161699786838e-16,5,-2.48398502207056,1.89171315271453
4.56806739222173,1.20335429752532e-16,1.96522670595823,14030.1260649317,5.11292739116361e-17,0.835004410206017,278.442996318699,0,3.06161699786838e-16,5,-2.58084697976963,1.96522670595823
4.65330643214597,1.24730657639338e-16,2.0370062245895,14006.3876496436,5.199734197022e-17,0.849181037445614,278.407923543622,0,3.06161699786838e-16,5,-2.66624040479759,2.0370062245895
4.73854547207021,1.29199752815587e-16,2.10999208760503,13982.6492343555,5.28624553372261e-17,0.86330941090984,278.372850768544,0,3.06161699786838e-16,5,-2.74413942811648,2.10999208760503
4.82378451199445,1.33742463855832e-16,2.18418018891568,13958.9108190674,5.37246240696725e-17,0.877389694842262,278.337777993467,0,3.06161699786838e-16,5,-2.81446962488567,2.18418018891568
4.90902355191868,1.38358540188032e-16,2.25956643636945,13935.1798235321,5.45838581904406e-17,0.891422052928959,278.297269555175,0,3.06161699786838e-16,5,-2.8771755526316,2.25956643636945
4.99001971979993,1.42812596830529e-16,2.33230670149076,13912.6558043774,5.53976129021305e-17,0.904711675900356,278.239921565957,0,3.06161699786838e-16,5,-2.92966207993343,2.33230670149076
5.07101588768118,1.47332457831178e-16,2.40612163333553,13890.1317852226,5.62087354394942e-17,0.917958312202815,278.182573576739,0,3.06161699786838e-16,5,-2.97521504610663,2.40612163333553
5.15201205556243,1.5191791033951e-16,2.48100775579182,13867.6077660678,5.70172343165507e-17,0.931162100880813,278.125225587521,0,3.06161699786838e-16,5,-3.01383326243433,2.48100775579182
5.23300822344368,1.56568742191724e-16,2.55696160396179,13845.083746913,5.78231180198518e-17,0.944323180530264,278.067877598303,0,3.06161699786838e-16,5,-3.04553024732523,2.55696160396179
5.30863569843219,1.60970137504128e-16,2.62884184429669,13824.0526939654,5.85732316590784e-17,0.95657346591457,278.014330822774,0,3.06161699786838e-16,5,-3.06890249016289,2.62884184429669
5.38426317342069,1.65428176298096e-16,2.70164714288681,13803.0216410177,5.93210795590424e-17,0.968786748968666,277.960784047246,0,3.06161699786838e-16,5,-3.08629901333165,2.70164714288681
5.4598906484092,1.69942687480809e-16,2.77537470557437,13781.99058807,6.00666685634566e-17,0.980963141458865,277.907237271717,0,3.06161699786838e-16,5,-3.09776447070215,2.77537470557437
5.53551812339771,1.74513500474965e-16,2.85002174662063,13760.9595351224,6.0810005495413e-17,0.993102754814716,277.853690496188,0,3.06161699786838e-16,5,-3.10335382488498,2.85002174662063
5.60996309733332,1.79067667822324e-16,2.92439694362486,13740.284194021,6.15395267919473e-17,1.00501674172167,277.788325095733,0,3.06161699786838e-16,5,-3.10318002211986,2.92439694362486
5.68440807126894,1.83676063583173e-16,2.99965775782952,13719.6240859277,6.22668789519419e-17,1.01689530394061,277.715785722957,0,3.06161699786838e-16,5,-3.09744721391386,2.99965775782952
5.75885304520455,1.88338526516756e-16,3.07580155597327,13698.9639778344,6.29920684250272e-17,1.02873854680198,277.643246350181,0,3.06161699786838e-16,5,-3.08623605164636,3.07580155597327
5.83329801914017,1.93054895860585e-16,3.15282571260542,13678.3038697411,6.37151016417026e-17,1.04054657532382,277.570706977405,0,3.06161699786838e-16,5,-3.0696358477968,3.15282571260542
5.90984003135343,1.97960157316691e-16,3.23293471153509,13657.0617876715,6.44562604860311e-17,1.05265061780928,277.496124245175,0,3.06161699786838e-16,5,-3.04705217831297,3.23293471153509
5.9863820435667,2.02922061806782e-16,3.31396876141046,13635.8197056019,6.51951536090002e-17,1.06471765825692,277.421541512944,0,3.06161699786838e-16,5,-3.0189907957035,3.31396876141046
6.06292405577996,2.07940436173617e-16,3.39592503435918,13614.5776235324,6.59317879368995e-17,1.07674780978163,277.346958780713,0,3.06161699786838e-16,5,-2.98557616689299,3.39592503435918
6.13946606799323,2.13015107787972e-16,3.47880071113209,13593.3355414628,6.6666170374898e-17,1.08874118515336,277.272376048483,0,3.06161699786838e-16,5,-2.94694106886928,3.47880071113209
6.21881618070348,2.18335203423557e-16,3.56568446633871,13571.314150103,6.74251251649006e-17,1.10113585748715,277.195057095954,0,3.06161699786838e-16,5,-2.90152797450282,3.56568446633871
6.29816629341374,2.23715426734454e-16,3.65355018100261,13549.3401836079,6.81816748478907e-17,1.11349125144264,277.101239233774,0,3.06161699786838e-16,5,-2.85082217807107,3.65355018100261
6.377516406124,2.29155587178197e-16,3.74239474332916,13527.3776282859,6.8935827045567e-17,1.12580749149163,277.003451472833,0,3.06161699786838e-16,5,-2.79499832729109,3.74239474332916
6.45686651883426,2.34655494814582e-16,3.83221505135943,13505.4150729639,6.96875893555376e-17,1.13808470171247,276.905663711891,0,3.06161699786838e-16,5,-2.73423882287925,3.83221505135943
6.54594158153653,2.40900402123222e-16,3.93420212735536,13480.7608421683,7.05286479674139e-17,1.15182023121309,276.795891329221,0,3.06161699786838e-16,5,-2.66038850063976,3.93420212735536
6.63501664423881,2.47220093474207e-16,4.03741051944661,13456.1066113728,7.13667152175964e-17,1.1655069080699,276.68611894655,0,3.06161699786838e-16,5,-2.58083837284242,4.03741051944661
6.72409170694108,2.53614302886809e-16,4.14183588383827,13431.4523805772,7.22018017453142e-17,1.17914490603469,276.57634656388,0,3.06161699786838e-16,5,-2.49587867353115,4.14183588383827
6.81316676964336,2.60082765323546e-16,4.24747389213977,13406.7981497817,7.30339181520667e-17,1.19273439824308,276.466574181209,0,3.06161699786838e-16,5,-2.40580848228236,4.24747389213977
6.90659309432903,2.66946702238908e-16,4.35957048880977,13380.9401508515,7.39035031702764e-17,1.20693579931342,276.351282476395,0,3.06161699786838e-16,5,-2.30618337725547,4.35957048880977
7.00001941901471,2.73891729673286e-16,4.47299139415512,13355.1667586688,7.47698445677254e-17,1.22108422803674,276.212922815486,0,3.06161699786838e-16,5,-2.20164012841629,4.47299139415512
7.09344574370039,2.80917545153746e-16,4.58773166841789,13329.393366486,7.56329544433312e-17,1.23517988200336,276.074563154578,0,3.06161699786838e-16,5,-2.09255159395263,4.58773166841789
7.18687206838607,2.88023847332142e-16,4.70378639020942,13303.6199743033,7.64928448510195e-17,1.24922295806884,275.936203493669,0,3.06161699786838e-16,5,-1.97929664485815,4.70378639020942
7.27674299893389,2.94935385777339e-16,4.81666037885673,13278.8274038299,7.73169847875294e-17,1.26268218463251,275.80310919163,0,3.06161699786838e-16,5,-1.86677842577527,4.81666037885673
7.36661392948171,3.0192085747765e-16,4.93074178918949,13254.0348333565,7.81381673938348e-17,1.27609311432876,275.670014889591,0,3.06161699786838e-16,5,-1.75110847389292,4.93074178918949
7.45648486002952,3.0897999713309e-16,5.04602628853011,13229.2422628831,7.8956403281935e-17,1.2894559204647,275.536920587552,0,3.06161699786838e-16,5,-1.63263685065918,5.04602628853011
7.54635579057734,3.16112540392869e-16,5.16250955970258,13204.4496924097,7.97717030258616e-17,1.30277077572737,275.403826285513,0,3.06161699786838e-16,5,-1.51171481242549,5.16250955970258
7.63242041986868,3.23011561947366e-16,5.27517913201193,13180.7620097804,8.05497298914961e-17,1.31547691869326,275.264120219053,0,3.06161699786838e-16,5,-1.39394285688947,5.27517913201193
7.71848504916002,3.299774289696e-16,5.38894037365457,13157.1057716168,8.13250829384212e-17,1.32813939488582,275.117392040291,0,3.06161699786838e-16,5,-1.27455740163909,5.38894037365457
7.80454967845136,3.37009911734712e-16,5.50378953293882,13133.4495334531,8.20977713556311e-17,1.34075835437272,274.970663861528,0,3.06161699786838e-16,5,-1.15386794023857,5.50378953293882
7.89061430774269,3.44108781305106e-16,5.61972287103005,13109.7932952894,8.28678043006297e-17,1.35333394670734,274.823935682766,0,3.06161699786838e-16,5,-1.0321819372478,5.61972287103005
7.97255653490369,3.50929107278499e-16,5.73110724696834,13087.2701652029,8.35984941237712e-17,1.365267017102,274.68423562417,0,3.06161699786838e-16,5,-0.91567778660298,5.73110724696834
8.05449876206468,3.57809209586186e-16,5.84346784452965,13064.7470351163,8.43267928935409e-17,1.37716103863175,274.544535565573,0,3.06161699786838e-16,5,-0.798809200823384,5.84346784452965
8.13644098922568,3.64748892621217e-16,5.95680146921006,13042.2239050297,8.50527084342168e-17,1.38901613907673,274.404835506977,0,3.06161699786838e-16,5,-0.681835042823292,5.95680146921006
8.21838321638667,3.71747961415019e-16,6.0711049369311,13019.7565596052,8.57762485445419e-17,1.40083244580009,274.254618622669,0,3.06161699786838e-16,5,-0.565010329007805,6.0711049369311
8.29527603014909,3.78369572422048e-16,6.17924405119065,12998.703003386,8.64530494867765e-17,1.41188544398219,274.108131760097,0,3.06161699786838e-16,5,-0.455744268188781,6.17924405119065
8.3721688439115,3.85043144608423e-16,6.28823175590717,12977.6494471669,8.71277719818373e-17,1.42290449854601,273.961644897524,0,3.06161699786838e-16,5,-0.347035661856027,6.28823175590717
8.44906165767392,3.91768518402406e-16,6.39806544507641,12956.5958909477,8.78004224125937e-17,1.43388971373173,273.815158034952,0,3.06161699786838e-16,5,-0.239085174809461,6.39806544507641
8.52595447143633,3.98545534721073e-16,6.50874252067707,12935.5423347285,8.84710071423628e-17,1.44484119346018,273.66867117238,0,3.06161699786838e-16,5,-0.132089081866336,6.50874252067707
8.59569573073993,4.04736770761072e-16,6.60985307833843,12916.4469023767,8.90774418005094e-17,1.45474502301445,273.535808583961,0,3.06161699786838e-16,5,-0.0360306479843273,6.60985307833843
8.66543699004353,4.1097024138077e-16,6.71165337902983,12897.3514700248,8.96821870754681e-17,1.46462126284751,273.402945995543,0,3.06161699786838e-16,5,0.0589445307828152,6.71165337902983
8.73517824934713,4.17245828924876e-16,6.81414150129456,12878.256037673,9.02852476734504e-17,1.47446998981764,273.270083407125,0,3.06161699786838e-16,5,0.152699765776575,6.81414150129456
8.80491950865074,4.23563416065116e-16,6.91731552901648,12859.2205410794,9.08866282875875e-17,1.48429128056949,273.127482433961,0,3.06161699786838e-16,5,0.245102083275771,6.91731552901648
8.87659816646231,4.30100147401572e-16,7.02406845305968,12839.6790052324,9.15029694226905e-17,1.49435689517008,272.977221475084,0,3.06161699786838e-16,5,0.338525581572245,7.02406845305968
8.94827682427389,4.36680993970938e-16,7.13154183353066,12820.1374693855,9.21175459484771e-17,1.50439369151355,272.826960516207,0,3.06161699786838e-16,5,0.430247039170894,7.13154183353066
9.01995548208547,4.43305829469806e-16,7.23973360773821,12800.5959335385,9.27303629170836e-17,1.51440175210757,272.67669955733,0,3.06161699786838e-16,5,0.520134674017475,7.23973360773821
9.09163413989704,4.49974527955534e-16,7.34864171888293,12781.0543976916,9.33414253662158e-17,1.52438115922409,272.526438598453,0,3.06161699786838e-16,5,0.608061534216357,7.34864171888293
9.16650871174514,4.56987265677376e-16,7.4631684171395,12760.6415694598,9.39778649048551e-17,1.53477500566345,272.369478000907,0,3.06161699786838e-16,5,0.697682591111068,7.4631684171395
9.24138328359324,4.64047585248479e-16,7.57847218596524,12740.2287412279,9.4612401169524e-17,1.54513776928004,272.212517403361,0,3.06161699786838e-16,5,0.784897132254188,7.57847218596524
9.31625785544134,4.71155344375538e-16,7.69455070153411,12719.8159129961,9.52450398519546e-17,1.5554695430269,272.055556805815,0,3.06161699786838e-16,5,0.869577573169072,7.69455070153411
9.39113242728943,4.78310401189739e-16,7.81140164695254,12699.4661330784,9.58757866268996e-17,1.56577041957979,271.889691681087,0,3.06161699786838e-16,5,0.951602733708449,7.81140164695254
9.47659430658411,4.86534808562901e-16,7.94571641230183,12676.2768895574,9.65934165012466e-17,1.57749020482475,271.695005280613,0,3.06161699786838e-16,5,1.04183467111597,7.94571641230183
9.5620561858788,4.94820441226104e-16,8.08103106251725,12653.0876460364,9.7308597363992e-17,1.58916999467507,271.50031888014,0,3.06161699786838e-16,5,1.12829714335737,8.08103106251725
9.64751806517347,5.03167090240178e-16,8.2173421853632,12629.8984025155,9.80213375727025e-17,1.60080992562017,271.305632479667,0,3.06161699786838e-16,5,1.21084068139013,8.2173421853632
9.73297994446815,5.11574547376993e-16,8.35464638021625,12606.7091589945,9.87316454565034e-17,1.61241013368498,271.110946079194,0,3.06161699786838e-16,5,1.28932753005291,8.35464638021625
9.82221789988654,5.20418155300315e-16,8.49907345795784,12582.4953142184,9.94707509042263e-17,1.624480641659,270.907657589994,0,3.06161699786838e-16,5,1.36681625054025,8.49907345795784
9.91145585530493,5.29327601907184e-16,8.64457576299914,12558.2814694423,1.00207222804607e-16,1.63650814054102,270.704369100794,0,3.06161699786838e-16,5,1.43961391519649,8.64457576299914
10.0006938107233,5.38302652604937e-16,8.79114946415121,12534.1613378981,1.00941070541353e-16,1.64849278357862,270.489466241178,0,3.06161699786838e-16,5,1.50760421619789,8.79114946415121
10.0899317661417,5.47343073634359e-16,8.93879074383636,12510.0662504779,1.01672303464832e-16,1.66043472347489,270.271459532433,0,3.06161699786838e-16,5,1.57068523194666,8.93879074383636
10.1756811522179,5.56091448919476e-16,9.08166255456918,12486.9131095968,1.02372495565297e-16,1.67186972826081,270.061975335403,0,3.06161699786838e-16,5,1.62659334423539,9.08166255456918
10.261430538294,5.64899762395844e-16,9.22551323024972,12463.7599687158,1.03070290138113e-16,1.68326557844881,269.852491138374,0,3.06161699786838e-16,5,1.67782161918106,9.22551323024972
10.3471799243702,5.73767808829739e-16,9.37033941915692,12440.6068278348,1.03765695392627e-16,1.69462240810776,269.643006941344,0,3.06161699786838e-16,5,1.72431643383144,9.37033941915692
10.4329293104463,5.82695383688209e-16,9.51613778101415,12417.4536869538,1.04458719510159e-16,1.7059403508487,269.433522744314,0,3.06161699786838e-16,5,1.76603629831649,9.51613778101415
10.5145280723671,5.91245916884551e-16,9.65577858524106,12395.482146016,1.05115994808311e-16,1.71667447106377,269.227503588308,0,3.06161699786838e-16,5,1.80127578181372,9.65577858524106
10.5961268342878,5.99849995499534e-16,9.79629385251606,12373.560553135,1.05771128289718e-16,1.72737361275692,269.016009260588,0,3.06161699786838e-16,5,1.83214899610885,9.79629385251606
10.6777255962085,6.08507445048953e-16,9.93768073329584,12351.638960254,1.06424126933747e-16,1.73803788990987,268.804514932869,0,3.06161699786838e-16,5,1.85865000565682,9.93768073329584
10.7593243581293,6.17218091615668e-16,10.0799363872979,12329.717367373,1.07074997697085e-16,1.74866741613393,268.593020605149,0,3.06161699786838e-16,5,1.88078237181763,10.0799363872979
10.8392509700156,6.2580164267852e-16,10.2201164142058,12308.2449993507,1.07710474348703e-16,1.75904553743488,268.385860292298,0,3.06161699786838e-16,5,1.89823831433679,10.2201164142058
10.9191775819019,6.34435904132041e-16,10.3611246046413,12286.7726313284,1.08343922584695e-16,1.76939053219473,268.178699979447,0,3.06161699786838e-16,5,1.91153594951274,10.3611246046413
10.9991041937882,6.43120714111155e-16,10.5029583151472,12265.3002633061,1.08975348879663e-16,1.77970250615175,267.971539666595,0,3.06161699786838e-16,5,1.9207042980117,10.5029583151472
11.0790308056745,6.51855911266104e-16,10.645614910682,12243.9282902358,1.09604759687598e-16,1.78998156470762,267.75459189405,0,3.06161699786838e-16,5,1.92578045704138,10.645614910682
11.1605932894719,6.60821670944962e-16,10.7920368779807,12222.1335801326,1.10244981647574e-16,1.80043718277516,267.5317719972,0,3.06161699786838e-16,5,1.9267886276904,10.7920368779807
11.2421557732693,6.6983956362926e-16,10.9393102418694,12200.3388700294,1.10883118287332e-16,1.81085874497909,267.308952100349,0,3.06161699786838e-16,5,1.92363867866973,10.9393102418694
11.3237182570667,6.78909419512717e-16,11.0874322292011,12178.5441599262,1.11519176399124e-16,1.8212463622453,267.086132203499,0,3.06161699786838e-16,5,1.91639504097582,11.0874322292011
11.4052807408641,6.88031069340669e-16,11.2364000758374,12156.749449823,1.12153162753136e-16,1.83160014513933,266.863312306649,0,3.06161699786838e-16,5,1.90512993378148,11.2364000758374
11.4891314231416,6.9746243931691e-16,11.390426036348,12134.3432990156,1.1280278265066e-16,1.8422092431744,266.63424129868,0,3.06161699786838e-16,5,1.88944059743925,11.390426036348
11.572982105419,7.06948189118538e-16,11.5453400868029,12111.9740230075,1.13450227355168e-16,1.85278281761169,266.401972045715,0,3.06161699786838e-16,5,1.86968062710195,11.5453400868029
11.6568327876965,7.16488136660195e-16,11.7011392535226,12089.6944311376,1.14095504150076e-16,1.86332098739839,266.161924259662,0,3.06161699786838e-16,5,1.84595297403605,11.7011392535226
11.7406834699739,7.26082100464548e-16,11.8578205727574,12067.4148392678,1.14738620294476e-16,1.87382387108448,265.921876473609,0,3.06161699786838e-16,5,1.81836793881877,11.8578205727574
11.8278378283073,7.36111118070744e-16,12.0216068597616,12044.2574423258,1.15404792649875e-16,1.884703291271,265.672370921661,0,3.06161699786838e-16,5,1.78573395374661,12.0216068597616
11.9149921866407,7.46198094415814e-16,12.1863396848029,12021.1000453839,1.1606864665572e-16,1.89554484993602,265.422865369713,0,3.06161699786838e-16,5,1.74919982774478,12.1863396848029
12.0021465449741,7.56342827797915e-16,12.3520157538404,11997.942648442,1.16730190380083e-16,1.90634867884121,265.173359817766,0,3.06161699786838e-16,5,1.70891306300863,12.3520157538404
12.0893009033075,7.66545117215144e-16,12.5186317842637,11974.7872832377,1.17389431863042e-16,1.91711490929095,264.923697274539,0,3.06161699786838e-16,5,1.66502788316262,12.5186317842637
12.1813785584564,7.77386030915279e-16,12.695677340708,11950.4629804943,1.18083421371547e-16,1.92844861806296,264.64918365042,0,3.06161699786838e-16,5,1.61493260705001,12.695677340708
12.2734562136053,7.88290728010137e-16,12.8737645590382,11926.1386777509,1.18774859544263e-16,1.93974066035953,264.374670026301,0,3.06161699786838e-16,5,1.56119800623186,12.8737645590382
12.3655338687542,7.99258974011614e-16,13.052889609773,11901.8143750074,1.19463755760715e-16,1.95099118935991,264.100156402182,0,3.06161699786838e-16,5,1.50402828105744,13.052889609773
12.4576115239031,8.10290535291064e-16,13.2330486774672,11877.490072264,1.20150119366048e-16,1.96220035768192,263.825642778063,0,3.06161699786838e-16,5,1.44363337824521,13.2330486774672
12.5503849245217,8.21469250553007e-16,13.4156109520712,11852.9819733171,1.20839117236706e-16,1.97345254682149,263.549054909003,0,3.06161699786838e-16,5,1.37973881514251,13.4156109520712
12.6431583251403,8.32711768034942e-16,13.5992151960011,11828.543402925,1.21525563018565e-16,1.98466305718802,263.267674898408,0,3.06161699786838e-16,5,1.31301521757033,13.5992151960011
12.7359317257589,8.44017851410526e-16,13.783857549755,11804.1790033998,1.22209466164678e-16,1.99583204316159,262.981182782537,0,3.06161699786838e-16,5,1.24369281913305,13.783857549755
12.8287051263776,8.55387265226122e-16,13.969534168083,11779.8146038746,1.22890836093191e-16,2.0069596585522,262.694690666666,0,3.06161699786838e-16,5,1.17200491321112,13.969534168083
12.9177986973938,8.66365108978604e-16,14.1488159619868,11756.4166110782,1.23542803908787e-16,2.01760710099928,262.419562176164,0,3.06161699786838e-16,5,1.10115326505259,14.1488159619868
13.0068922684099,8.77400935493341e-16,14.3290446862593,11733.0186182819,1.24192452413893e-16,2.02821666623162,262.144433685662,0,3.06161699786838e-16,5,1.02854981286986,14.3290446862593
13.0959858394261,8.88494538503122e-16,14.5102169723013,11709.6206254855,1.24839789859198e-16,2.03878848899317,261.86930519516,0,3.06161699786838e-16,5,0.954407437774237,14.5102169723013
13.1850794104423,8.99645712472366e-16,14.6923294634622,11686.3451479916,1.25484824466124e-16,2.04932270354997,261.586645681468,0,3.06161699786838e-16,5,0.878939285211002,14.6923294634622
13.2703386664421,9.10370692722525e-16,14.8674816829858,11664.090649077,1.26099950005696e-16,2.05936846596899,261.314966247045,0,3.06161699786838e-16,5,0.805674549324802,14.8674816829858
13.3555979224419,9.21148028791878e-16,15.0434889379243,11641.8361501624,1.267129813125e-16,2.06938002697141,261.043286812622,0,3.06161699786838e-16,5,0.73157838302774,15.0434889379243
13.4408571784417,9.31977542432353e-16,15.2203483172656,11619.5816512478,1.27323925516459e-16,2.07935750299772,260.771607378199,0,3.06161699786838e-16,5,0.656837064664832,15.2203483172656
13.5261164344415,9.42859056001043e-16,15.3980569198809,11597.3271523332,1.2793278972329e-16,2.08930101009307,260.499927943776,0,3.06161699786838e-16,5,0.581635320717043,15.3980569198809
13.6071294872759,9.53246651339314e-16,15.5676992256543,11576.1810037394,1.28509409668187e-16,2.09871792842901,260.241779076338,0,3.06161699786838e-16,5,0.509919191689297,15.5676992256543
13.6881425401103,9.63680884813225e-16,15.7381031899839,11555.1491323518,1.29084164087659e-16,2.1081043804227,259.977387296878,0,3.06161699786838e-16,5,0.438108694467737,15.7381031899839
13.7691555929447,9.74161605535883e-16,15.9092663486996,11534.1366054285,1.2965705901718e-16,2.11746046464095,259.711938738096,0,3.06161699786838e-16,5,0.366357635961492,15.9092663486996
13.8501686457791,9.84688663107266e-16,16.0811862455827,11513.1240785052,1.30228100472753e-16,2.12678627933251,259.446490179313,0,3.06161699786838e-16,5,0.294817305558711,16.0811862455827
13.9258287288035,9.94561854151747e-16,16.24242769171,11493.4999626874,1.30759741615965e-16,2.1354686380923,259.198581240031,0,3.06161699786838e-16,5,0.228325776846436,16.24242769171
14.0014888118279,1.00447520840382e-15,16.4043250527936,11473.8758468697,1.31289776230873e-16,2.14412476025384,258.950672300749,0,3.06161699786838e-16,5,0.16226716233297,16.4043250527936
14.0771488948523,1.01442860449744e-15,16.5668763467757,11454.251731052,1.31818209172118e-16,2.15275472509944,258.702763361466,0,3.06161699786838e-16,5,0.0967583065935691,16.5668763467757
14.1528089778768,1.02442192143243e-15,16.7300795975734,11434.6601004015,1.3234504527971e-16,2.16135861167242,258.453260026301,0,3.06161699786838e-16,5,0.0319133541078162,16.7300795975734
14.2298864527577,1.03464337480308e-15,16.897008599107,11414.7741916325,1.32880113973877e-16,2.17009694658726,258.195512185453,0,3.06161699786838e-16,5,-0.0333484069400082,16.897008599107
14.3069639276386,1.04490600640692e-15,17.064610092223,11394.8882828635,1.33413535538716e-16,2.1788083818388,257.937764344605,0,3.06161699786838e-16,5,-0.0976904403110822,17.064610092223
14.3840414025195,1.05520968948321e-15,17.2328820067613,11375.0023740945,1.33945315044657e-16,2.18749300023345,257.680016503756,0,3.06161699786838e-16,5,-0.161001068726945,17.2328820067613
14.4611188774004,1.06555429766042e-15,17.4018222789184,11355.1295644091,1.34475457546561e-16,2.19615088432336,257.421683766725,0,3.06161699786838e-16,5,-0.223172237167205,17.4018222789184
14.5403270302674,1.07622737047881e-15,17.5761267857496,11334.7792667346,1.35018554742575e-16,2.2050203346235,257.153001065451,0,3.06161699786838e-16,5,-0.285765086254856,17.5761267857496
14.6195351831344,1.08694339294805e-15,17.7511327136088,11314.4289690602,1.35559933952554e-16,2.21386172808252,256.884318364177,0,3.06161699786838e-16,5,-0.346934812499802,17.7511327136088
14.6987433360013,1.09770222920531e-15,17.9268378436881,11294.0786713858,1.36099600611012e-16,2.22267515345274,256.615635662902,0,3.06161699786838e-16,5,-0.406576373887633,17.9268378436881
14.7779514888683,1.10850374381648e-15,18.1032399641801,11273.7384051969,1.36637560135315e-16,2.23146069920645,256.346540143456,0,3.06161699786838e-16,5,-0.464589418963167,18.1032399641801
14.8601669524638,1.11976035663512e-15,18.2870744024275,11252.7052494797,1.37194144665896e-16,2.24055041439567,256.063961440451,0,3.06161699786838e-16,5,-0.522980177080732,18.2870744024275
14.9423824160594,1.13106265414838e-15,18.4716549283576,11231.6720937626,1.37748901808693e-16,2.24961028607758,255.781382737445,0,3.06161699786838e-16,5,-0.579411497399039,18.4716549283576
15.024597879655,1.14241048636392e-15,18.6569790924095,11210.6389380454,1.38301837563399e-16,2.25864041223461,255.49880403444,0,3.06161699786838e-16,5,-0.633787336732803,18.6569790924095
15.1068133432505,1.15380370378053e-15,18.8430444530431,11189.6259556111,1.38852957910062e-16,2.26764089052838,255.215462415213,0,3.06161699786838e-16,5,-0.686017659994996,18.8430444530431
15.1966001646157,1.16629781301052e-15,19.0470887413832,11166.7551228167,1.39452764974767e-16,2.27743648326782,254.90310519457,0,3.06161699786838e-16,5,-0.740508138766889,19.0470887413832
15.2863869859809,1.17884568041753e-15,19.2520109673792,11143.8842900222,1.40050421712392e-16,2.28719695850102,254.590747973927,0,3.06161699786838e-16,5,-0.792237975561601,19.2520109673792
15.3761738073461,1.19144711327745e-15,19.4578079836078,11121.0134572278,1.406459358319e-16,2.29692244212491,254.278390753283,0,3.06161699786838e-16,5,-0.841114407222356,19.4578079836078
15.4659606287113,1.20410191955508e-15,19.664476653896,11098.1978713687,1.412393150147e-16,2.30661305958642,253.963960878809,0,3.06161699786838e-16,5,-0.887053726669865,19.664476653896
15.5537081269095,1.21652068321185e-15,19.8672904556455,11075.9306936974,1.41817161396445e-16,2.31605000715609,253.655539680602,0,3.06161699786838e-16,5,-0.929040068625762,19.8672904556455
15.6414556251078,1.22899006256346e-15,20.0709308744225,11053.6667669043,1.42392983150397e-16,2.32545389004465,253.347040321067,0,3.06161699786838e-16,5,-0.968087999698485,20.0709308744225
15.729203123306,1.24150988026587e-15,20.2753950139789,11031.4704360736,1.42966787370317e-16,2.33482482410204,253.036915742121,0,3.06161699786838e-16,5,-1.00414408028169,20.2753950139789
15.8169506215042,1.25407995959462e-15,20.4806799881853,11009.2741052429,1.43538581125184e-16,2.34416292477343,252.726791163174,0,3.06161699786838e-16,5,-1.03716322632963,20.4806799881853
15.9033475656257,1.2665055042078e-15,20.6836045313569,10987.4492839023,1.44099616751401e-16,2.35332533187085,252.421237017044,0,3.06161699786838e-16,5,-1.06667112890936,20.6836045313569
15.9897445097471,1.27897943692521e-15,20.8873193122407,10965.6645984679,1.44658716853449e-16,2.36245612945979,252.115410428636,0,3.06161699786838e-16,5,-1.09317159499198,20.8873193122407
16.0761414538685,1.29150159081263e-15,21.0918216045936,10943.8799130335,1.45215888108697e-16,2.37155542658996,251.809583840228,0,3.06161699786838e-16,5,-1.11664478965061,21.0918216045936
16.16253839799,1.30407179951009e-15,21.2971086915514,10922.1495692122,1.45771137171543e-16,2.38062333193594,251.503847034464,0,3.06161699786838e-16,5,-1.13707851369425,21.2971086915514
16.2497131133269,1.31680370612677e-15,21.505036505931,10900.2394649717,1.46329443267914e-16,2.38974116242813,251.195384102351,0,3.06161699786838e-16,5,-1.15461080591008,21.505036505931
16.3368878286637,1.32958419816129e-15,21.7137577803983,10878.3393329804,1.46885805947572e-16,2.39882725451681,250.886956192162,0,3.06161699786838e-16,5,-1.16904673921777,21.7137577803983
16.4240625440006,1.34241310649241e-15,21.9232697529942,10856.4998437255,1.47440231975366e-16,2.40788171868035,250.578741255527,0,3.06161699786838e-16,5,-1.18039669659457,21.9232697529942
16.5112372593374,1.35529026258594e-15,22.133569671346,10834.6603544706,1.47992728092664e-16,2.41690466501365,250.270526318893,0,3.06161699786838e-16,5,-1.18867846665507,22.133569671346
16.5998752666318,1.3684328674618e-15,22.3482046972981,10812.4917067629,1.48552526416787e-16,2.42604686543443,249.957320334751,0,3.06161699786838e-16,5,-1.19397925261992,22.3482046972981
16.6885132739261,1.38162500388664e-15,22.5636486348321,10790.3573683191,1.49110343478952e-16,2.43515670939194,249.644281681094,0,3.06161699786838e-16,5,-1.19616790314306,22.5636486348321
16.7771512812205,1.39486649655686e-15,22.7798986210232,10768.2230298753,1.49666186291301e-16,2.44423431140317,249.331243027437,0,3.06161699786838e-16,5,-1.19528573202799,22.7798986210232
16.8657892885148,1.40815717078753e-15,22.9969518030496,10746.1558791837,1.50220061841232e-16,2.45327978558098,249.018607396777,0,3.06161699786838e-16,5,-1.19138114213632,22.9969518030496
16.9567242164141,1.42184318016848e-15,23.22046129804,10723.5214729107,1.5078625314982e-16,2.46252639136122,248.697897765619,0,3.06161699786838e-16,5,-1.18429251586199,23.22046129804
17.0476591443134,1.43558058259069e-15,23.4448101050882,10700.9160719703,1.51350388736758e-16,2.47173942465916,248.377393224728,0,3.06161699786838e-16,5,-1.17414841084365,23.4448101050882
17.1385940722128,1.44936919145745e-15,23.6699951768388,10678.3550661381,1.51912476065914e-16,2.480919007369,248.057202591791,0,3.06161699786838e-16,5,-1.16102316546646,23.6699951768388
17.2295290001121,1.46320882084755e-15,23.8960134769681,10655.7940603059,1.52472522574136e-16,2.4900652609437,247.737011958854,0,3.06161699786838e-16,5,-1.1449977723423,23.8960134769681
17.3238862967868,1.47762304831134e-15,24.1314156757707,10632.5059732655,1.53051497089073e-16,2.49952063232653,247.405823943354,0,3.06161699786838e-16,5,-1.12539704343592,24.1314156757707
17.4182435934615,1.49209180327976e-15,24.3677083763026,10609.2343941606,1.53628290503825e-16,2.50894038364019,247.074778412678,0,3.06161699786838e-16,5,-1.10287315094451,24.3677083763026
17.5126008901362,1.50661488033873e-15,24.6048882238975,10585.9628150556,1.54202911034954e-16,2.51832464907133,246.743732882003,0,3.06161699786838e-16,5,-1.07753779241577,24.6048882238975
17.6069581868109,1.52119207484562e-15,24.8429518764878,10562.6912359507,1.54775366868167e-16,2.52767356230266,246.412687351328,0,3.06161699786838e-16,5,-1.04950869792535,24.8429518764878
17.7044068941471,1.53630344900248e-15,25.0897393447991,10538.6572144032,1.55364314377096e-16,2.53729180503745,246.070795837151,0,3.06161699786838e-16,5,-1.01786491789032,25.0897393447991
17.8018556014833,1.55147210362283e-15,25.33746227407,10514.6231928556,1.55950970667486e-16,2.54687262933386,245.728904322975,0,3.06161699786838e-16,5,-0.983622618187346,25.33746227407
17.8993043088195,1.56669781586589e-15,25.5861170250342,10490.6996616328,1.56535344652967e-16,2.55641618076254,245.388179418057,0,3.06161699786838e-16,5,-0.946929931052573,25.5861170250342
17.9967530161557,1.58198036375498e-15,25.8356999725376,10466.8723312826,1.57117445212607e-16,2.56592260432964,245.048470247583,0,3.06161699786838e-16,5,-0.907939677858644,25.8356999725376
18.0900547281968,1.5966656073616e-15,26.0755282008374,10444.0589890042,1.57672651898403e-16,2.57498981760587,244.723217629384,0,3.06161699786838e-16,5,-0.868601035150721,26.0755282008374
18.1833564402379,1.61140255615946e-15,26.3162008389909,10421.2456467258,1.58225790376549e-16,2.58402325448794,244.397965011184,0,3.06161699786838e-16,5,-0.827442544909462,26.3162008389909
18.2766581522789,1.62619101754156e-15,26.5577147414876,10398.4323044474,1.58776868351325e-16,2.59302304079628,244.072712392985,0,3.06161699786838e-16,5,-0.784608928974095,26.5577147414876
18.36995986432,1.64103079961623e-15,26.8000667744983,10375.618962169,1.59325893498399e-16,2.60198930188407,243.747459774786,0,3.06161699786838e-16,5,-0.740246985816321,26.8000667744983
18.4593173549053,1.6552911827075e-15,27.0329565040301,10353.7819658452,1.59849791822999e-16,2.61054521081985,243.436109070883,0,3.06161699786838e-16,5,-0.696465127162357,27.0329565040301
18.5486748454905,1.66959829647437e-15,27.2666094034102,10332.1212256254,1.60371820920575e-16,2.6190705929617,243.127005971383,0,3.06161699786838e-16,5,-0.651550418242258,27.2666094034102
18.6380323360758,1.68395197418611e-15,27.5010227497193,10310.4604854055,1.60891987460356e-16,2.62756555722638,242.817902871883,0,3.06161699786838e-16,5,-0.605636085186739,27.5010227497193
18.727389826661,1.69835204970513e-15,27.7361938297245,10288.7997451857,1.61410298087846e-16,2.63603021214323,242.508799772383,0,3.06161699786838e-16,5,-0.558855621231552,27.7361938297245
18.8129121924541,1.71217739058809e-15,27.9619787808236,10268.0686600097,1.61904631367768e-16,2.64410328725788,242.21296303648,0,3.06161699786838e-16,5,-0.513395202529726,27.9619787808236
18.8984345582472,1.72604493579358e-15,28.1884529808157,10247.3375748338,1.62397276474789e-16,2.65214879241682,241.917126300577,0,3.06161699786838e-16,5,-0.467381418307042,28.1884529808157
18.9839569240403,1.73995454119216e-15,28.4156140758883,10226.6064896578,1.62888239174086e-16,2.66016682177253,241.621289564674,0,3.06161699786838e-16,5,-0.420931225440537,28.4156140758883
19.0694792898334,1.75390606314522e-15,28.6434597202452,10205.8950239054,1.63377525211203e-16,2.66815746915687,241.325740686988,0,3.06161699786838e-16,5,-0.374160679597412,28.6434597202452
19.1512100675,1.76727809030011e-15,28.8618414963491,10186.2537521563,1.6384355747762e-16,2.67576835364603,241.045524416592,0,3.06161699786838e-16,5,-0.329270338506569,28.8618414963491
19.2329408451666,1.78068814444146e-15,29.0808443002708,10166.6124804073,1.64308068664578e-16,2.68335439702248,240.765308146196,0,3.06161699786838e-16,5,-0.284292389782443,29.0808443002708
19.3146716228332,1.79413610145361e-15,29.3004661050477,10146.9712086582,1.64771063736704e-16,2.69091568036473,240.4850918758,0,3.06161699786838e-16,5,-0.239325310028332,29.3004661050477
19.3964024004998,1.8076218376249e-15,29.5207048903151,10127.3299369091,1.65232547642465e-16,2.69845228448735,240.204875605403,0,3.06161699786838e-16,5,-0.194466005520689,29.5207048903151
19.4792562227187,1.82133131327861e-15,29.7445976186227,10107.4187787859,1.65698835298092e-16,2.70606733979883,239.920808945167,0,3.06161699786838e-16,5,-0.149198047926981,29.7445976186227
19.5621100449377,1.8350793586988e-15,29.9691202390184,10087.5076206627,1.6616358016306e-16,2.7136571994268,239.636742284931,0,3.06161699786838e-16,5,-0.104236570854147,29.9691202390184
19.6449638671566,1.8488658462713e-15,30.1942706674048,10067.5964625395,1.66626787341935e-16,2.72122194673513,239.352675624694,0,3.06161699786838e-16,5,-0.0596771643981054,30.1942706674048
19.7278176893755,1.86269064880305e-15,30.4200468265615,10047.7557548998,1.67088461922441e-16,2.72876166481265,239.069727435356,0,3.06161699786838e-16,5,-0.0156130016724882,30.4200468265615
19.7590253595491,1.86790779820617e-15,30.5052493422052,10040.2979501328,1.67261959680185e-16,2.73159509822161,238.963400526065,0,3.06161699786838e-16,5,0.000837050350783454,30.5052493422052
19.7902330297227,1.87313035869205e-15,30.5905402275366,10032.8410449254,1.67435240994619e-16,2.73442499684307,238.857088484835,0,3.06161699786838e-16,5,0.0171991564359072,30.5905402275366
19.8214406998962,1.8783583235102e-15,30.6759193723119,10025.3895341962,1.67608306135762e-16,2.73725136508677,238.750866458274,0,3.06161699786838e-16,5,0.0334686061942283,30.6759193723119
19.8526483700698,1.88359168591857e-15,30.761386666425,10017.939571177,1.67781155373296e-16,2.74007420735696,238.644670257494,0,3.06161699786838e-16,5,0.0496407447247545,30.761386666425
19.862516578255,1.88524765476809e-15,30.7884306900679,10015.5838110181,1.67835767314989e-16,2.74096608804829,238.611089852038,0,3.06161699786838e-16,5,0.0547335615825568,30.7884306900679
19.8723847864402,1.88690416243326e-15,30.8154835132382,10013.2302419605,1.67890357704055e-16,2.74185761675852,238.577546350615,0,3.06161699786838e-16,5,0.059816043690096,30.8154835132382
19.8822529946255,1.88856120870145e-15,30.8425451324633,10010.8766745583,1.67944926549001e-16,2.74274879362656,238.544002877074,0,3.06161699786838e-16,5,0.0648880473475493,30.8425451324633
19.8921212028107,1.8902187933601e-15,30.8696155442719,10008.5231071561,1.67999473858329e-16,2.74363961879126,238.510459403533,0,3.06161699786838e-16,5,0.0699494294327322,30.8696155442719
19.9019894109959,1.89187691619672e-15,30.8966947451938,10006.1695397539,1.68053999640538e-16,2.74453009239143,238.476915929992,0,3.06161699786838e-16,5,0.0750000474015503,30.8966947451938
19.9118576191811,1.89353557699894e-15,30.9237827317606,10003.8159723517,1.68108503904122e-16,2.7454202145658,238.44337245645,0,3.06161699786838e-16,5,0.0800397592867634,30.9237827317606
19.9217258273663,1.89519477555443e-15,30.9508795005048,10001.4624049495,1.68162986657576e-16,2.74630998545308,238.409828982909,0,3.06161699786838e-16,5,0.0850684237084639,30.9508795005048
19.9315940355516,1.89685451165098e-15,30.9779850479607,9999.1100198188,1.68217447909388e-16,2.74719940519189,238.37014400969,0,3.06161699786838e-16,5,0.0900858998784341,30.9779850479607
19.9376609453913,1.89787517328007e-15,30.9946537173241,9997.66498159988,1.68250919661383e-16,2.7477460403853,238.339549904519,0,3.06161699786838e-16,5,0.0931649970764351,30.9946537173241
19.943727855231,1.89889603795463e-15,31.0113257026715,9996.21994338095,1.68284383291561e-16,2.74829254293935,238.308955799347,0,3.06161699786838e-16,5,0.0962397799704355,31.0113257026715
19.9497947650708,1.89991710562538e-15,31.0280010031983,9994.77490516202,1.6831783880189e-16,2.74883891288622,238.278361694175,0,3.06161699786838e-16,5,0.0993102161790249,31.0280010031983
19.9558616749105,1.90093837624307e-15,31.0446796181002,9993.3298669431,1.68351286194342e-16,2.74938515025809,238.247767589003,0,3.06161699786838e-16,5,0.102376273406741,31.0446796181002
19.9596217832615,1.90157143428666e-15,31.0550182405345,9992.43427092831,1.68372011919163e-16,2.74972362703092,238.228806181403,0,3.06161699786838e-16,5,0.104274321486021,31.0550182405345
19.9633818916125,1.90220457025535e-15,31.0653581355824,9991.53867491353,1.68392734526981e-16,2.75006205289921,238.209844773802,0,3.06161699786838e-16,5,0.106170667490686,31.0653581355824
19.9671419999635,1.90283778413744e-15,31.0756993030525,9990.64307889875,1.68413454018262e-16,2.75040042787061,238.190883366201,0,3.06161699786838e-16,5,0.108065303782078,31.0756993030525
19.9709021083145,1.9034710759212e-15,31.0860417427535,9989.74748288396,1.68434170393477e-16,2.75073875195277,238.171921958601,0,3.06161699786838e-16,5,0.109958222734349,31.0860417427535
19.9746622166655,1.90410447126525e-15,31.0963858737224,9988.85188686918,1.6847165264362e-16,2.75135088355136,238.152960551,1,3.06161699786838e-16,5,0.111849416734466,31.0963858737224
19.9784223250166,1.90473803778954e-15,31.1067328002768,9987.95629085439,1.68525313870106e-16,2.75222723788507,238.133999143399,1,3.06161699786838e-16,5,0.113738878182202,31.1067328002768
19.9821824333676,1.90537181020655e-15,31.1170830893143,9987.06069483961,1.68579022781254e-16,2.75310437096843,238.115037735798,1,3.06161699786838e-16,5,0.115626599490209,31.1170830893143
19.9859425417186,1.90600578560497e-15,31.12743669329,9986.16509882482,1.6862985147502e-16,2.75393446653234,238.096076328198,1,3.06161699786838e-16,5,0.117512573084053,31.12743669329
19.9890109043763,1.90652326787967e-15,31.1358878201791,9985.43426526589,1.68672044760234e-16,2.75462353517227,238.080603243492,1,3.06161699786838e-16,5,0.119050284578204,31.1358878201791
19.992079267034,1.90704087959881e-15,31.1443410610564,9984.70343170696,1.68714225101005e-16,2.75531239241339,238.065130158786,1,3.06161699786838e-16,5,0.120586823121688,31.1443410610564
19.9951476296917,1.90755862072268e-15,31.1527964152732,9983.97259814803,1.68756392501302e-16,2.75600103832055,238.04965707408,1,3.06161699786838e-16,5,0.122122184617714,31.1527964152732
19.9982159923493,1.90807649121157e-15,31.1612538821814,9983.2417645891,1.68798546965096e-16,2.75668947295858,238.034183989373,1,3.06161699786838e-16,5,0.12365636497526,31.1612538821814
20.0135578056378,1.91066778274283e-15,31.2035728844122,9979.58759679444,1.69009125375391e-16,2.76012847937972,237.956818565843,1,3.06161699786838e-16,5,0.131309406915735,31.2035728844122
20.0288996189262,1.9132623024518e-15,31.245944606786,9975.93956940381,1.69219380967914e-16,2.76356221378656,237.850106787932,1,3.06161699786838e-16,5,0.138932310062234,31.245944606786
20.0442414322147,1.91586004538968e-15,31.2883689684826,9972.2944171797,1.69429314237546e-16,2.76699068426112,237.729653950765,1,3.06161699786838e-16,5,0.146524569565257,31.2883689684826
20.0595832455031,1.91846100661524e-15,31.3308458888055,9968.64926495559,1.69638925678411e-16,2.77041389887304,237.609201113598,1,3.06161699786838e-16,5,0.154085684271026,31.3308458888055
20.1362923119453,1.9315139146309e-15,31.5440160538646,9950.44568459528,1.70682172693945e-16,2.78745141558824,236.947677483846,1,3.06161699786838e-16,5,0.191406844757904,31.5440160538646
20.2130013783875,1.94464654300443e-15,31.7584881511693,9932.29557737705,1.71717447673693e-16,2.80435873907888,236.156390225893,1,3.06161699786838e-16,5,0.227876349154619,31.7584881511693
20.2897104448297,1.95785828255757e-15,31.9742522320837,9914.20809023699,1.7274481153548e-16,2.82113686420854,235.25988430938,1,3.06161699786838e-16,5,0.263435813555988,31.9742522320837
20.3664195112719,1.97114852873715e-15,32.1912984235054,9896.20578405996,1.73764324734622e-16,2.83778677828748,234.267795727847,1,3.06161699786838e-16,5,0.298029439381484,32.1912984235054
20.457304043019,1.98699553281994e-15,32.4500996402124,9874.97042228034,1.74962160598746e-16,2.85734892249033,233.020556673564,1,3.06161699786838e-16,5,0.337692799380133,32.4500996402124
20.5481885747662,2.00295090846126e-15,32.710670698781,9853.85149775726,1.76149159307016e-16,2.87673408250703,231.708691541241,1,3.06161699786838e-16,5,0.375841823129735,32.710670698781
20.6390731065133,2.01901367521566e-15,32.9729955873216,9832.85402248967,1.77325418903979e-16,2.89594385952652,230.351917112645,1,3.06161699786838e-16,5,0.412397950160204,32.9729955873216
20.7299576382604,2.03518286143972e-15,33.2370584376931,9811.99086201838,1.78491036553976e-16,2.91497984036292,228.964107653252,1,3.06161699786838e-16,5,0.447288266646085,33.2370584376931
20.8253527577302,2.05226794248741e-15,33.5160789856517,9790.22218611552,1.7970316164203e-16,2.93477534530195,227.490661230445,1,3.06161699786838e-16,5,0.482044759549897,33.5160789856517
20.9207478771999,2.06946810459326e-15,33.7969789499161,9768.59256007201,1.80903778624269e-16,2.95438290861041,226.008732792807,1,3.06161699786838e-16,5,0.514820416591408,33.7969789499161
21.0161429966697,2.08678225518717e-15,34.0797404874625,9747.10241411275,1.82092996757702e-16,2.97380431459065,224.526295231507,1,3.06161699786838e-16,5,0.545550866265493,34.0797404874625
21.1115381161395,2.10420931198799e-15,34.3643459232984,9725.75979790338,1.83270924270444e-16,2.99304133074196,223.050200063805,1,3.06161699786838e-16,5,0.574178963459959,34.3643459232984
21.2064303665409,2.1216554565343e-15,34.6492630856746,9704.64960948893,1.84431547083763e-16,3.01199573970505,221.590181736062,1,3.06161699786838e-16,5,0.600520825896894,34.6492630856746
21.3013226169424,2.13921121431687e-15,34.9359703680485,9683.7146116602,1.85581208573456e-16,3.03077113666838,220.148376325057,1,3.06161699786838e-16,5,0.624690481654414,34.9359703680485
21.3962148673438,2.15687555013615e-15,35.2244508643284,9662.8845908469,1.86720012259477e-16,3.04936921224109,218.719588985752,1,3.06161699786838e-16,5,0.646652551113154,35.2244508643284
21.4911071177452,2.17464743849056e-15,35.5146878268026,9642.17748762422,1.87848060691985e-16,3.06779164119439,217.30694102452,1,3.06161699786838e-16,5,0.666378744316278,35.5146878268026
21.5862239666648,2.19256830522277e-15,35.807357790823,9621.59980998917,1.88968087633123e-16,3.08608306925213,215.917708288489,1,3.06161699786838e-16,5,0.683886390705319,35.807357790823
21.6813408155843,2.21059520035453e-15,36.1017593300147,9601.0969741327,1.90077511734305e-16,3.10420133979273,214.540228553413,1,3.06161699786838e-16,5,0.699111544640782,36.1017593300147
21.7764576645039,2.22872712018321e-15,36.3978760526699,9580.75585203487,1.91176433365794e-16,3.12214809198699,213.189091056687,1,3.06161699786838e-16,5,0.712046532360882,36.3978760526699
21.8715745134234,2.24696307043102e-15,36.6956917209999,9560.53849287725,1.92264951955371e-16,3.13992494961377,211.858928683269,1,3.06161699786838e-16,5,0.722690527374931,36.6956917209999
21.9677991231443,2.2655162511355e-15,36.9986881558477,9540.21716364667,1.9335566289227e-16,3.15773761098941,210.472802265408,1,3.06161699786838e-16,5,0.731133347436585,36.9986881558477
22.0640237328651,2.284173881756e-15,37.3033903872746,9520.05306509066,1.94435928837566e-16,3.17537969270715,208.5994504001,1,3.06161699786838e-16,5,0.737250519594923,37.3033903872746
22.160248342586,2.30293496207289e-15,37.6097820804543,9500.09054108081,1.95505849813224e-16,3.19285282824962,206.294020265444,1,3.06161699786838e-16,5,0.741061737384848,37.6097820804543
22.2564729523069,2.32179850136657e-15,37.9178470557079,9480.36588778502,1.96565524891201e-16,3.21015863558469,203.684696143577,1,3.06161699786838e-16,5,0.742593231565542,37.9178470557079
22.3547658137279,2.34117225928594e-15,38.2342445334598,9460.48565861207,1.97637500052222e-16,3.22766531852,200.81380772757,1,3.06161699786838e-16,5,0.741837851084287,38.2342445334598
22.4530586751489,2.36065086858176e-15,38.5523543641373,9440.89512390162,1.98698990075596e-16,3.24500076616276,197.817185139186,1,3.06161699786838e-16,5,0.738779349360629,38.5523543641373
22.5513515365699,2.38023330371572e-15,38.8721597994284,9421.58944582595,1.99750097515157e-16,3.26216665334415,194.759085743132,1,3.06161699786838e-16,5,0.733465731173497,38.8721597994284
22.6496443979909,2.39991854909648e-15,39.1936442534679,9402.60921860726,2.00790923930038e-16,3.2791646386507,191.684935331891,1,3.06161699786838e-16,5,0.725951123925508,39.1936442534679
22.7512197659361,2.42036813588854e-15,39.5276113500431,9383.29680833625,2.01855813981489e-16,3.29655561296578,188.528972079,1,3.06161699786838e-16,5,0.715936982449807,39.5276113500431
22.8527951338813,2.44092534180617e-15,39.8633360003168,9364.3123569073,2.02909942120384e-16,3.31377083191101,185.421497260369,1,3.06161699786838e-16,5,0.70370958465495,39.8633360003168
22.9543705018265,2.46158907926824e-15,40.2008004427415,9345.62469711078,2.03953417104834e-16,3.33081207164113,182.376500890483,1,3.06161699786838e-16,5,0.689347893809013,40.2008004427415
23.0559458697717,2.48235827158962e-15,40.5399870937145,9327.26411731256,2.04986346603353e-16,3.34768109051643,179.41473199366,1,3.06161699786838e-16,5,0.672936415353133,40.5399870937145
23.155339623362,2.50278244497262e-15,40.8735391578234,9309.57689546305,2.05986985319793e-16,3.36402276090069,176.596912251035,1,3.06161699786838e-16,5,0.654979565825578,40.8735391578234
23.2547333769522,2.5233055829769e-15,41.2087074368499,9292.15960864212,2.06977727574105e-16,3.38020280979318,173.86282160174,1,3.06161699786838e-16,5,0.635235307426589,41.2087074368499
23.3541271305425,2.54392670685488e-15,41.5454759466332,9275.03942843565,2.07958671241046e-16,3.39622283560999,171.226124222311,1,3.06161699786838e-16,5,0.613796892400307,41.5454759466332
23.4535208841328,2.56464484745697e-15,41.8838288597591,9258.14355695509,2.08929913235576e-16,3.41208442109254,168.665461658786,1,3.06161699786838e-16,5,0.59076116199712,41.8838288597591
23.5480579007523,2.58443977073994e-15,42.2071044898714,9242.28445605787,2.0984478227738e-16,3.42702536639107,166.302655097465,1,3.06161699786838e-16,5,0.567460437959631,42.2071044898714
23.6425949173719,2.60432077549325e-15,42.5317859370797,9226.67763870535,2.10751043172151e-16,3.44182572998001,164.028338065032,1,3.06161699786838e-16,5,0.542894707615249,42.5317859370797
23.7371319339914,2.6242870517828e-15,42.8578599741564,9211.29574199891,2.11648776913297e-16,3.45648683458211,161.833851001573,1,3.06161699786838e-16,5,0.517155317716512,42.8578599741564
23.8316689506109,2.6443377972341e-15,43.1853134973315,9196.09379798196,2.12538063738269e-16,3.47100999057436,159.70336973593,1,3.06161699786838e-16,5,0.490335317202453,43.1853134973315
23.9221025196611,2.66359654151433e-15,43.4998326598139,9181.72458095962,2.13380918832066e-16,3.48477485885122,157.726892015954,1,3.06161699786838e-16,5,0.463755509124581,43.4998326598139
24.0125360887113,2.68293116458453e-15,43.8155910169772,9167.5396682763,2.14216186046866e-16,3.49841580765999,155.815970829338,1,3.06161699786838e-16,5,0.436357855580411,43.8155910169772
24.1029696577615,2.70234098335445e-15,44.1325774131108,9153.55278936995,2.15043933691694e-16,3.51193395257172,153.975209603547,1,3.06161699786838e-16,5,0.408227438102264,44.1325774131108
24.1934032268117,2.72182532083629e-15,44.4507807921652,9139.71346833308,2.15864229465329e-16,3.52533039919138,152.186451945136,1,3.06161699786838e-16,5,0.379449778324144,44.4507807921652
24.2827548632265,2.74114908130774e-15,44.7663617496284,9126.1792069504,2.16667458306534e-16,3.53844812165248,150.468057909959,1,3.06161699786838e-16,5,0.350464789993661,44.7663617496284
24.3721064996414,2.76054429191701e-15,45.083109576394,9112.79040104826,2.17463542133956e-16,3.55144915718333,148.800460486435,1,3.06161699786838e-16,5,0.32101517515579,45.083109576394
24.4614581360562,2.78001031710301e-15,45.4010138929618,9099.5858538039,2.18252544503707e-16,3.56433454373396,147.196644415123,1,3.06161699786838e-16,5,0.291184085261706,45.4010138929618
24.550809772471,2.79954652691541e-15,45.7200644114623,9086.51215214917,2.19034528410817e-16,3.57710531009132,145.637697527196,1,3.06161699786838e-16,5,0.261054212183628,45.7200644114623
24.6404659714186,2.81921924316433e-15,46.0413442492509,9073.52229273821,2.19812186212548e-16,3.58980542578628,144.117193838383,1,3.06161699786838e-16,5,0.230604051480517,46.0413442492509
24.7301221703663,2.83896136964893e-15,46.363757642212,9060.65871934242,2.20582902990712e-16,3.60239218596399,142.63944157377,1,3.06161699786838e-16,5,0.200018495654711,46.363757642212
24.8197783693139,2.85877228685839e-15,46.687294472966,9047.92684772082,2.21346740696389e-16,3.6148666023624,141.205944031372,1,3.06161699786838e-16,5,0.169379176692055,46.687294472966
24.9094345682616,2.87865138076938e-15,47.0119447137512,9035.34479636397,2.22103760731913e-16,3.6272296777577,139.822256304884,1,3.06161699786838e-16,5,0.138766442472878,47.0119447137512
25.0001361541005,2.8988310160666e-15,47.3415031678502,9022.7286949537,2.22862732371572e-16,3.63962462526727,138.459536795703,1,3.06161699786838e-16,5,0.107904569058845,47.3415031678502
25.0908377399394,2.91907918005347e-15,47.6721807803825,9010.22442831342,2.23614851142267e-16,3.65190765693351,137.133418983496,1,3.06161699786838e-16,5,0.0772314224205017,47.6721807803825
25.1815393257784,2.93939525398818e-15,48.0039674465276,8997.82958815692,2.24360178918176e-16,3.66407978323847,135.842879923366,1,3.06161699786838e-16,5,0.0468257559967546,48.0039674465276
25.2722409116173,2.95977862467272e-15,48.3368531520016,8985.58107322408,2.25098777019104e-16,3.67614200561054,134.599421858214,1,3.06161699786838e-16,5,0.0167642194052173,48.3368531520016
25.3647976274503,2.98064764358386e-15,48.6776700949058,8973.18741319256,2.258456072726e-16,3.68833866923659,133.364064095015,1,3.06161699786838e-16,5,-0.0134800426174902,48.6776700949058
25.4573543432832,3.00158546775185e-15,49.0196107129284,8960.8947956104,2.26585557000411e-16,3.70042296535081,132.160670565817,1,3.06161699786838e-16,5,-0.0432112407939703,49.0196107129284
25.5499110591162,3.02259146329084e-15,49.3626646539277,8948.70118212464,2.27318689591123e-16,3.71239592916736,130.988412514708,1,3.06161699786838e-16,5,-0.0723550291923371,49.3626646539277
25.6424677749491,3.04366500210906e-15,49.706821660387,8936.64217222865,2.28045067853911e-16,3.7242585864379,129.858054507639,1,3.06161699786838e-16,5,-0.100840034747192,49.706821660387
25.737894887431,3.06546213936415e-15,50.0627959261143,8924.31411038832,2.28786966824724e-16,3.73637471610614,128.724948648811,1,3.06161699786838e-16,5,-0.129446326086298,50.0627959261143
25.833321999913,3.08732973718207e-15,50.4199209001581,8912.07880651188,2.29521819739254e-16,3.74837577494272,127.620222706561,1,3.06161699786838e-16,5,-0.157207780372936,50.4199209001581
25.9287491123949,3.10926712639276e-15,50.7781856541422,8899.93552476536,2.30249693514506e-16,3.76026285578527,126.543508250436,1,3.06161699786838e-16,5,-0.184056308015385,50.7781856541422
26.0241762248768,3.13127364412998e-15,51.137579362639,8887.92351672697,2.30970654437106e-16,3.77203704117655,125.506342699689,1,3.06161699786838e-16,5,-0.209927785089564,51.137579362639
26.1239405592915,3.1543535721178e-15,51.5145031908626,8875.46142711908,2.31717063458574e-16,3.78422682556153,124.450613635615,1,3.06161699786838e-16,5,-0.235865169904292,51.5145031908626
26.2237048937062,3.17750759490548e-15,51.8926370789976,8863.09580249637,2.32456063000057e-16,3.79629560395539,123.423463136683,1,3.06161699786838e-16,5,-0.260604529567766,51.8926370789976
26.3234692281209,3.20073497698645e-15,52.2719690153101,8850.81711313104,2.3318772661221e-16,3.80824457753148,122.421928720536,1,3.06161699786838e-16,5,-0.2840865271608,52.2719690153101
26.4232335625356,3.22403499009333e-15,52.6524871062911,8838.66403571588,2.33912127121772e-16,3.82007493564073,121.457050956876,1,3.06161699786838e-16,5,-0.306257046769035,52.6524871062911
26.5280618852056,3.24859516509064e-15,53.0535852027285,8825.9902222494,2.34665551367489e-16,3.83237928733202,120.470960482437,1,3.06161699786838e-16,5,-0.328086318999274,53.0535852027285
26.6328902078757,3.27323390778223e-15,53.4559664069867,8813.40971236834,2.35411118843776e-16,3.84455532824123,119.511649256295,1,3.06161699786838e-16,5,-0.34836267221416,53.4559664069867
26.7377185305458,3.29795039888298e-15,53.8596173391241,8800.92079572998,2.36148911479149e-16,3.85660439636252,118.578464358531,1,3.06161699786838e-16,5,-0.367041702994364,53.8596173391241
26.8425468532159,3.32274382757474e-15,54.2645247574757,8788.54202817066,2.3687901035542e-16,3.86852781586241,117.676438362798,1,3.06161699786838e-16,5,-0.384085620433643,54.2645247574757
26.9468799077543,3.34749571588995e-15,54.6687537699949,8776.31926301368,2.37598100056043e-16,3.88027144187971,116.805980075032,1,3.06161699786838e-16,5,-0.399394416393753,54.6687537699949
27.0512129622928,3.3723222390277e-15,55.0742016616651,8764.17433681555,2.38309726274413e-16,3.89189317998191,115.957174462083,1,3.06161699786838e-16,5,-0.413027811912818,55.0742016616651
27.1555460168312,3.39722262237151e-15,55.4808557820392,8752.1059146654,2.39013966472176e-16,3.90339429521372,115.129554975709,1,3.06161699786838e-16,5,-0.424967500999758,55.4808557820392
27.2598790713697,3.42219609927303e-15,55.8887036107994,8740.14621601315,2.39710897314169e-16,3.91477603960693,114.331771139196,1,3.06161699786838e-16,5,-0.43520152979234,55.8887036107994
27.3648521001462,3.44739576257638e-15,56.3002453438263,8728.19324020428,2.40404803076036e-16,3.92610838069253,113.550853216445,1,3.06161699786838e-16,5,-0.443771147887115,56.3002453438263
27.4698251289228,3.47266788630269e-15,56.7129704453644,8716.3062625142,2.41091462795605e-16,3.93732238492702,112.78778337871,1,3.06161699786838e-16,5,-0.45060866699465,56.7129704453644
27.5747981576994,3.4980117138145e-15,57.1268665585858,8704.5003168392,2.41770952136626e-16,3.94841928799318,112.046514714244,1,3.06161699786838e-16,5,-0.455720596128723,57.1268665585858
27.679771186476,3.52342649630451e-15,57.5419214545395,8692.78765817768,2.42443345979826e-16,3.9594003127861,111.330097946733,1,3.06161699786838e-16,5,-0.459119468523588,57.5419214545395
27.7865824343617,3.5493583905283e-15,57.96542142599,8680.9330199565,2.43120307878351e-16,3.97045593958389,110.617829311996,1,3.06161699786838e-16,5,-0.460838572469992,57.96542142599
27.8933936822474,3.57536220712673e-15,58.3900959789555,8669.14238870631,2.43790077539412e-16,3.98139410823019,109.922432590623,1,3.06161699786838e-16,5,-0.460828710126477,58.3900959789555
28.0002049301331,3.60143718200027e-15,58.8159326347439,8657.44992261353,2.44452731372961e-16,3.99221606659419,109.252686780483,1,3.06161699786838e-16,5,-0.459121266956088,58.8159326347439
28.1070161780188,3.6275825590932e-15,59.2429190460281,8645.81856311621,2.45108344984571e-16,4.00292304940861,108.598755736817,1,3.06161699786838e-16,5,-0.455753235175488,59.2429190460281
28.2170692331903,3.65459431892758e-15,59.6840545612343,8633.89306210865,2.45776572044938e-16,4.01383602547374,107.940175442785,1,3.06161699786838e-16,5,-0.450590905330095,59.6840545612343
28.3271222883618,3.6816792160257e-15,60.1263844986005,8622.05270531994,2.46437485378929e-16,4.02462955932288,107.303419964329,1,3.06161699786838e-16,5,-0.443763152706382,60.1263844986005
28.4371753435333,3.70883644992955e-15,60.5698957856549,8610.28465862686,2.47091165032349e-16,4.03530495820319,106.685024697811,1,3.06161699786838e-16,5,-0.435327811129035,60.5698957856549
28.5472283987048,3.73606522885936e-15,61.014575491653,8598.57275915744,2.47737690183171e-16,4.04586351518913,106.080811717167,1,3.06161699786838e-16,5,-0.425347750131185,61.014575491653
28.6530272888217,3.76230818466138e-15,61.443155484191,8587.37588810394,2.48352551406346e-16,4.0559049609938,105.515624304841,1,3.06161699786838e-16,5,-0.414360179754102,61.443155484191
28.7588261789386,3.78861584920592e-15,61.8727922506914,8576.25070232572,2.48960941755269e-16,4.06584072940223,104.968297961519,1,3.06161699786838e-16,5,-0.402072016456312,61.8727922506914
28.8646250690556,3.81498754151164e-15,62.3034746698849,8565.16584363784,2.49562929328073e-16,4.07567193254135,104.430968914248,1,3.06161699786838e-16,5,-0.388551093831486,62.3034746698849
28.9704239591725,3.84142258769907e-15,62.7351917364847,8554.14639178929,2.50158581512706e-16,4.08539967093984,103.909782770887,1,3.06161699786838e-16,5,-0.373868286298126,62.7351917364847
29.0716811480932,3.86678155581575e-15,63.1493351145483,8543.65507496477,2.50722792008598e-16,4.09461392759383,103.424441025326,1,3.06161699786838e-16,5,-0.358795756539444,63.1493351145483
29.1729383370139,3.89219736604483e-15,63.5644067947547,8533.19450427437,2.51281318293251e-16,4.10373535403355,102.946603294009,1,3.06161699786838e-16,5,-0.342793812352935,63.5644067947547
29.2741955259347,3.91766944573948e-15,63.9803974250718,8522.80649608837,2.51834217631345e-16,4.1127648854622,102.486341831873,1,3.06161699786838e-16,5,-0.325931502923786,63.9803974250718
29.3754527148554,3.94319722797227e-15,64.3972977468717,8512.44836777962,2.52381546715627e-16,4.12170344774256,102.033250246823,1,3.06161699786838e-16,5,-0.308279350236035,64.3972977468717
29.4744935052966,3.9682195856545e-15,64.8059438593615,8502.36312872237,2.52911560622376e-16,4.1303592317142,101.601153232723,1,3.06161699786838e-16,5,-0.290318559948127,64.8059438593615
29.5735342957378,3.99329417725272e-15,65.2154430164355,8492.32642505356,2.53436351137527e-16,4.13892971122742,101.180592737792,1,3.06161699786838e-16,5,-0.271739615977178,65.2154430164355
29.6725750861791,4.0184204880054e-15,65.6257868114004,8482.31356085772,2.5395596973723e-16,4.14741572695154,100.765698717278,1,3.06161699786838e-16,5,-0.252611871735737,65.6257868114004
29.7716158766203,4.04359800818134e-15,66.0369669197135,8472.36636747782,2.54470467394609e-16,4.15581811134085,100.366267942738,1,3.06161699786838e-16,5,-0.23300506836291,66.0369669197135
29.8699020592499,4.06863382471192e-15,66.4458328318772,8462.51319791177,2.54976032215495e-16,4.1640746114393,99.9741421296433,1,3.06161699786838e-16,5,-0.213143171360202,66.4458328318772
29.9681882418796,4.09371908789491e-15,66.8555062691564,8452.71330818599,2.55476652371141e-16,4.1722503590262,99.5944438475078,1,3.06161699786838e-16,5,-0.192947432441313,66.8555062691564
30.0664744245092,4.11885331413141e-15,67.2659793337821,8442.93971784649,2.55972376221436e-16,4.18034614387845,99.2208218154617,1,3.06161699786838e-16,5,-0.172486540550998,67.2659793337821
30.1647606071388,4.14403602451279e-15,67.6772442045826,8433.20626734684,2.56463251657242e-16,4.18836274811321,98.8564737528913,1,3.06161699786838e-16,5,-0.1518286833127,67.6772442045826
30.2633668369622,4.16934898097817e-15,68.0906361553558,8423.47822190223,2.56950901103934e-16,4.19632666794757,98.4994286585016,1,3.06161699786838e-16,5,-0.130973700953876,68.0906361553558
30.3619730667856,4.1947097864289e-15,68.5048095393614,8413.77705212743,2.5743376565209e-16,4.20421244445869,98.1485333940149,1,3.06161699786838e-16,5,-0.110056471027874,68.5048095393614
30.4605792966089,4.22011797137535e-15,68.9197566892521,8404.12308480009,2.57911892250674e-16,4.2120208443813,97.8083357974724,1,3.06161699786838e-16,5,-0.0891438311392421,68.9197566892521
30.5591855264323,4.24557307089593e-15,69.3354700122821,8394.4833362692,2.58385327391846e-16,4.21975262698998,97.4713606601744,1,3.06161699786838e-16,5,-0.0683013048211284,69.3354700122821
30.6591005010233,4.27141340265364e-15,69.7574746551834,8384.77412312093,2.58860308061568e-16,4.22750964999536,97.1430380481885,1,3.06161699786838e-16,5,-0.0473194378400268,69.7574746551834
30.7590154756143,4.29730095580416e-15,70.180250481953,8375.07293111883,2.59330566592011e-16,4.2351895546139,96.8165037963293,1,3.06161699786838e-16,5,-0.0265410021092746,70.180250481953
30.8589304502053,4.32323526089721e-15,70.6037898258864,8365.42618675984,2.597961499282e-16,4.24279310751606,96.5020704600738,1,3.06161699786838e-16,5,-0.00602964417019785,70.6037898258864
30.9588454247963,4.34921585310995e-15,71.0280850958503,8355.79230807923,2.6025710455242e-16,4.25032106781516,96.1904680470523,1,3.06161699786838e-16,5,0.0141531092748765,71.0280850958503
31.061162436137,4.37586852870165e-15,71.4633563203416,8345.97249527104,2.60724392004168e-16,4.2579524510364,95.8814240054235,1,3.06161699786838e-16,5,0.0344184630303591,71.4633563203416
31.1634794474777,4.40256877199577e-15,71.8994043843664,8336.17502738754,2.61186922685674e-16,4.26550615030427,95.577247535517,1,3.06161699786838e-16,5,0.0542152707897978,71.8994043843664
31.2657964588184,4.42931609878923e-15,72.3362213802884,8326.41170272781,2.61644745017246e-16,4.27298295638242,95.2805087541599,1,3.06161699786838e-16,5,0.0734846447561335,72.3362213802884
31.3681134701592,4.45611002976485e-15,72.7737994802643,8316.6800951433,2.62097906930602e-16,4.28038365205519,94.9906090357667,1,3.06161699786838e-16,5,0.0921706803046805,72.7737994802643
31.4742611163295,4.48395584207635e-15,73.2285561061077,8306.60871687283,2.62563160077439e-16,4.28798181255601,94.6951537226424,1,3.06161699786838e-16,5,0.110883158614573,73.2285561061077
31.5804087624998,4.51185077874414e-15,73.6841149935716,8296.57777668442,2.63023500788648e-16,4.29549974689478,94.4083280833619,1,3.06161699786838e-16,5,0.128854899393876,73.6841149935716
31.6865564086701,4.5397943210987e-15,74.14046767214,8286.56274111922,2.63478980931179e-16,4.30293830212308,94.1248965642754,1,3.06161699786838e-16,5,0.14603377630694,74.14046767214
31.7927040548404,4.56778595589722e-15,74.5976057599218,8276.59547545283,2.63929651829315e-16,4.31029831643006,93.851551787879,1,3.06161699786838e-16,5,0.162371661225464,74.5976057599218
31.9049105485467,4.59742706322882e-15,75.081681778448,8266.07146539036,2.64400874180178e-16,4.31799396143058,93.5651643549543,1,3.06161699786838e-16,5,0.178678835801003,75.081681778448
32.0171170422529,4.62712074924928e-15,75.5666164721267,8255.59678255883,2.64866838662156e-16,4.32560373891585,93.2890814631438,1,3.06161699786838e-16,5,0.193949323154829,75.5666164721267
32.1293235359592,4.65686642730976e-15,76.0524002602554,8245.14176915231,2.65327603940132e-16,4.33312860695612,93.0170627993912,1,3.06161699786838e-16,5,0.208140719162616,76.0524002602554
32.2415300296655,4.68666351724411e-15,76.5390236680021,8234.72087364135,2.6578322803072e-16,4.34056951303459,92.7520938032507,1,3.06161699786838e-16,5,0.221215982993401,76.5390236680021
32.3564180655714,4.71722537679695e-15,77.0381367114383,8224.08147745734,2.66244473711247e-16,4.34810222664391,92.487032913721,1,3.06161699786838e-16,5,0.233414085346311,77.0381367114383
32.4713061014772,4.74783992473482e-15,77.5381102215014,8213.46552005622,2.66700450553272e-16,4.35554889359053,92.226761276161,1,3.06161699786838e-16,5,0.244380129377223,77.5381102215014
32.5861941373831,4.7785065592174e-15,78.0389343693935,8202.89088600231,2.67151218740824e-16,4.36291049675424,91.9748366581898,1,3.06161699786838e-16,5,0.254091351160821,78.0389343693935
32.701082173289,4.80922468521132e-15,78.5405994374818,8192.32820627744,2.67596837777243e-16,4.37018800789834,91.7253232580717,1,3.06161699786838e-16,5,0.262530888564817,78.5405994374818
32.8160678263239,4.84001987953866e-15,79.0435231269697,8181.80483954551,2.68037738642937e-16,4.37738846546702,91.4852382610883,1,3.06161699786838e-16,5,0.269693159535449,79.0435231269697
32.9310534793588,4.87086548079767e-15,79.5472700241238,8171.29431550362,2.68473598815463e-16,4.38450660226907,91.2476866208374,1,3.06161699786838e-16,5,0.275564907654042,79.5472700241238
33.0460391323937,4.90176091272189e-15,80.0518307177986,8160.81974801905,2.68904475921468e-16,4.39154335941906,91.0172277926294,1,3.06161699786838e-16,5,0.280146217052044,80.0518307177986
33.1610247854287,4.93270560556797e-15,80.557195903379,8150.3652949615,2.69330426935288e-16,4.39849966737848,90.7906881774715,1,3.06161699786838e-16,5,0.283442705584126,80.557195903379
33.2776634400802,4.96414490075939e-15,81.0706385582458,8139.78867075868,2.69757526293043e-16,4.40547472921758,90.5663707924797,1,3.06161699786838e-16,5,0.285485226694725,81.0706385582458
33.3943020947318,4.99563372286341e-15,81.5848900489768,8129.23989686042,2.70179672959539e-16,4.41236890747027,90.3474112157538,1,3.06161699786838e-16,5,0.286234044240931,81.5848900489768
33.5109407493834,5.0271714975826e-15,82.0999409965831,8118.709847256,2.70596924364516e-16,4.41918314003542,90.1320537962734,1,3.06161699786838e-16,5,0.285711460308507,82.0999409965831
33.6275794040349,5.05875765721227e-15,82.6157821297434,8108.21474395236,2.71009337278447e-16,4.42591835404517,89.9233323477043,1,3.06161699786838e-16,5,0.28394486370353,82.6157821297434
33.7476081009976,5.09131177559594e-15,83.1474312289995,8097.42466594841,2.71428744428609e-16,4.43276779260091,89.7104548281855,1,3.06161699786838e-16,5,0.280862238360838,83.1474312289995
33.8676367979603,5.12391593397976e-15,83.6798975434751,8086.67946225795,2.71843147578757e-16,4.43953550963469,89.5059847205028,1,3.06161699786838e-16,5,0.276537042397693,83.6798975434751
33.987665494923,5.15656953535454e-15,84.2131713232705,8075.94128970615,2.72252606429808e-16,4.44622248013649,89.3028145186965,1,3.06161699786838e-16,5,0.271014695661543,84.2131713232705
34.1076941918857,5.18927198976032e-15,84.7472429336082,8065.24062061086,2.7265717997776e-16,4.45282966758406,89.1065742280688,1,3.06161699786838e-16,5,0.264345109119386,84.7472429336082
34.2250122129158,5.22128255760632e-15,85.2700151789329,8054.79389332466,2.73047951666581e-16,4.45921145356666,88.9170029335187,1,3.06161699786838e-16,5,0.256769474416878,85.2700151789329
34.342330233946,5.25333870215846e-15,85.7935317483546,8044.37643395133,2.73434165684789e-16,4.46551880713956,88.7327626092864,1,3.06161699786838e-16,5,0.248204239345841,85.7935317483546
34.4596482549761,5.28543989186465e-15,86.3177839609686,8033.9754124352,2.73815875187592e-16,4.47175259639324,88.5514725047317,1,3.06161699786838e-16,5,0.238707188008568,86.3177839609686
34.5769662760063,5.31758560130971e-15,86.8427632360942,8023.59787222511,2.74193132716508e-16,4.47791367939576,88.3743967579395,1,3.06161699786838e-16,5,0.228338893217819,86.8427632360942
34.6885179858265,5.34819213080606e-15,87.3426057950697,8013.74915995343,2.74547765876141e-16,4.4837052784083,88.2093404229254,1,3.06161699786838e-16,5,0.217729830875587,87.3426057950697
34.8000696956467,5.37883800041888e-15,87.8430908269035,8003.91894341649,2.74898465024127e-16,4.48943263013502,88.0475532678188,1,3.06161699786838e-16,5,0.206446876762686,87.8430908269035
34.9116214054669,5.40952277375622e-15,88.3442112047742,7994.10469422958,2.75245273799661e-16,4.49509644725805,87.8885442077783,1,3.06161699786838e-16,5,0.194548174516257,88.3442112047742
35.0231731152871,5.44024601922077e-15,88.8459598801627,7984.31104009204,2.75588235362475e-16,4.50069743462931,87.7331183976119,1,3.06161699786838e-16,5,0.182093049050865,88.8459598801627
35.1320147809233,5.47025954568542e-15,89.3361179646904,7974.76745683172,2.75919197651891e-16,4.50610245899465,87.5835468016656,1,3.06161699786838e-16,5,0.169461983839368,89.3361179646904
35.2408564465595,5.50030889931892e-15,89.8268611512878,7965.24601483969,2.76246577224423e-16,4.51144897315302,87.4377646390123,1,3.06161699786838e-16,5,0.15641597358102,89.8268611512878
35.3496981121957,5.53039369229962e-15,90.318183106347,7955.73234921572,2.76570412862234e-16,4.51673761046521,87.2932910393283,1,3.06161699786838e-16,5,0.143012653961869,90.318183106347
35.458539777832,5.56051354096497e-15,90.8100775641829,7946.24387293904,2.7689074293158e-16,4.52196899749973,87.1530561596752,1,3.06161699786838e-16,5,0.129309777053759,90.8100775641829
35.5666235050143,5.59045796033532e-15,91.2991070442125,7936.82505491435,2.77205410757889e-16,4.52710791308792,87.0143903227094,1,3.06161699786838e-16,5,0.115462987599065,91.2991070442125
35.6747072321966,5.62043620704794e-15,91.7886889666655,7927.43481956143,2.7751669584997e-16,4.53219158443378,86.8804502524663,1,3.06161699786838e-16,5,0.101434627298185,91.7886889666655
35.7827909593789,5.6504479174649e-15,92.2788173928837,7918.0445842085,2.77824634571617e-16,4.53722060540312,86.7465101822232,1,3.06161699786838e-16,5,0.0872810172439162,92.2788173928837
35.8908746865612,5.68049273182125e-15,92.7694864474594,7908.68232850989,2.78129262899326e-16,4.54219556353669,86.6171127521743,1,3.06161699786838e-16,5,0.0730577354852952,92.7694864474594
35.9996096787021,5.71075162691219e-15,93.2636517057529,7899.26730660164,2.78432422392249e-16,4.54714653377781,86.4875276778863,1,3.06161699786838e-16,5,0.0587338766993981,93.2636517057529
36.1083446708431,5.74104330748796e-15,93.7583523916462,7889.87269542495,2.78732303336691e-16,4.55204396125895,86.3611939980122,1,3.06161699786838e-16,5,0.0444501360473641,93.7583523916462
36.217079662984,5.77136741899841e-15,94.2535827148965,7880.48826334312,2.79028941187662e-16,4.55688842500439,86.236481830432,1,3.06161699786838e-16,5,0.0302603776535375,94.2535827148965
36.3258146551249,5.80172361069204e-15,94.7493369472966,7871.1172143693,2.79322371020317e-16,4.56168049783484,86.1138601640792,1,3.06161699786838e-16,5,0.0162169330034081,94.7493369472966
36.4365339694169,5.83266638236725e-15,95.2546707577757,7861.59150921373,2.79617895199083e-16,4.56650677393293,85.9915558825098,1,3.06161699786838e-16,5,0.00212006519854548,95.2546707577757
36.5472532837089,5.86364169381509e-15,95.7605359830701,7852.07386620268,2.79910165400587e-16,4.57127990854949,85.8704854707978,1,3.06161699786838e-16,5,-0.0117202949467713,95.7605359830701
36.6579725980009,5.89464918675681e-15,96.2669267720439,7842.57766901296,2.80199217452701e-16,4.5760004867981,85.7526972320118,1,3.06161699786838e-16,5,-0.0252541158436127,96.2669267720439
36.7686919122929,5.92568850682118e-15,96.7738373373755,7833.08159449121,2.80485086792552e-16,4.58066908741094,85.6349273745367,1,3.06161699786838e-16,5,-0.0384336965828501,96.7738373373755
36.8829679944543,5.9577579455176e-15,97.2975710166495,7823.31031246583,2.80776838878861e-16,4.58543376056425,85.5178465856383,1,3.06161699786838e-16,5,-0.0516170692628058,97.2975710166495
36.9972440766157,5.98986053473392e-15,97.8218460849984,7813.53903044044,2.81065275913182e-16,4.59014429481006,85.4007657967399,1,3.06161699786838e-16,5,-0.0643272394661401,97.8218460849984
37.1115201587771,6.02199589780908e-15,98.3466563910808,7803.7910168486,2.81350435561617e-16,4.59480130528254,85.2870955320737,1,3.06161699786838e-16,5,-0.076519732990768,98.3466563910808
37.2257962409386,6.05416366231983e-15,98.871995852763,7794.048613934,2.81632355066494e-16,4.59940540019502,85.1742476412332,1,3.06161699786838e-16,5,-0.0881532946583694,98.871995852763
37.3459042760832,6.08800759341578e-15,99.424709192144,7783.82734996095,2.81925209976694e-16,4.60418808382924,85.0582670136373,1,3.06161699786838e-16,5,-0.0997364041679873,99.424709192144
37.4660123112278,6.12188648836057e-15,99.9779935345091,7773.61701895808,2.82214568502008e-16,4.60891366716504,84.9438527248855,1,3.06161699786838e-16,5,-0.110619386829319,99.9779935345091
37.5861203463724,6.15579992973911e-15,100.531842062953,7763.42212014185,2.82500472383948e-16,4.61358283189301,84.8315974063981,1,3.06161699786838e-16,5,-0.120765775616044,100.531842062953
37.7062283815171,6.18974750506812e-15,101.086248041111,7753.24064621708,2.8278296287084e-16,4.61819625164944,84.7212202366244,1,3.06161699786838e-16,5,-0.130143445713744,101.086248041111
37.8329123167562,6.22559024468018e-15,101.67160440079,7742.51323652618,2.83077265804483e-16,4.62300258330112,84.6063695724416,1,3.06161699786838e-16,5,-0.139170833695691,101.67160440079
37.9595962519953,6.26147003259583e-15,102.257565805182,7731.80434563654,2.83367863907768e-16,4.62774841048145,84.4940468421777,1,3.06161699786838e-16,5,-0.147284219344432,102.257565805182
38.0862801872344,6.29738640245416e-15,102.844124638037,7721.10446684717,2.83654803816784e-16,4.63243449481557,84.3829231335277,1,3.06161699786838e-16,5,-0.15446116940286,102.844124638037
38.2129641224735,6.3333388937006e-15,103.431273377926,7710.42455197459,2.83938131586989e-16,4.6370615884462,84.2744555391097,1,3.06161699786838e-16,5,-0.160684720817087,103.431273377926
38.3392411622411,6.36921140478886e-15,104.017115942709,7699.78553910063,2.84216999792091e-16,4.64161585185172,84.1671913533793,1,3.06161699786838e-16,5,-0.165927872451764,104.017115942709
38.4655182020086,6.40511890913675e-15,104.60352999079,7689.16782833313,2.84492368671231e-16,4.64611296692737,84.0626871499441,1,3.06161699786838e-16,5,-0.170205646371547,104.60352999079
38.5917952417762,6.44106096765786e-15,105.190508351345,7678.55446985975,2.84764282133049e-16,4.65055365075568,83.9587314755247,1,3.06161699786838e-16,5,-0.173516669021962,105.190508351345
38.7180722815438,6.47703714671526e-15,105.778043942545,7667.96434069131,2.85032783541238e-16,4.65493861151948,83.8577034405141,1,3.06161699786838e-16,5,-0.175864614306692,105.778043942545
38.8459595874383,6.51350642638814e-15,106.373632477921,7657.23916776264,2.85301275069333e-16,4.65932341092911,83.7553871109494,1,3.06161699786838e-16,5,-0.177269686992184,106.373632477921
38.9738468933328,6.55000982410661e-15,106.969778203266,7646.54152135692,2.85566354792869e-16,4.66365249134185,83.6564425969291,1,3.06161699786838e-16,5,-0.177709575875917,106.969778203266
39.1017341992274,6.58654690634245e-15,107.566474038527,7635.84396821262,2.85828066064667e-16,4.66792656076302,83.5575095068091,1,3.06161699786838e-16,5,-0.177202871244016,107.566474038527
39.2296215051219,6.62311724501533e-15,108.163712992621,7625.16912909277,2.86086451692762e-16,4.67214631830086,83.4612771870965,1,3.06161699786838e-16,5,-0.175772708979114,108.163712992621
39.3613673968244,6.66082530569134e-15,108.779532357066,7614.17633962262,2.86349200239519e-16,4.67643732770765,83.3626322475391,1,3.06161699786838e-16,5,-0.173362803441483,108.779532357066
39.4931132885269,6.69856775539812e-15,109.395913337003,7603.20331148954,2.86608509883199e-16,4.68067217556518,83.2662659813196,1,3.06161699786838e-16,5,-0.170036909014347,109.395913337003
39.6248591802295,6.73634414406793e-15,110.012848582269,7592.23717587152,2.86864425630576e-16,4.68485159688985,83.170694488765,1,3.06161699786838e-16,5,-0.165834102959271,110.012848582269
39.756605071932,6.77415402745612e-15,110.630330837798,7581.28842046463,2.87116991906114e-16,4.68897631718821,83.0770641139486,1,3.06161699786838e-16,5,-0.160797350961235,110.630330837798
39.8852974355013,6.81111949496439e-15,111.234022735479,7570.6022654565,2.87360512433282e-16,4.69295330920481,82.9865907730839,1,3.06161699786838e-16,5,-0.15511686526994,111.234022735479
40.0139897990705,6.84811610092564e-15,111.838223162688,7559.92737456108,2.87600919115153e-16,4.69687944826854,82.8973348745048,1,3.06161699786838e-16,5,-0.148732068885204,111.838223162688
40.1426821626398,6.88514344719797e-15,112.442925617275,7549.26682145445,2.87838251765916e-16,4.70075538459448,82.8096286257572,1,3.06161699786838e-16,5,-0.141692467204496,112.442925617275
40.2713745262091,6.92220114067358e-15,113.048123679302,7538.61140041242,2.8807254969635e-16,4.70458176017635,82.7224584118811,1,3.06161699786838e-16,5,-0.134049780409466,113.048123679302
40.3934938844491,6.95739380911036e-15,113.622863571021,7528.51890385574,2.88292109882236e-16,4.70816745012449,82.6416931367279,1,3.06161699786838e-16,5,-0.126288687715026,113.622863571021
40.5156132426891,6.99261312705455e-15,114.198038682224,7518.42640729906,2.88509005117381e-16,4.71170961812421,82.5609278615747,1,3.06161699786838e-16,5,-0.118080766461357,114.198038682224
40.6377326009291,7.02785877105676e-15,114.773643730581,7508.35368297301,2.88723267746724e-16,4.71520879240847,82.4821563143353,1,3.06161699786838e-16,5,-0.109474815195977,114.773643730581
40.7598519591692,7.06313042155208e-15,115.349673497203,7498.2840640511,2.88934929726757e-16,4.71866549486635,82.4036978997415,1,3.06161699786838e-16,5,-0.100520344567988,115.349673497203
40.8791922942428,7.09762423149232e-15,115.913000163541,7488.45470144707,2.89139292716662e-16,4.72200299576942,82.3281045999192,1,3.06161699786838e-16,5,-0.091481035398187,115.913000163541
40.9985326293165,7.13214228523836e-15,116.476722761274,7478.63647380191,2.89341231325987e-16,4.72530090353296,82.2535937937699,1,3.06161699786838e-16,5,-0.0822042900516474,116.476722761274
41.1178729643902,7.1666842951949e-15,117.040836593614,7468.81824615675,2.89540774314262e-16,4.72855968783574,82.1790829876207,1,3.06161699786838e-16,5,-0.0727376082184584,117.040836593614
41.2372132994639,7.20124997714327e-15,117.605337018919,7459.02159492837,2.89737950103355e-16,4.73177981284206,82.1065928001917,1,3.06161699786838e-16,5,-0.0631282155961426,117.605337018919
41.3561786238029,7.23573032244462e-15,118.168443791017,7449.25628348248,2.89932178164753e-16,4.73495179780186,82.0343823919661,1,3.06161699786838e-16,5,-0.0534536394267021,118.168443791017
41.475143948142,7.27023363725909e-15,118.73192568373,7439.50053272404,2.90124109274839e-16,4.7380862707,81.9630332138889,1,3.06161699786838e-16,5,-0.0437301644419513,118.73192568373
41.594109272481,7.3047596499589e-15,119.295778261042,7429.75668440191,2.90313770596389e-16,4.74118367513829,81.8927562115344,1,3.06161699786838e-16,5,-0.0340032483417367,119.295778261042
41.71307459682,7.33930809209563e-15,119.859997138857,7420.01283607978,2.9050118897425e-16,4.74424444952631,81.8224792091798,1,3.06161699786838e-16,5,-0.0243172657908069,119.859997138857
41.8334741665001,7.37429561558915e-15,120.431386759406,7410.17084668687,2.90688610315585e-16,4.74730527231155,81.7530281556507,1,3.06161699786838e-16,5,-0.0146004369383586,120.431386759406
41.9538737361803,7.40930556924009e-15,121.003142692223,7400.33067572424,2.90873788641179e-16,4.75032946386986,81.6837344999281,1,3.06161699786838e-16,5,-0.00501373459501676,121.003142692223
42.0742733058604,7.44433768462049e-15,121.575260553549,7390.49919866978,2.91056750793826e-16,4.75331746257731,81.6151629269955,1,3.06161699786838e-16,5,0.00440059241495834,121.575260553549
42.1946728755406,7.47939169648152e-15,122.147736011542,7380.68014370473,2.9123752329841e-16,4.75626970161816,81.5476230853401,1,3.06161699786838e-16,5,0.0136021426247907,122.147736011542
42.3183735792594,7.51542935449522e-15,122.736275630292,7370.59186837072,2.91420999268579e-16,4.75926609160253,81.4782314258515,1,3.06161699786838e-16,5,0.0227938425949933,122.736275630292
42.4420742829782,7.55148956882567e-15,123.32518362165,7360.52130874044,2.91602219607072e-16,4.76222564432613,81.4102506774318,1,3.06161699786838e-16,5,0.0316802511671371,123.32518362165
42.565774986697,7.5875720621803e-15,123.914455457085,7350.4547025281,2.91781212043146e-16,4.76514881264208,81.3425847864526,1,3.06161699786838e-16,5,0.0402238396968302,123.914455457085
42.6894756904158,7.62367656063907e-15,124.504086663142,7340.39361601088,2.91958003968808e-16,4.76803604389576,81.2753397862294,1,3.06161699786838e-16,5,0.0483897341594967,124.504086663142
42.8189730187386,7.66149620035818e-15,125.121728251646,7329.87742177966,2.92140752212613e-16,4.77102054920673,81.2061908347776,1,3.06161699786838e-16,5,0.0564985444217011,125.121728251646
42.9484703470614,7.69933935292668e-15,125.739753834122,7319.36122754843,2.9232114917148e-16,4.77396665512056,81.1370418833259,1,3.06161699786838e-16,5,0.0641239455093707,125.739753834122
43.0779676753842,7.73720571583688e-15,126.358158470243,7308.8624839679,2.92499225096176e-16,4.77687485566982,81.069165665097,1,3.06161699786838e-16,5,0.0712352450588649,126.358158470243
43.207465003707,7.77509499042947e-15,126.976937282534,7298.36790527478,2.92675009852634e-16,4.77974563860217,81.0015932057755,1,3.06161699786838e-16,5,0.0778053755993352,126.976937282534
43.3471039301388,7.81597690244906e-15,127.644589572942,7287.06105184218,2.9286202775795e-16,4.78279987277723,80.9293982286008,1,3.06161699786838e-16,5,0.0842566608631774,127.644589572942
43.4867428565705,7.85688474797592e-15,128.312665389665,7275.76794897833,2.93046452312539e-16,4.78581175432083,80.8581611685377,1,3.06161699786838e-16,5,0.0900262345415672,128.312665389665
43.6263817830023,7.89781816741413e-15,128.981158860055,7264.47556622875,2.93228319475994e-16,4.78878187049769,80.7869720043582,1,3.06161699786838e-16,5,0.0950938947670959,128.981158860055
43.766020709434,7.93877680609336e-15,129.650064191906,7253.20588324402,2.93407664715346e-16,4.79171080052842,80.7172926357122,1,3.06161699786838e-16,5,0.0994444928263524,129.650064191906
43.9048321190841,7.97951736857504e-15,130.315408069179,7242.00298573259,2.93583482180006e-16,4.79458211762625,80.6480261952401,1,3.06161699786838e-16,5,0.103048426324384,130.315408069179
44.0436435287342,8.02028216793414e-15,130.981147764697,7230.81471851796,2.93756875956924e-16,4.79741385289945,80.5796874477188,1,3.06161699786838e-16,5,0.105928048628041,130.981147764697
44.1824549383843,8.06107087007789e-15,131.647277822313,7219.63460653805,2.93927879455378e-16,4.80020655196294,80.5118658157327,1,3.06161699786838e-16,5,0.108082465604476,131.647277822313
44.3212663480344,8.10188314546321e-15,132.313792860179,7208.46001365226,2.94096525629674e-16,4.80296075300137,80.4443775125003,1,3.06161699786838e-16,5,0.109515364641687,132.313792860179
44.4617427697673,8.14320862193499e-15,132.988689107824,7197.16838549053,2.94264827988266e-16,4.80570933910324,80.3771065163525,1,3.06161699786838e-16,5,0.110239170304137,132.988689107824
44.6022191915001,8.18455757564815e-15,133.663968767918,7185.8767573288,2.9443078262272e-16,4.80841958396028,80.3098355202046,1,3.06161699786838e-16,5,0.11024512632053,133.663968767918
44.742695613233,8.225929679127e-15,134.339626492377,7174.60507720128,2.94594422280605e-16,4.81109202238087,80.2437106206053,1,3.06161699786838e-16,5,0.109550257680617,134.339626492377
44.8831720349658,8.26732460940785e-15,135.015657006802,7163.33617071545,2.9475577925829e-16,4.81372718180475,80.17774507812,1,3.06161699786838e-16,5,0.108175598737348,135.015657006802
45.0282866206853,8.31010992372557e-15,135.714394215726,7151.70479277139,2.94920100649292e-16,4.81641075377206,80.1101261079875,1,3.06161699786838e-16,5,0.106068135314826,135.714394215726
45.1734012064048,8.35291891130754e-15,136.413518038395,7140.0874352569,2.95082054713869e-16,4.81905566436488,80.0432734008117,1,3.06161699786838e-16,5,0.103293369481732,136.413518038395
45.3185157921242,8.39575123112145e-15,137.113022905329,7128.47007774241,2.95241675555252e-16,4.82166247053127,79.9764206936358,1,3.06161699786838e-16,5,0.0998865313827309,137.113022905329
45.4636303778437,8.43860654698559e-15,137.812903326263,7116.87578544568,2.95398996791611e-16,4.82423172129759,79.9107655480264,1,3.06161699786838e-16,5,0.0958861190197581,137.812903326263
45.6039050405195,8.480054081129e-15,138.489792926959,7105.66830595006,2.95548916293455e-16,4.82668009256591,79.8473061346097,1,3.06161699786838e-16,5,0.0914939918376095,138.489792926959
45.7441797031953,8.52152249838164e-15,139.16702357471,7094.47259293521,2.95696747484376e-16,4.82909435912871,79.784426662761,1,3.06161699786838e-16,5,0.0866263405518104,139.16702357471
45.8844543658711,8.56301150786783e-15,139.844590519156,7083.28712882899,2.95842519451941e-16,4.83147499602202,79.7220523349956,1,3.06161699786838e-16,5,0.0813253668135167,139.844590519156
46.0247290285469,8.60452082271397e-15,140.522489075295,7072.10254794671,2.95986260883512e-16,4.83382247174597,79.6597192899527,1,3.06161699786838e-16,5,0.0756348130065068,140.522489075295
46.1580249650889,8.6439835882749e-15,141.16696494521,7061.49468474724,2.96120995378056e-16,4.8360228530255,79.6014352414753,1,3.06161699786838e-16,5,0.0699075428375392,141.16696494521
46.2913209016309,8.68346419423893e-15,141.811732171018,7050.88682154776,2.96253945832291e-16,4.83819409871572,79.5431511929979,1,3.06161699786838e-16,5,0.0639092944343306,141.811732171018
46.4246168381728,8.72296240439059e-15,142.456786895027,7040.28481020748,2.96385135867761e-16,4.84033659458574,79.4851266666196,1,3.06161699786838e-16,5,0.0576805985115631,142.456786895027
46.5579127747148,8.76247798560592e-15,143.102125310035,7029.69827108331,2.96514588796865e-16,4.84245072135591,79.4277883122533,1,3.06161699786838e-16,5,0.0512621984664254,143.102125310035
46.6887823692703,8.8012909549181e-15,143.735989201881,7019.30443524054,2.966400176176e-16,4.84449912944912,79.3714936690477,1,3.06161699786838e-16,5,0.0448156384674402,143.735989201881
46.8196519638258,8.84012023211415e-15,144.370119421681,7008.9204771437,2.96763815649947e-16,4.84652090474684,79.3156142305645,1,3.06161699786838e-16,5,0.038264611820646,144.370119421681
46.9505215583813,8.87896560517424e-15,145.00451250689,6998.54724788256,2.96886004095891e-16,4.84851639350374,79.2601857718169,1,3.06161699786838e-16,5,0.0316476697346227,145.00451250689
47.0813911529368,8.91782686480378e-15,145.639165039466,6988.17401862142,2.9700660388489e-16,4.85048593752382,79.2047573130693,1,3.06161699786838e-16,5,0.0250026879422225,145.639165039466
47.2127060298354,8.9568361093189e-15,146.27623434863,6977.77897198927,2.97126038025234e-16,4.85243644505673,79.1496769398838,1,3.06161699786838e-16,5,0.0183443364158896,146.27623434863
47.344020906734,8.99586093479671e-15,146.913558114225,6967.39081286044,2.9724391406931e-16,4.85436150694654,79.0948708317609,1,3.06161699786838e-16,5,0.0117321813033516,146.913558114225
47.4753357836325,9.03490113798343e-15,147.551133016865,6957.00265373161,2.97360252342494e-16,4.85626145513184,79.0400647236381,1,3.06161699786838e-16,5,0.00520201725298209,147.551133016865
47.6066506605311,9.07395651824665e-15,148.188955779973,6946.6320781637,2.97475072908028e-16,4.85813661727025,78.9859214955204,1,3.06161699786838e-16,5,-0.00121179355491849,148.188955779973
47.7407889169176,9.11386708595936e-15,148.840744814012,6936.04163058512,2.9759081579493e-16,4.86002684205967,78.9307311608665,1,3.06161699786838e-16,5,-0.00760912104261757,148.840744814012
47.874927173304,9.15379307556476e-15,149.49278570667,6925.45118300655,2.97705016492563e-16,4.86189188098702,78.8755408262125,1,3.06161699786838e-16,5,-0.0138169354481538,149.49278570667
48.0090654296905,9.19373428158805e-15,150.145075102292,6914.88063596732,2.97817695548405e-16,4.86373206961808,78.8210616338674,1,3.06161699786838e-16,5,-0.0198034742260172,150.145075102292
48.1432036860769,9.23369050126029e-15,150.797609689408,6904.31152174395,2.97928873239354e-16,4.86554773909969,78.7666336429473,1,3.06161699786838e-16,5,-0.0255391564336761,150.797609689408
48.2829900753524,9.2753449089135e-15,151.477877790908,6893.29891405628,2.98043156328798e-16,4.86741412358742,78.709965929083,1,3.06161699786838e-16,5,-0.0312198365255849,151.477877790908
48.4227764646279,9.31701518065912e-15,152.158404972699,6882.30670245819,2.98155853008999e-16,4.86925460004611,78.6539886236226,1,3.06161699786838e-16,5,-0.0365695316605862,152.158404972699
48.5625628539034,9.35870109629383e-15,152.839187638586,6871.31449086011,2.98266985300293e-16,4.8710695280951,78.5980113181621,1,3.06161699786838e-16,5,-0.0415623285019578,152.839187638586
48.7023492431789,9.40040243863366e-15,153.520222241688,6860.32846131668,2.98376574921074e-16,4.8728592624227,78.5422321980644,1,3.06161699786838e-16,5,-0.0461753463417359,153.520222241688
48.8523688323439,9.4451734867051e-15,154.251388943836,6848.55479190205,2.9849249535594e-16,4.87475238679041,78.482901981221,1,3.06161699786838e-16,5,-0.050680903161453,154.251388943836
49.0023884215089,9.48996179533058e-15,154.982837532223,6836.78112248743,2.986066897354e-16,4.87661732253417,78.4235717643776,1,3.06161699786838e-16,5,-0.0547050167070795,154.982837532223
49.1524080106739,9.53476710751738e-15,155.714563809841,6825.02329008051,2.98719183758729e-16,4.87845448935495,78.3647222849191,1,3.06161699786838e-16,5,-0.0582306775607705,155.714563809841
49.3024275998389,9.57958917004889e-15,156.446563641347,6813.27320995596,2.98830002747586e-16,4.88026430078686,78.3061081284468,1,3.06161699786838e-16,5,-0.0612450860535886,156.446563641347
49.4550896892061,9.62521768282131e-15,157.191733804763,6801.31615959987,2.98941079947711e-16,4.88207832912878,78.2464615206715,1,3.06161699786838e-16,5,-0.0637787136007767,157.191733804763
49.6077517785733,9.67086302410374e-15,157.937178798605,6789.38227008519,2.99050474296834e-16,4.88386487442819,78.1874820581799,1,3.06161699786838e-16,5,-0.0657686691251434,157.937178798605
49.7604138679404,9.71652493895694e-15,158.682894459398,6777.44958653889,2.9915821128888e-16,4.88562435303249,78.1285373334644,1,3.06161699786838e-16,5,-0.0672140169080398,158.682894459398
49.9130759573076,9.76220317625213e-15,159.428876685898,6765.52313199367,2.99264316036727e-16,4.88735717506609,78.0697628334646,1,3.06161699786838e-16,5,-0.0681180047019128,159.428876685898
50.0672841267032,9.80836033762066e-15,160.182680336071,6753.4939336809,2.99369863426191e-16,4.88908089474654,78.0108861167482,1,3.06161699786838e-16,5,-0.0684889038877844,160.182680336071
50.2214922960988,9.85453365041776e-15,160.936747759091,6741.46473536813,2.99473795672799e-16,4.8907782371424,77.9520094000318,1,3.06161699786838e-16,5,-0.0683261890984257,160.936747759091
50.3757004654944,9.90072286750287e-15,161.691074918844,6729.4497614539,2.99576137490605e-16,4.89244960586484,77.8935015124097,1,3.06161699786838e-16,5,-0.0676450094332393,161.691074918844
50.52990863489,9.94692774546588e-15,162.445657840143,6717.44462938002,2.99676913220621e-16,4.89409539843273,77.8352488170935,1,3.06161699786838e-16,5,-0.0664640510450399,162.445657840143
50.6895856676717,9.99478748895945e-15,163.227266766519,6705.0137453664,2.99779638048601e-16,4.89577302218597,77.7749302387972,1,3.06161699786838e-16,5,-0.0647380344596779,163.227266766519
50.8492627004534,1.0042663505e-14,164.009141443755,6692.6072586549,2.99880735621884e-16,4.89742407085328,77.7152120966312,1,3.06161699786838e-16,5,-0.0625278938162279,164.009141443755
51.0089397332351,1.0090555535835e-14,164.791277662431,6680.20171209015,2.99980231715722e-16,4.89904896537646,77.6555170921909,1,3.06161699786838e-16,5,-0.0598648490323772,164.791277662431
51.1686167660168,1.01384633277372e-14,165.57367127887,6667.80252077984,3.00078151702831e-16,4.90064812012341,77.5959710105528,1,3.06161699786838e-16,5,-0.056782833670137,165.57367127887
51.321777390537,1.01844305839942e-14,166.324373543213,6655.9279510933,3.00170617791486e-16,4.90215820594928,77.5392911242411,1,3.06161699786838e-16,5,-0.0534667003274505,166.324373543213
51.4749380150573,1.02304118945234e-14,167.075305331239,6644.05338140676,3.0026167845292e-16,4.90364533940682,77.4826112379294,1,3.06161699786838e-16,5,-0.0498329602833303,167.075305331239
51.6280986395775,1.02764070457233e-14,167.82646315457,6632.18922132075,3.00351355047285e-16,4.90510986933378,77.4261636714508,1,3.06161699786838e-16,5,-0.0459173283277198,167.82646315457
51.7812592640978,1.03224158271951e-14,168.577843577136,6620.33911682843,3.00439668614452e-16,4.90655213933732,77.3700297955093,1,3.06161699786838e-16,5,-0.0417565167707446,168.577843577136
51.9269794142331,1.03662019865796e-14,169.292925826401,6609.06468509279,3.0052244556187e-16,4.90790398947852,77.3166228780624,1,3.06161699786838e-16,5,-0.0376045891426912,169.292925826401
52.0726995643684,1.04100001207809e-14,170.008203639265,6597.8022873745,3.00604025027602e-16,4.9092362832597,77.2634718434746,1,3.06161699786838e-16,5,-0.0332979841004433,170.008203639265
52.2184197145037,1.04538100565777e-14,170.723674186811,6586.5509115821,3.00684424333787e-16,4.91054930357284,77.2105551713468,1,3.06161699786838e-16,5,-0.0288700245947989,170.723674186811
52.364139864639,1.04976316232224e-14,171.439334680518,6575.2995357897,3.00763660555175e-16,4.91184332926977,77.157638499219,1,3.06161699786838e-16,5,-0.0243538502127265,171.439334680518
52.5079373857653,1.05408862463462e-14,172.145736283884,6564.20909893387,3.00840727592114e-16,4.91310192949627,77.1056732207537,1,3.06161699786838e-16,5,-0.0198429246608158,172.145736283884
52.6517349068916,1.05841518722279e-14,172.852317575925,6553.12931968465,3.00916694353253e-16,4.91434256085532,77.0539240320354,1,3.06161699786838e-16,5,-0.0153096896852825,172.852317575925
52.7955324280179,1.06274283437922e-14,173.559075991404,6542.04954043544,3.00991576546138e-16,4.9155654798706,77.0021748433171,1,3.06161699786838e-16,5,-0.0107849415937871,173.559075991404
52.9393299491441,1.06707155061779e-14,174.266009001245,6530.97827644314,3.01065389656883e-16,4.91677093944959,76.9505909697686,1,3.06161699786838e-16,5,-0.00629848707627529,174.266009001245
53.0847420397494,1.07144994158539e-14,174.981054509982,6519.79789969769,3.01138959972214e-16,4.91797243387855,76.8987229283089,1,3.06161699786838e-16,5,-0.00183001686535663,174.981054509982
53.2301541303546,1.07582939461449e-14,175.696273466526,6508.61752295224,3.01211468226034e-16,4.91915658352676,76.8468548868493,1,3.06161699786838e-16,5,0.00254091597253074,175.696273466526
53.3755662209598,1.08020989437413e-14,176.411663367138,6497.44222328157,3.01282929749325e-16,4.92032363876818,76.7950812877265,1,3.06161699786838e-16,5,0.00678688336817792,176.411663367138
53.520978311565,1.08459142575181e-14,177.127221743762,6486.28544934079,3.01353359654573e-16,4.9214738464084,76.7436522990932,1,3.06161699786838e-16,5,0.0108821618334073,177.127221743762
53.6712955221367,1.08912182590921e-14,177.867092237124,6474.75232901513,3.01425096766757e-16,4.92264540235799,76.6904884797594,1,3.06161699786838e-16,5,0.0149316271886664,177.867092237124
53.8216127327083,1.09365329633552e-14,178.607137518665,6463.22248538904,3.01495763610026e-16,4.92379947948975,76.6373830868707,1,3.06161699786838e-16,5,0.0187695020424217,178.607137518665
53.97192994328,1.09818582106412e-14,179.347354980835,6451.71356001539,3.01565376151008e-16,4.92493633855851,76.5846506848832,1,3.06161699786838e-16,5,0.0223731839771047,179.347354980835
54.1222471538516,1.10271938436344e-14,180.087742054476,6440.20463464174,3.01633950121268e-16,4.92605623648022,76.5319182828956,1,3.06161699786838e-16,5,0.0257225228773412,180.087742054476
54.2821167029354,1.10754216825721e-14,180.875362435654,6427.96825149837,3.0170575951667e-16,4.92722897290434,76.4759017572574,1,3.06161699786838e-16,5,0.0289857243635622,180.875362435654
54.4419862520191,1.11236609103764e-14,181.66316881114,6415.75411966218,3.01776430025402e-16,4.92838310989766,76.4202660051071,1,3.06161699786838e-16,5,0.0319224932237814,181.66316881114
54.6018558011029,1.11719113464352e-14,182.451158231313,6403.53998782599,3.01845979708679e-16,4.92951894242219,76.3646302529568,1,3.06161699786838e-16,5,0.0345174352750125,182.451158231313
54.7617253501866,1.12201728129605e-14,183.239327792673,6391.32978743824,3.01914426345317e-16,4.93063676082805,76.3090593877183,1,3.06161699786838e-16,5,0.0367585509386044,183.239327792673
54.9298293067472,1.12709317902352e-14,184.068284799869,6378.51450351156,3.01985227925997e-16,4.93179303838872,76.2510194987951,1,3.06161699786838e-16,5,0.0387238984241747,184.068284799869
55.0979332633077,1.13217025700673e-14,184.897434557456,6365.69921958487,3.02054849250935e-16,4.93293004091036,76.1929796098719,1,3.06161699786838e-16,5,0.0402818068615587,184.897434557456
55.2660372198683,1.13724849557258e-14,185.726773852572,6352.8918718023,3.02123309993225e-16,4.93404808967899,76.1350661636335,1,3.06161699786838e-16,5,0.0414296350009688,185.726773852572
55.4341411764289,1.14232787537104e-14,186.556299525115,6340.10433463885,3.02190629502918e-16,4.93514750070494,76.077468350256,1,3.06161699786838e-16,5,0.0421686483094222,186.556299525115
55.6030397660785,1.14743239571461e-14,187.389930960257,6327.25635035466,3.02257137089219e-16,4.93623365201562,76.0195982700663,1,3.06161699786838e-16,5,0.0425044261264496,187.389930960257
55.7719383557282,1.15253802993007e-14,188.223744304482,6314.42050702733,3.02322530803634e-16,4.93730161241792,75.9619149611494,1,3.06161699786838e-16,5,0.0424410530714818,188.223744304482
55.9408369453779,1.15764475936383e-14,189.05773651143,6301.6001900478,3.02386829299747e-16,4.93835168654801,75.9044705029078,1,3.06161699786838e-16,5,0.0419904784702871,189.05773651143
56.1097355350276,1.16275256567002e-14,189.891904584992,6288.77987306828,3.02450050923431e-16,4.93938417401669,75.8470260446662,1,3.06161699786838e-16,5,0.0411678446734141,189.891904584992
56.284453296189,1.16803746847317e-14,190.754994711357,6275.5355957894,3.02514336794299e-16,4.94043404196085,75.7878663522221,1,3.06161699786838e-16,5,0.0399446629757561,190.754994711357
56.4591710573504,1.1733234847108e-14,191.618266675374,6262.30261360389,3.02577509230677e-16,4.94146572613987,75.7288746489771,1,3.06161699786838e-16,5,0.0383660228561147,191.618266675374
56.6338888185118,1.17861059509995e-14,192.481717327893,6249.06963141838,3.0263958751554e-16,4.9424795414686,75.6698829457322,1,3.06161699786838e-16,5,0.0364579147642373,192.481717327893
56.8086065796732,1.18389878068641e-14,193.345343573459,6235.85851101967,3.02700590603092e-16,4.9434757974927,75.6112073332522,1,3.06161699786838e-16,5,0.0342486467753195,193.345343573459
56.9771936848563,1.18900241141438e-14,194.178829723347,6223.11829036272,3.02758451343624e-16,4.94442073509548,75.5546966511336,1,3.06161699786838e-16,5,0.031859905028603,194.178829723347
57.1457807900395,1.19410700942437e-14,195.012473842378,6210.37806970578,3.02815344802133e-16,4.94534987578402,75.4981859690149,1,3.06161699786838e-16,5,0.0292482686786234,195.012473842378
57.3143678952226,1.1992125585473e-14,195.846273289938,6197.66030650237,3.02871287147704e-16,4.94626348361952,75.4419912091358,1,3.06161699786838e-16,5,0.026443999923337,195.846273289938
57.4829550004058,1.20431904288034e-14,196.6802254689,6184.94831574228,3.0292629428317e-16,4.94716181831495,75.3858776536201,1,3.06161699786838e-16,5,0.0234780505466442,196.6802254689
57.6428591781729,1.20916337232021e-14,197.471364504782,6172.8910446475,3.02977618330119e-16,4.94800000361024,75.3326541763762,1,3.06161699786838e-16,5,0.020544115222755,197.471364504782
57.80276335594,1.21400851592698e-14,198.262636504211,6160.85393101693,3.03028128210164e-16,4.94882489255097,75.2797065268287,1,3.06161699786838e-16,5,0.0175205887949234,198.262636504211
57.962667533707,1.21885446078629e-14,199.054039358108,6148.82324846501,3.03077836837675e-16,4.94963669604476,75.2268468779144,1,3.06161699786838e-16,5,0.0144348216423755,199.054039358108
58.1225717114741,1.22370119418573e-14,199.845570990382,6136.79256591308,3.03126756925053e-16,4.95043562170091,75.1739872289999,1,3.06161699786838e-16,5,0.0113137447249515,199.845570990382
58.2807938871951,1.22849770957658e-14,200.628901399475,6124.90491296161,3.03174398560473e-16,4.95121366865214,75.1219032133128,1,3.06161699786838e-16,5,0.00821673133210368,200.628901399475
58.439016062916,1.23329497283236e-14,201.412353944179,6113.02739446638,3.03221292330963e-16,4.95197950204218,75.069954240323,1,3.06161699786838e-16,5,0.00513643247569795,201.412353944179
58.597238238637,1.23809297221417e-14,202.195926707386,6101.14987597116,3.03267449975427e-16,4.9527333135819,75.0180052673332,1,3.06161699786838e-16,5,0.00209727271142662,202.195926707386
58.7554604143579,1.24289169616479e-14,202.979617801662,6089.2813066148,3.03312883051073e-16,4.95347529201484,74.9661730961805,1,3.06161699786838e-16,5,-0.000877490929268885,202.979617801662
58.9165943323389,1.2477794633425e-14,203.777850758481,6077.21262789763,3.03358419295597e-16,4.9542189553234,74.9136259944994,1,3.06161699786838e-16,5,-0.00381795497581606,203.777850758481
59.0777282503199,1.25266795838431e-14,204.576202584527,6065.14394918046,3.0340322767603e-16,4.95495073170928,74.8610788928184,1,3.06161699786838e-16,5,-0.00664642703852473,204.576202584527
59.2388621683009,1.25755716965672e-14,205.374671379908,6053.07796468245,3.03447319825861e-16,4.95567081116176,74.8085662522497,1,3.06161699786838e-16,5,-0.00934227048508144,205.374671379908
59.399996086282,1.26244708570954e-14,206.173255274664,6041.03652433757,3.03490707195279e-16,4.95637938067664,74.7563675500689,1,3.06161699786838e-16,5,-0.0118866954215221,206.173255274664
59.5687279354826,1.26756831862423e-14,207.009616079797,6028.42729518279,3.03535397256533e-16,4.95710922476369,74.7017075278017,1,3.06161699786838e-16,5,-0.014370311023283,207.009616079797
59.7374597846833,1.27269029927727e-14,207.84609899987,6015.818066028,3.03579339579432e-16,4.95782685735668,74.6470475055345,1,3.06161699786838e-16,5,-0.0166516441987639,207.84609899987
59.9061916338839,1.27781301515884e-14,208.682701991873,6003.2362441565,3.03622546673808e-16,4.95853248275669,74.5927307233849,1,3.06161699786838e-16,5,-0.0187155129432034,208.682701991873
60.0749234830846,1.28293645396527e-14,209.519423046465,5990.65534872012,3.03665030843326e-16,4.95922630189781,74.5384255436147,1,3.06161699786838e-16,5,-0.0205493294219109,209.519423046465
60.2591757035315,1.28853197078835e-14,210.433240291891,5976.91723152206,3.03710611320399e-16,4.95997068757873,74.4791252396008,1,3.06161699786838e-16,5,-0.0222772190933224,210.433240291891
60.4434279239785,1.29412831975325e-14,211.347193436389,5963.20964904304,3.03755359655653e-16,4.96070148335242,74.4201996414779,1,3.06161699786838e-16,5,-0.0237087135968441,211.347193436389
60.6276801444254,1.2997254856695e-14,212.261279999167,5949.50271890621,3.03799291039557e-16,4.96141893729807,74.3612820485527,1,3.06161699786838e-16,5,-0.0248373457221583,212.261279999167
60.8119323648724,1.30532345361937e-14,213.175497543975,5935.79810602512,3.03842420389844e-16,4.96212329304076,74.3023924849098,1,3.06161699786838e-16,5,-0.025660313470177,213.175497543975
60.9967099202736,1.31093817308947e-14,214.092450819647,5922.08362274929,3.03884881964153e-16,4.9628167431741,74.2436882633659,1,3.06161699786838e-16,5,-0.0261792765343598,214.092450819647
61.1814874756748,1.3165536699509e-14,215.009531052959,5908.36913947346,3.0392656614713e-16,4.96349749754355,74.1849840418219,1,3.06161699786838e-16,5,-0.0263952759724695,215.009531052959
61.366265031076,1.32216992997256e-14,215.926735919795,5894.66018193758,3.03967487169874e-16,4.96416578856056,74.1263457097594,1,3.06161699786838e-16,5,-0.026315352371646,215.926735919795
61.5510425864772,1.32778693917958e-14,216.844063137884,5880.97702639273,3.04007659007262e-16,4.9648218444522,74.0680150432443,1,3.06161699786838e-16,5,-0.0259495993396989,216.844063137884
61.7405084258154,1.33354722999649e-14,217.784790018634,5866.9466938425,3.04048086532686e-16,4.96548207604635,74.0082043770276,1,3.06161699786838e-16,5,-0.02529129660637,217.784790018634
61.9299742651536,1.33930827956745e-14,218.725640813323,5852.92663399458,3.04087755304062e-16,4.96612991624655,73.9485142719051,1,3.06161699786838e-16,5,-0.0243628785983295,218.725640813323
62.1194401044918,1.34507007365352e-14,219.666613196557,5838.92821913282,3.04126679560324e-16,4.9667655975922,73.88907819373,1,3.06161699786838e-16,5,-0.023183679516196,219.666613196557
62.30890594383,1.35083259827845e-14,220.607704885841,5824.92980427106,3.04164873277727e-16,4.96738934833289,73.829642115555,1,3.06161699786838e-16,5,-0.0217751978649875,220.607704885841
62.4978199816003,1.35657905379804e-14,221.546172291071,5810.98797808113,3.04202242049869e-16,4.96799962669509,73.7705619315621,1,3.06161699786838e-16,5,-0.020165858539323,221.546172291071
62.6867340193707,1.36232620864084e-14,222.484753904448,5797.06229409986,3.04238911498804e-16,4.9685984842426,73.711668267451,1,3.06161699786838e-16,5,-0.0183770003039429,222.484753904448
62.8756480571411,1.36807404972107e-14,223.4234475889,5783.13661011858,3.0427489471032e-16,4.96918613468256,73.6527746033399,1,3.06161699786838e-16,5,-0.0164348839341332,223.4234475889
63.0645620949115,1.37382256419364e-14,224.362251246669,5769.23020107277,3.04310204529485e-16,4.96976278779085,73.594101529004,1,3.06161699786838e-16,5,-0.0143664738273659,224.362251246669
63.2411512766956,1.37919664018595e-14,225.239904459996,5756.2430459505,3.04342612943073e-16,4.97029205735022,73.5393935609339,1,3.06161699786838e-16,5,-0.0123431870991186,225.239904459996
63.4177404584797,1.384571283453e-14,226.117650316319,5743.25589082824,3.04374454081919e-16,4.97081206261,73.4846855928639,1,3.06161699786838e-16,5,-0.0102566493377227,226.117650316319
63.5943296402639,1.38994648406619e-14,226.995487194173,5730.28501156406,3.04405737874632e-16,4.97132296571667,73.4301620512022,1,3.06161699786838e-16,5,-0.0081297094037689,226.995487194173
63.770918822048,1.39532223226795e-14,227.873413500027,5717.32768172631,3.04436474078775e-16,4.97182492602334,73.375792041971,1,3.06161699786838e-16,5,-0.00598474386562934,227.873413500027
63.9449163447998,1.40061961114847e-14,228.73854112445,5704.56051631749,3.04466232930694e-16,4.97231092495691,73.3222199781411,1,3.06161699786838e-16,5,-0.00387493617472319,228.73854112445
64.1189138675516,1.40591750334748e-14,229.603752580145,5691.80579290263,3.04495478464124e-16,4.97278854076336,73.2687871967209,1,3.06161699786838e-16,5,-0.00178946378498326,229.603752580145
64.2929113903033,1.41121590001141e-14,230.469046421213,5679.06783266998,3.0452421953263e-16,4.97325791803239,73.2155420714291,1,3.06161699786838e-16,5,0.00025203742483368,230.469046421213
64.4669089130551,1.41651479243705e-14,231.334421226312,5666.32987243734,3.04552464839432e-16,4.97371919889838,73.1622969461373,1,3.06161699786838e-16,5,0.00223111951298383,231.334421226312
64.644675755339,1.42192897820191e-14,232.218624862599,5653.32488585437,3.04580818934505e-16,4.97418225641166,73.1079969779214,1,3.06161699786838e-16,5,0.00417063220346737,232.218624862599
64.8224425976228,1.42734366355551e-14,233.102910087918,5640.34085402717,3.04608673440836e-16,4.97463715502163,73.0539287427887,1,3.06161699786838e-16,5,0.00600959789191818,233.102910087918
65.0002094399067,1.43275883969613e-14,233.987275464839,5627.35682219997,3.04636037160159e-16,4.97508403847148,72.999860507656,1,3.06161699786838e-16,5,0.00773229992415277,233.987275464839
65.1779762821905,1.43817449797463e-14,234.871719580853,5614.3780846567,3.04662918741589e-16,4.97552304801201,72.9458504582384,1,3.06161699786838e-16,5,0.00932484964841424,234.871719580853
65.3659747379248,1.44390237700576e-14,235.807153215287,5600.67837211316,3.04690832386955e-16,4.9759789124357,72.8890179075108,1,3.06161699786838e-16,5,0.0108540221154245,235.807153215287
65.5539731936591,1.44963077590781e-14,236.742671751087,5586.97865956961,3.04718226161394e-16,4.97642628672285,72.8321853567832,1,3.06161699786838e-16,5,0.0122116247096671,236.742671751087
65.7419716493934,1.45535968499962e-14,237.678273607198,5573.2857307213,3.04745109746076e-16,4.97686532897897,72.7754268469876,1,3.06161699786838e-16,5,0.0133876256270592,237.678273607198
65.9299701051277,1.46108909477727e-14,238.613957231511,5559.61746164637,3.0477149264492e-16,4.97729619441481,72.7189374873437,1,3.06161699786838e-16,5,0.014374540172469,238.613957231511
66.1336859158363,1.4672980584658e-14,239.627957952839,5544.80647554169,3.04799526844385e-16,4.97775402763634,72.6577254116842,1,3.06161699786838e-16,5,0.0152246482397229,239.627957952839
66.337401726545,1.47350758747854e-14,240.642050998615,5530.00896942874,3.0482699571965e-16,4.97820262841306,72.5966590542553,1,3.06161699786838e-16,5,0.0158431968557732,240.642050998615
66.5411175372537,1.47971767041688e-14,241.656234507307,5515.23184855055,3.04853910669312e-16,4.97864218289817,72.5358130604882,1,3.06161699786838e-16,5,0.0162298320701856,241.656234507307
66.7448333479624,1.48592829610783e-14,242.670506654227,5500.45472767237,3.04880282866365e-16,4.97907287356052,72.474967066721,1,3.06161699786838e-16,5,0.0163874256287006,242.670506654227
66.949019487568,1.49215379422123e-14,243.687207652056,5485.66636923574,3.04906182310417e-16,4.97949584358045,72.4142254555646,1,3.06161699786838e-16,5,0.0163213916042249,243.687207652056
67.1532056271735,1.49837981580393e-14,244.703994138907,5470.88903154666,3.04931558285179e-16,4.97991026469811,72.3536017925208,1,3.06161699786838e-16,5,0.0160396886173353,244.703994138907
67.3573917667791,1.50460635027712e-14,245.720864387133,5456.11169385758,3.04956421369443e-16,4.98031630967828,72.2929781294769,1,3.06161699786838e-16,5,0.0155534787653883,245.720864387133
67.5615779063847,1.51083338727186e-14,246.737816703357,5441.36588469645,3.04980781932157e-16,4.98071414785873,72.2326905703129,1,3.06161699786838e-16,5,0.0148762490921814,246.737816703357
67.7750850241767,1.51734521129998e-14,247.801278271648,5425.94938007647,3.05005728114012e-16,4.98112154992557,72.1696769530885,1,3.06161699786838e-16,5,0.0139807206186654,247.801278271648
67.9885921419687,1.52385756230232e-14,248.864825901361,5410.54224991542,3.0503014732165e-16,4.98152034585031,72.1067627782003,1,3.06161699786838e-16,5,0.0129134629308798,248.864825901361
68.2020992597606,1.53037042914843e-14,249.928457774753,5395.16094732709,3.05054050685525e-16,4.98191071740709,72.0441225769022,1,3.06161699786838e-16,5,0.0116962640171201,249.928457774753
68.4156063775526,1.53688380093837e-14,250.992172111731,5379.77964473876,3.05077449105561e-16,4.9822928426052,71.981482375604,1,3.06161699786838e-16,5,0.0103521311269829,250.992172111731
68.6142079635532,1.54294289988129e-14,251.981698062748,5365.49218378579,3.05098770077666e-16,4.98264104050388,71.9234260331166,1,3.06161699786838e-16,5,0.00900896241493573,251.981698062748
68.8128095495538,1.54900241808575e-14,252.971292484368,5351.21724216433,3.05119671788237e-16,4.98298239134212,71.8655014302971,1,3.06161699786838e-16,5,0.00759690427765697,252.971292484368
69.0114111355544,1.55506234730827e-14,253.960954030331,5336.94230054287,3.05140162480753e-16,4.98331702974611,71.8075768274775,1,3.06161699786838e-16,5,0.00613618385943585,253.960954030331
69.210012721555,1.56112267946455e-14,254.950681380372,5322.6931378308,3.05160250239506e-16,4.98364508774237,71.7499211609788,1,3.06161699786838e-16,5,0.0046467584628541,254.950681380372
69.4013918090933,1.56696299071878e-14,255.904476590272,5308.96860262758,3.05179233659712e-16,4.9839551105215,71.6944293406614,1,3.06161699786838e-16,5,0.00320271649170638,255.904476590272
69.5927708966315,1.57280366182216e-14,256.858330567999,5295.24406742435,3.05197857230761e-16,4.9842592565179,71.6389375203439,1,3.06161699786838e-16,5,0.00176768483930764,256.858330567999
69.7841499841698,1.57864468595418e-14,257.812242199677,5281.54694572336,3.0521612777318e-16,4.98455763711926,71.5837309861999,1,3.06161699786838e-16,5,0.000358301293103123,257.812242199677
69.975529071708,1.58448605642136e-14,258.766210392178,5267.85359875797,3.0523405198044e-16,4.98485036163825,71.5285637348833,1,3.06161699786838e-16,5,-0.00100982180600151,258.766210392178
70.1696012678043,1.59040997426953e-14,259.733659595049,5253.96755743724,3.05251881476091e-16,4.98514153939926,71.4726201636534,1,3.06161699786838e-16,5,-0.00234006861125656,259.733659595049
70.3636734639006,1.59633423480315e-14,260.701164762702,5240.11133873781,3.05269368286291e-16,4.98542712068217,71.4169858105255,1,3.06161699786838e-16,5,-0.00359850660971358,260.701164762702
70.5577456599968,1.60225883143651e-14,261.668724819608,5226.25674211334,3.05286518996747e-16,4.9857072130397,71.3613682760042,1,3.06161699786838e-16,5,-0.00477221285914615,261.668724819608
70.7518178560931,1.60818375770827e-14,262.636338710549,5212.40351889114,3.05303340068805e-16,4.98598192199366,71.3057648814296,1,3.06161699786838e-16,5,-0.00584988836977533,262.636338710549
70.9567906410493,1.61444182438332e-14,263.658358558134,5197.80375719604,3.05320755018984e-16,4.98626632971336,71.2473633536258,1,3.06161699786838e-16,5,-0.00687305156267421,263.658358558134
71.1617634260056,1.62070024438464e-14,264.680436108277,5183.20399550093,3.0533781664289e-16,4.98654496717713,71.188961825822,1,3.06161699786838e-16,5,-0.00776837749741132,264.680436108277
71.3667362109619,1.62695901054464e-14,265.702570190424,5168.61382198237,3.05354532108115e-16,4.98681795144061,71.1306582443967,1,3.06161699786838e-16,5,-0.00852815033109337,265.702570190424
71.5717089959182,1.63321811583844e-14,266.724759657323,5154.04694375455,3.05370908439541e-16,4.98708539722886,71.0725926320319,1,3.06161699786838e-16,5,-0.00914691492420223,266.724759657323
71.7958130286144,1.64006179814451e-14,267.8424177953,5138.12045792695,3.05388433291403e-16,4.98737159977925,71.0091074337667,1,3.06161699786838e-16,5,-0.00965815827303245,267.8424177953
72.0199170613106,1.64690586882251e-14,268.960139359226,5122.21748803757,3.05405569771339e-16,4.98765145973474,70.9458620973095,1,3.06161699786838e-16,5,-0.00999504705107742,268.960139359226
72.2440210940068,1.653750319267e-14,270.077922943727,5106.32681970864,3.05422326484779e-16,4.98792511763271,70.8827422363703,1,3.06161699786838e-16,5,-0.0101586624761717,270.077922943727
72.4681251267029,1.66059514105933e-14,271.195767173932,5090.44084449813,3.05438711850384e-16,4.9881927109603,70.819670107469,1,3.06161699786838e-16,5,-0.0101529599530627,271.195767173932
72.6929614658068,1.66746269461527e-14,272.317323782861,5074.53398070929,3.05454785869839e-16,4.98845521961938,70.7567073924609,1,3.06161699786838e-16,5,-0.00998365491141702,272.317323782861
72.9177978049107,1.67433060554192e-14,273.438938754857,5058.62711692044,3.05470502518575e-16,4.98871189197171,70.6937446774529,1,3.06161699786838e-16,5,-0.00965942217547502,273.438938754857
73.1426341440146,1.6811988658952e-14,274.560610792551,5042.74209309029,3.05485869740685e-16,4.98896285775418,70.6310026505789,1,3.06161699786838e-16,5,-0.00919134777745945,274.560610792551
73.3674704831184,1.68806746790398e-14,275.682338626823,5026.87075307694,3.055008953073e-16,4.98920824387899,70.5683988957613,1,3.06161699786838e-16,5,-0.00859238675109321,275.682338626823
73.6050336658071,1.69532526561681e-14,276.867626943077,5010.10649257742,3.05518794377263e-16,4.98950055787476,70.5023063831478,1,3.06161699786838e-16,5,-0.00783344713130185,276.867626943077
73.8425968484958,1.70258341312414e-14,278.052972385107,4993.37411704762,3.05529860924907e-16,4.98968128831315,70.4365336986859,1,3.0575598146938e-16,4.99337411704762,-0.00696368018648093,278.052972385107
74.0801600311846,1.7098416218272e-14,279.238327821158,4976.64174151782,3.05522401719892e-16,4.98955947025067,70.370761014224,1,3.04731418962646e-16,4.97664174151782,-0.00600324819408733,279.238327821158
74.3177232138733,1.71709940358984e-14,280.423613532547,4959.93760766422,3.05491600756465e-16,4.98905645234464,70.3052713657166,1,3.03708585759829e-16,4.95993760766422,-0.00497291829375238,280.423613532547
74.5329162082689,1.72367288772091e-14,281.497144959836,4944.81453376325,3.05443745599418e-16,4.98827491832062,70.2460298578043,1,3.02782564557524e-16,4.94481453376325,-0.00399701657461743,281.497144959836
74.7481092026646,1.73024514028814e-14,282.570475257487,4929.69825185054,3.05377204131656e-16,4.98718821368367,70.1868562578386,1,3.01856959244554e-16,4.92969825185054,-0.00299726124771463,282.570475257487
74.9633021970603,1.73681576371987e-14,283.64353949712,4914.60868350303,3.05292392898684e-16,4.98580314113817,70.1279497465794,1,3.00932989665689e-16,4.91460868350303,-0.00198940773124331,283.64353949712
75.1784951914559,1.74338436906899e-14,284.716274158852,4899.51911515552,3.0518971276773e-16,4.98412624734275,70.0690432353202,1,3.00009020086824e-16,4.89951911515552,-0.000988555537213882,284.716274158852
75.3890532630481,1.74980917800423e-14,285.765525084052,4884.77273238612,3.05072332467831e-16,4.98220928156975,70.0115861260503,1,2.99106064563946e-16,4.88477273238612,-2.9924099328797e-05,285.765525084052
75.5996113346402,1.75623134248721e-14,286.814344137422,4870.04076672401,3.04938586984732e-16,4.98002505207285,69.9542722759256,1,2.98203991834284e-16,4.87004076672401,0.000895120388906416,286.814344137422
75.8101694062324,1.76265052173111e-14,287.862675664254,4855.30880106191,3.04788826630434e-16,4.97757927988118,69.8969584258009,1,2.97301919104622e-16,4.85530880106191,0.00177456308355062,287.862675664254
76.0207274778246,1.76906638225619e-14,288.910465203173,4840.6048658409,3.04623412630569e-16,4.97487786425703,69.8399211338581,1,2.96401562744458e-16,4.8406048658409,0.00259764575597595,288.910465203173
76.2387405464746,1.77570555742445e-14,289.994724790979,4825.38488414102,3.04436016426905e-16,4.9718174520011,69.7809093712854,1,2.95469607650866e-16,4.82538488414102,0.00338029454829816,289.994724790979
76.4567536151247,1.78234047157377e-14,291.078288501583,4810.17257273216,3.04232573277383e-16,4.96849497323149,69.7219732532983,1,2.94538122227141e-16,4.81017257273216,0.00408280862317991,291.078288501583
76.6747666837747,1.78897077889589e-14,292.161099860211,4794.986014222,3.04013448551732e-16,4.96491639488868,69.6632911109878,1,2.93608213713665e-16,4.794986014222,0.00469736553115802,292.161099860211
76.8927797524248,1.7955961412277e-14,293.243103640636,4779.79945571184,3.03778992145838e-16,4.96108743120614,69.6046089686772,1,2.92678305200188e-16,4.77979945571184,0.00521794095803753,293.243103640636
77.1317223417447,1.8028514749718e-14,294.427989560258,4763.17891133608,3.03504831942072e-16,4.95661005529731,69.5405289111348,1,2.91660590376695e-16,4.76317891133608,0.00567542072869446,294.427989560258
77.3706649310646,1.81010004735712e-14,295.611771266195,4746.57085477174,3.03213122521209e-16,4.95184607892361,69.4765717597115,1,2.90643640211116e-16,4.74657085477174,0.00601106825517755,295.611771266195
77.6096075203845,1.81734144433852e-14,296.794381139741,4729.97294917789,3.02904294383762e-16,4.94680253269197,69.4127139184613,1,2.89627311613213e-16,4.72997294917788,0.00622356544609067,296.794381139741
77.8485501097044,1.82457526191894e-14,297.975753203174,4713.40111769946,3.0257878040287e-16,4.9414864859572,69.3491111685755,1,2.8861257959441e-16,4.71340111769946,0.00631405553145296,297.975753203174
78.0944071221934,1.83201008215071e-14,299.189951490703,4696.34973732247,3.02226865881756e-16,4.93573928568103,69.2836679082613,1,2.87568483674424e-16,4.69634973732247,0.00628332434407519,299.189951490703
78.3402641346825,1.83943604306497e-14,300.402702941887,4679.33299273267,3.0185816061261e-16,4.92971787167983,69.2185611420102,1,2.86526508584734e-16,4.67933299273267,0.00613268983880591,300.402702941887
78.5861211471715,1.84685273732218e-14,301.613941033126,4662.31869276494,3.01473104345246e-16,4.92342942561305,69.1534781257842,1,2.85484683184973e-16,4.66231869276494,0.00586997414264284,301.613941033126
78.8319781596606,1.85425976802847e-14,302.823600946735,4645.32733447414,3.01072121936804e-16,4.91688088592437,69.0886179663307,1,2.84444262557773e-16,4.64532733447414,0.00550485060158229,302.823600946735
79.0883339595837,1.86197239095504e-14,304.083167857282,4627.62494949258,3.00637492571321e-16,4.90978284972674,69.0211294561763,1,2.83360304102526e-16,4.62762494949258,0.00502721882150353,304.083167857282
79.3446897595068,1.86967366057844e-14,305.340880632715,4609.93705473226,3.00186443885715e-16,4.90241666568216,68.9537814542966,1,2.82277232917432e-16,4.60993705473226,0.0044648567685405,305.340880632715
79.6010455594299,1.87736316175258e-14,306.596671474531,4592.27293441299,2.99719421953353e-16,4.89478961872156,68.8866639875924,1,2.81195617496995e-16,4.59227293441299,0.00383323680355982,306.596671474531
79.857401359353,1.88504049025434e-14,307.850474368084,4574.61494320405,2.99236848067254e-16,4.88690858908208,68.8196056041324,1,2.80114377376324e-16,4.57461494320405,0.00314843896809159,307.850474368084
80.0960685668619,1.89217679442808e-14,309.015921283669,4558.20507671761,2.98773963325335e-16,4.87934910756886,68.7574607583451,1,2.79109562852972e-16,4.55820507671761,0.00247759173525931,309.015921283669
80.3347357743708,1.89930189799797e-14,310.179539001831,4541.79521023117,2.9829830289308e-16,4.87158098319887,68.6953159125577,1,2.78104748329619e-16,4.54179521023117,0.00178861095857115,310.179539001831
80.5734029818796,1.90641549991003e-14,311.341278356724,4525.41322027672,2.97810183103723e-16,4.86360938208585,68.633437932709,1,2.7710164075155e-16,4.52541322027672,0.0010948351928985,311.341278356724
80.8120701893885,1.91351730644284e-14,312.501091379997,4509.03859418532,2.97309917153325e-16,4.85543941910963,68.5716304481508,1,2.76098984080047e-16,4.50903859418532,0.000408943316199215,312.501091379997
81.0434698760657,1.92039132716205e-14,313.623704156839,4493.17580627913,2.96813582660312e-16,4.84733366170499,68.5118316374703,1,2.75127668458303e-16,4.49317580627913,-0.000237165489211632,313.623704156839
81.2748695627429,1.92725373658367e-14,314.74442066488,4477.33379116636,2.96306391234896e-16,4.83905059713864,68.4522317143424,1,2.74157624803309e-16,4.47733379116636,-0.000854059390604676,314.74442066488
81.5062692494201,1.93410428664012e-14,315.86320039161,4461.49177605359,2.95788607110014e-16,4.8305945406619,68.3926317912146,1,2.73187581148314e-16,4.46149177605359,-0.00143224161381681,315.86320039161
81.7376689360973,1.9409427353089e-14,316.980003811754,4445.68123047131,2.95260504028852e-16,4.82196996284028,68.333332689634,1,2.72219464446308e-16,4.44568123047131,-0.00196343182581276,316.980003811754
81.9780840029715,1.94803454050745e-14,318.138183493192,4429.2571389942,2.94701169619973e-16,4.81283533873041,68.2717465712738,1,2.71213778893491e-16,4.4292571389942,-0.00245789302800349,318.138183493192
82.2184990698457,1.95511277069259e-14,319.294146206697,4412.85155218295,2.94131247192834e-16,4.80352779916004,68.2103363096221,1,2.70209226424664e-16,4.41285155218296,-0.00288701032891586,319.294146206697
82.4589141367199,1.96217717468321e-14,320.447850931281,4396.46240011092,2.93551016944128e-16,4.79405192008847,68.1490822333978,1,2.69205680293376e-16,4.39646240011092,-0.00324542182184755,320.447850931281
82.6993292035941,1.96922750768252e-14,321.599257688596,4380.07893008478,2.92960736295982e-16,4.78441190553803,68.0878817827665,1,2.68202482087054e-16,4.38007893008478,-0.0035294594351355,321.599257688596
82.9676002386517,1.97707783234716e-14,322.881312999581,4361.82961200261,2.92290514950396e-16,4.77346636032365,68.0198964459006,1,2.67085033638257e-16,4.36182961200261,-0.00375604290608318,322.881312999581
83.2358712737093,1.98491001756251e-14,324.160405913685,4343.58126396965,2.91608465698163e-16,4.76232765073477,67.9519202672937,1,2.65967644587842e-16,4.34358126396965,-0.00388636348689919,324.160405913685
83.5041423087669,1.99272375062252e-14,325.436485362136,4325.37053314145,2.90914924847907e-16,4.75100126910802,67.8842992336629,1,2.64852558926898e-16,4.32537053314145,-0.00392166885828067,325.436485362136
83.7724133438245,2.00051872745398e-14,326.709501686008,4307.15980231324,2.90210216543844e-16,4.73949250912018,67.816678200032,1,2.63737473265953e-16,4.30715980231324,-0.00386548803963241,326.709501686008
84.0437684844623,2.00838393466408e-14,327.993987501114,4288.77484767085,2.89486385206665e-16,4.72767144630136,67.7486109716617,1,2.62611719473189e-16,4.28877484767085,-0.00372117512931459,327.993987501114
84.3151236251001,2.01622935382165e-14,329.275241681999,4270.39358684255,2.88751803882397e-16,4.71567482287035,67.6805785662291,1,2.61486191861305e-16,4.27039358684255,-0.00349622665978559,329.275241681999
84.586478765738,2.02405469752932e-14,330.553217293109,4252.04351122291,2.88006782532848e-16,4.70350770088763,67.6128384441207,1,2.6036257379272e-16,4.25204351122291,-0.00319957008131668,330.553217293109
84.8578339063757,2.0318596864887e-14,331.827868721555,4233.70086524022,2.872516250178e-16,4.69117504276001,67.5451679562739,1,2.5923941065819e-16,4.23370086524022,-0.00284137118751464,331.827868721555
85.1409534385607,2.03998106407444e-14,333.154190333858,4214.59193838722,2.86453255854334e-16,4.67813668485924,67.4748331236783,1,2.58069326352907e-16,4.21459193838722,-0.00241407085447648,333.154190333858
85.4240729707456,2.04807969088734e-14,334.476796462995,4195.49413807763,2.85644525010937e-16,4.66492910788342,67.404601852042,1,2.56899923351913e-16,4.19549413807763,-0.00194554295706564,334.476796462995
85.7071925029305,2.05615527817902e-14,335.795639952776,4176.424714026,2.84825749982099e-16,4.65155749691104,67.3346348376783,1,2.55732257895592e-16,4.176424714026,-0.00144976480041932,335.795639952776
85.9903120351154,2.06420754581416e-14,337.110675053631,4157.36678995333,2.83997240304276e-16,4.63802690705608,67.2647749182346,1,2.54565296609893e-16,4.15736678995333,-0.000940504015584007,337.110675053631
86.2468166506146,2.07148249095132e-14,338.298763756794,4140.12449633556,2.83238471871246e-16,4.62563527816261,67.2017061285758,1,2.53509510625445e-16,4.14012449633556,-0.000478753835300408,338.298763756794
86.5033212661137,2.07873787653892e-14,339.483658143102,4122.89406968563,2.82472191192014e-16,4.61312096497834,67.1387477060438,1,2.52454451283206e-16,4.12289406968563,-2.68595690012316e-05,339.483658143102
86.7598258816129,2.08597351266394e-14,340.665327197406,4105.67974405539,2.81698608328716e-16,4.6004873980783,67.0759381567148,1,2.51400377844078e-16,4.10567974405539,0.000406041940041832,340.665327197406
87.016330497112,2.09318921467292e-14,341.843740763505,4088.48506502265,2.80917935946905e-16,4.58773805055451,67.0133102637002,1,2.50347507412087e-16,4.08848506502265,0.000811805811707536,341.843740763505
87.2743069110559,2.10042603248468e-14,343.025602801898,4071.20014348355,2.80125843213909e-16,4.57480219454203,66.9504003183607,1,2.49289111220268e-16,4.07120014348355,0.00118523780356529,343.025602801898
87.5322833249998,2.10764232845523e-14,344.204113369285,4053.94256765175,2.79326983181966e-16,4.56175582015067,66.8877414555363,1,2.48232389470096e-16,4.05394256765175,0.00151734714620712,344.204113369285
87.7902597389437,2.11483793064807e-14,345.379244386301,4036.68599243881,2.78521553021831e-16,4.54860214742323,66.8250917868532,1,2.47175728990157e-16,4.03668599243881,0.00180279505122923,345.379244386301
88.0482361528877,2.12201267211618e-14,346.55096858843,4019.46400334163,2.77709756274966e-16,4.53534450044401,66.7627599111402,1,2.46121186299017e-16,4.01946400334163,0.00203764038985258,346.55096858843
88.3291737053303,2.12980208208175e-14,347.823075774109,4000.70917459125,2.76818682973445e-16,4.52079216907564,66.6948801994478,1,2.44972784249131e-16,4.00070917459125,0.00223271931198422,347.823075774109
88.6101112577729,2.13756635805068e-14,349.091078266637,3981.98970886313,2.75920500508108e-16,4.50612373625137,66.6273250307133,1,2.43826547559846e-16,3.98198970886313,0.00236256975008607,349.091078266637
88.8910488102155,2.14530530369976e-14,350.354944004003,3963.27343503191,2.75015442840267e-16,4.49134302284943,66.5597991555063,1,2.42680506317878e-16,3.96327343503191,0.00242691086600987,350.354944004003
89.1719863626581,2.15301872911013e-14,351.6146419701,3944.59130707832,2.74103747214893e-16,4.47645390337417,66.4925848229924,1,2.41536555907897e-16,3.94459130707832,0.00242728258686139,351.6146419701
89.4691360221116,2.16114929908578e-14,352.942464813603,3924.83553525261,2.73132453815933e-16,4.46059147839358,66.4215323309179,1,2.40326863771345e-16,3.92483553525261,0.00236148789992056,352.942464813603
89.7662856815651,2.16925090318124e-14,354.26555716988,3905.11710994963,2.72154204855308e-16,4.44461546047061,66.3508181940751,1,2.39119458449769e-16,3.90511710994963,0.00223277064108479,354.26555716988
90.0634353410185,2.17732333850186e-14,355.583885903723,3885.40204572947,2.71169247379399e-16,4.4285298841788,66.2801345111463,1,2.37912258935159e-16,3.88540204572947,0.00204783379517079,355.583885903723
90.3605850004719,2.18536640923394e-14,356.897419036326,3865.72678363304,2.70177827279741e-16,4.41233876523173,66.2098117562411,1,2.3670749659772e-16,3.86572678363304,0.00181463558369279,356.897419036326
90.6736300487118,2.19380775635832e-14,358.275995639843,3845.00485313833,2.6912663035838e-16,4.39517141670164,66.1357799350179,1,2.35438644305095e-16,3.84500485313833,0.00152654935445938,358.275995639843
90.9866750969516,2.202216091166e-14,359.649180922903,3824.31919357927,2.68068756382445e-16,4.37789502359513,66.0620766648593,1,2.34172012966732e-16,3.82431919357927,0.00120614143817519,359.649180922903
91.2997201451914,2.2105912087165e-14,361.016941416186,3803.64688560684,2.67004457939984e-16,4.36051371098806,65.988493627669,1,2.32906199177261e-16,3.80364688560684,0.000865132563076659,361.016941416186
91.6127651934312,2.21893291155666e-14,362.379244873145,3783.00309585898,2.65933979339983e-16,4.34303146874898,65.9151674012147,1,2.31642131625411e-16,3.78300309585898,0.000515045220203904,362.379244873145
91.8959504472735,2.22644999689837e-14,363.606878072683,3764.34524825386,2.649604807359e-16,4.3271330300357,65.8489859230545,1,2.30499667957982e-16,3.76434524825386,0.000199891882592181,363.606878072683
92.1791357011158,2.23393944728085e-14,364.829998140885,3745.70824709519,2.63982282032344e-16,4.31115783287293,65.782990843387,1,2.29358480767249e-16,3.74570824709519,-0.000105390782337286,364.829998140885
92.4623209549581,2.24140113196796e-14,366.048583726918,3727.08756732608,2.62999544539944e-16,4.29510851166319,65.7171418583345,1,2.28218292973389e-16,3.72708756732608,-0.000393398242340769,366.048583726918
92.7455062088004,2.24883492461615e-14,367.262614197314,3708.48806340962,2.620124286727e-16,4.2789876861659,65.6514824207486,1,2.27079401826538e-16,3.70848806340962,-0.000657724397269338,367.262614197314
93.0293962471091,2.25625909962482e-14,368.47507398798,3689.85817300971,2.61018618939845e-16,4.26275754154711,65.5858017872542,1,2.25938650044202e-16,3.68985817300971,-0.000893429300210305,368.47507398798
93.3132862854178,2.26365500291044e-14,369.682916655885,3671.24978145151,2.60020714246409e-16,4.24646052114692,65.520313405268,1,2.24799214686251e-16,3.67124978145151,-0.0010950203280536,369.682916655885
93.5971763237265,2.27102252035334e-14,370.886123563875,3652.65696960484,2.59018859514044e-16,4.23009899171554,65.4549635228819,1,2.23660733310492e-16,3.65265696960484,-0.00125886862881316,370.886123563875
93.8810663620352,2.27836154178978e-14,372.084676720841,3634.08578817005,2.58013199214862e-16,4.21367531266159,65.3898059292548,1,2.22523576415467e-16,3.63408578817005,-0.00138266052253948,372.084676720841
94.1956547147465,2.28646075176067e-14,373.407378086905,3613.52568355067,2.56894516809385e-16,4.19540584253753,65.3177725701362,1,2.21264633099854e-16,3.61352568355067,-0.00147167915617268,373.407378086905
94.5102430674578,2.2945247009492e-14,374.724320930204,3592.98733995019,2.55771515712133e-16,4.17706584282441,65.2459312821106,1,2.20007022262348e-16,3.59298733995019,-0.00150984895185349,374.724320930204
94.8248314201691,2.3025532563188e-14,376.035483524217,3572.47588453287,2.54644370681863e-16,4.15865816754931,65.1743276154229,1,2.18751057851214e-16,3.57247588453287,-0.0014985510751419,376.035483524217
95.1394197728804,2.31054628997149e-14,377.34084498162,3551.97836644071,2.53513246040575e-16,4.14018550029415,65.1028471183012,1,2.17495946855113e-16,3.55197836644071,-0.00144080504989474,377.34084498162
95.4673680231541,2.31884082187439e-14,378.69544483991,3530.64652327353,2.52330030347551e-16,4.12086212160491,65.0286502882384,1,2.16189748182383e-16,3.53064652327353,-0.0013358203233633,378.69544483991
95.7953162734277,2.32709648526914e-14,380.0436969891,3509.32578582015,2.51142867326178e-16,4.10147427815161,64.9545512617372,1,2.14884229538496e-16,3.50932578582015,-0.0011911207779775,380.0436969891
96.1232645237014,2.33531315346627e-14,381.385580739232,3488.0422646001,2.49951929759738e-16,4.08202479169935,64.880778899375,1,2.1358098973166e-16,3.4880422646001,-0.00101380015481074,381.385580739232
96.451212773975,2.34349070530088e-14,382.721076302574,3466.77465467491,2.48757376792804e-16,4.06251626127629,64.807145193588,1,2.1227872421064e-16,3.46677465467491,-0.000811631212261452,382.721076302574
96.7850357085329,2.35177445185552e-14,384.073914779823,3445.152544466,2.47537877160272e-16,4.04260032088628,64.7324231749484,1,2.10954751807732e-16,3.445152544466,-0.000588754159158206,384.073914779823
97.1188586430908,2.36001743131899e-14,385.420095485838,3423.55872243207,2.46314966424857e-16,4.02262867295863,64.6579480189579,1,2.09632511555972e-16,3.42355872243207,-0.000357562081459104,385.420095485838
97.4526815776488,2.3682195326701e-14,386.75960028948,3401.97908052658,2.45088808321175e-16,4.00260399148252,64.5835966088108,1,2.08311139586657e-16,3.40197908052658,-0.000126769555135972,386.75960028948
97.7865045122067,2.37638065025468e-14,388.092411936113,3380.43998089566,2.43859572913782e-16,3.98252905382298,64.5095987312381,1,2.06992250115681e-16,3.38043998089566,9.56592609718012e-05,388.092411936113
98.0939703493663,2.38386106002342e-14,389.314055560045,3360.6103907438,2.42724800921636e-16,3.96399682080793,64.4415204607245,1,2.05778037910286e-16,3.3606103907438,0.00028689204375455,389.314055560045
98.4014361865258,2.39130654259559e-14,390.529995139907,3340.81222979284,2.41587650213872e-16,3.94542574041878,64.3737146233321,1,2.04565750188407e-16,3.34081222979284,0.000459675531832234,390.529995139907
98.7089020236854,2.39871702664075e-14,391.740219026552,3321.02699383319,2.40448233671257e-16,3.92681765613835,64.30602000864,1,2.03354253893989e-16,3.32102699383319,0.000609687865397854,391.740219026552
99.016367860845,2.40609244409517e-14,392.94471610433,3301.26736848226,2.39306661052072e-16,3.90817436045538,64.2385457794777,1,2.02144325797071e-16,3.30126736848226,0.000733702911829152,392.94471610433
99.3404311477999,2.41382796879069e-14,394.208023157581,3280.46165318766,2.38101245956727e-16,3.88848843801335,64.1676064263418,1,2.00870343165095e-16,3.28046165318766,0.000833792568895173,394.208023157581
99.6644944347547,2.42152439515267e-14,395.464944968399,3259.67579847379,2.36893670357867e-16,3.86876723187128,64.0968382500541,1,1.99597576642951e-16,3.25967579847379,0.000900727739579278,395.464944968399
99.9885577217096,2.42918165501021e-14,396.71547040363,3238.92013038917,2.35684045515232e-16,3.84901255903865,64.0263300804749,1,1.98326658518751e-16,3.23892013038917,0.000933986702332708,396.71547040363
100.312621008665,2.43679968347873e-14,397.959588866819,3218.17450459108,2.34472471065997e-16,3.82922604671397,63.9559084081938,1,1.97056355307254e-16,3.21817450459108,0.000934361629389727,397.959588866819
100.671576068722,2.44519207330325e-14,399.330170136514,3195.2392263867,2.33128312265644e-16,3.8072742676167,63.8782813573875,1,1.95651974555227e-16,3.1952392263867,0.00089864565939364,399.330170136514
101.030531128779,2.45353617549895e-14,400.69286543797,3172.32215359313,2.31782041285893e-16,3.78528799401213,63.8008090531686,1,1.94248708563103e-16,3.17232215359313,0.00082853392035408,400.69286543797
101.389486188836,2.46183191659899e-14,402.047662773138,3149.43131372081,2.30433778259168e-16,3.76326918781162,63.7235597008798,1,1.92847048874132e-16,3.14943131372081,0.000728881964432316,402.047662773138
101.748441248894,2.47007922776311e-14,403.394550899553,3126.57639168501,2.29083674283552e-16,3.74122031663414,63.6466161498616,1,1.91447588518337e-16,3.12657639168501,0.000605509871536431,403.394550899553
102.124285497078,2.47866261200058e-14,404.79632392398,3102.66662175675,2.27668218691555e-16,3.71810417256741,63.5662267963466,1,1.89983537357787e-16,3.10266662175675,0.000457877911786389,404.79632392398
102.500129745263,2.48719276397146e-14,406.189403459535,3078.79048652033,2.26251015513271e-16,3.69495948825075,63.4861236491162,1,1.88521545728122e-16,3.07879048652033,0.000299126515062917,406.189403459535
102.875973993448,2.49566962052259e-14,407.573779192527,3054.94845059639,2.2483220201885e-16,3.67178850547581,63.4063089105855,1,1.87061642079152e-16,3.05494845059639,0.000137106094269879,407.573779192527
103.251818241633,2.50409312324676e-14,408.949441584334,3031.12839505617,2.23411893853514e-16,3.64859311287241,63.3266794201165,1,1.85603084340509e-16,3.03112839505617,-2.09099528567042e-05,408.949441584334
103.59185522591,2.5116680894787e-14,410.186527450596,3009.60917170537,2.2212571245757e-16,3.62758817664362,63.2549004591924,1,1.84285411940675e-16,3.00960917170537,-0.000154871340168862,410.186527450596
103.931892210187,2.51919930287136e-14,411.416467935951,2988.11366769761,2.20838493639393e-16,3.60656629802404,63.1833210147965,1,1.82969191931717e-16,2.98811366769761,-0.000275557309880226,411.416467935951
104.271929194464,2.52668672963781e-14,412.639257522576,2966.6352514935,2.19550318974532e-16,3.58552880924347,63.1118853053791,1,1.81654018248961e-16,2.9666352514935,-0.000379212146297501,412.639257522576
104.611966178741,2.53413033889317e-14,413.854891166584,2945.19360635265,2.18261285492993e-16,3.56447729492217,63.0407587611554,1,1.80341096144451e-16,2.94519360635265,-0.000463120076067584,413.854891166584
104.964006960779,2.541790523541e-14,415.105894256318,2923.00972077605,2.16925929328632e-16,3.54266927378024,62.9672442328741,1,1.7898272492125e-16,2.92300972077605,-0.000527253094007146,415.105894256318
105.316047742817,2.54940368467175e-14,416.349217822926,2900.85697992307,2.15589814128171e-16,3.52084885663805,62.8939899728169,1,1.77626260762352e-16,2.90085697992307,-0.0005669800204945,416.349217822926
105.668088524855,2.55696979704222e-14,417.584857743879,2878.73076378203,2.14253022428088e-16,3.49901739141864,62.8209557155449,1,1.76271420773634e-16,2.87873076378203,-0.000582088035125573,417.584857743879
106.020129306893,2.5644888379236e-14,418.812810307281,2856.62041800183,2.12915621473579e-16,3.47717597631937,62.7480531042899,1,1.74917552564246e-16,2.85662041800183,-0.00057350501405778,418.812810307281
106.414774413046,2.57286185461978e-14,420.180227705018,2831.87988119702,2.11415739988265e-16,3.45268105278128,62.6667069696178,1,1.73402631603886e-16,2.83187988119702,-0.000537966092769399,420.180227705018
106.8094195192,2.5811756679508e-14,421.537976459485,2807.16580764133,2.09915302990234e-16,3.42817705703204,62.585580716678,1,1.71889331050192e-16,2.80716580764133,-0.000478420799365753,421.537976459485
107.204064625354,2.58943025786793e-14,422.886053296476,2782.47741998008,2.08414401073339e-16,3.40366546858156,62.5046675864623,1,1.7037760330392e-16,2.78247741998008,-0.000399310835776691,422.886053296476
107.598709731508,2.59762560789056e-14,424.224455524503,2757.82916707374,2.06913131482758e-16,3.3791478755641,62.4240858917754,1,1.68868333102603e-16,2.75782916707374,-0.000305794879648312,424.224455524503
108.015126302115,2.60620882630264e-14,425.626201467588,2731.8550028679,2.0532875176028e-16,3.35327299108998,62.3393362671103,1,1.67277874249843e-16,2.7318550028679,-0.000197542664004154,425.626201467588
108.431542872722,2.61472606367236e-14,427.017171888717,2705.9112877624,2.03744157441456e-16,3.32739460199154,62.2548364924639,1,1.65689279866746e-16,2.7059112877624,-8.60448591979802e-05,427.017171888717
108.847959443329,2.62317731306384e-14,428.397365655176,2679.99971581269,2.02159436033022e-16,3.30151413736226,62.1706007543465,1,1.64102653684291e-16,2.67999971581269,2.22901871674865e-05,428.397365655176
109.264376013936,2.6315625713762e-14,429.76678226055,2654.13428999186,2.00574695808511e-16,3.27563336544314,62.0867439906036,1,1.62518853137288e-16,2.65413428999186,0.0001219402285543,429.76678226055
109.636147440298,2.63899306671854e-14,430.980274240036,2631.06677681367,1.99159931308905e-16,3.25252850777167,62.0120803148504,1,1.6110637532839e-16,2.63106677681367,0.000199756660348347,430.980274240036
110.00791886666,2.64637096692021e-14,432.18517678121,2608.01907528549,1.97745273694294e-16,3.22942539566465,61.9375783062723,1,1.59695110633181e-16,2.60801907528549,0.000264044688970511,432.18517678121
110.379690293023,2.6536962769979e-14,433.381490703361,2585.0083617279,1.96330771274963e-16,3.20632481808887,61.863375837052,1,1.58286110797961e-16,2.5850083617279,0.000312743775501822,433.381490703361
110.751461719385,2.66096900400671e-14,434.569217158674,2562.02473045197,1.94916494971005e-16,3.18322793325738,61.7893931231393,1,1.56878769274218e-16,2.56202473045197,0.000344793576468684,434.569217158674
110.906792794347,2.66399207417513e-14,435.062921983694,2552.42645654595,1.94325674433798e-16,3.17357910164948,61.758519467229,1,1.56291044503401e-16,2.55242645654595,0.000353174226199523,435.062921983694
111.06212386931,2.66700596747077e-14,435.555128111655,2542.83936392588,1.93734906473418e-16,3.16393112868631,61.7277366773305,1,1.55704004388886e-16,2.54283936392588,0.000358589968875006,435.555128111655
111.217454944273,2.67001068474093e-14,436.045835680933,2533.2522713058,1.93144196554283e-16,3.1542841036086,61.696953887432,1,1.55116964274371e-16,2.5332522713058,0.000361076447768899,436.045835680933
111.372786019235,2.67300622690517e-14,436.535044841699,2523.66989949576,1.9255354645287e-16,3.14463805542844,61.6662093822721,1,1.545302132261e-16,2.52366989949576,0.000360691295630213,436.535044841699
111.444319011985,2.67438264724558e-14,436.759831341998,2519.26106137975,1.92281561409928e-16,3.14019620259167,61.6520836294644,1,1.54260249751764e-16,2.51926106137975,0.000359569205491979,436.759831341998
111.515852004734,2.67575712204717e-14,436.984300111695,2514.85222326375,1.92009590776274e-16,3.13575458507643,61.6379578766567,1,1.53990286277428e-16,2.51485222326375,0.000357863584949337,436.984300111695
111.587384997484,2.67712965141266e-14,437.208451167566,2510.44338514774,1.91737634449204e-16,3.13131320120542,61.623832123849,1,1.53720322803091e-16,2.51044338514774,0.000355584383199793,437.208451167566
111.658917990234,2.67850023544401e-14,437.432284526263,2506.03454703174,1.91465692326739e-16,3.12687204931324,61.6097063710414,1,1.53450359328755e-16,2.50603454703174,0.000352742365335401,437.432284526263
111.678048469965,2.67886644893561e-14,437.49209172812,2504.85546609335,1.91392967675025e-16,3.12568436561922,61.6059286397122,1,1.53378161443899e-16,2.50485546609335,0.000351888387171213,437.49209172812
111.697178949696,2.67923252330242e-14,437.551876209174,2503.67638515496,1.91320244030078e-16,3.12449669836696,61.6021509083831,1,1.53305963559042e-16,2.50367638515496,0.000350995210495359,437.551876209174
111.716309429428,2.67959845854637e-14,437.611637969742,2502.49730421657,1.91247521389974e-16,3.12330904752502,61.598373177054,1,1.53233765674185e-16,2.50249730421657,0.000350063070256661,437.611637969742
111.735439909159,2.67996425466938e-14,437.671377010135,2501.31822327819,1.91174799752792e-16,3.12212141306205,61.5945954457248,1,1.53161567789329e-16,2.50131822327819,0.000349092205253724,437.671377010135
111.742080245646,2.68009119278842e-14,437.692107578185,2500.90895522606,1.91149557746801e-16,3.12170917982045,61.5932841661577,1,1.53136507348827e-16,2.50090895522606,0.000348746201138571,437.692107578185
111.748720582132,2.68021811414595e-14,437.712835408875,2500.49968717393,1.9112431586342e-16,3.12129694858122,61.5919728865905,1,1.53111446908326e-16,2.50049968717393,0.000348395570777948,437.712835408875
111.755360918619,2.68034501874207e-14,437.733560502217,2500.09041912181,1.91099074102806e-16,3.12088471934694,61.5906616070234,1,1.53086386467824e-16,2.50009041912181,0.000348040324482431,437.733560502217
111.762001255106,2.68047190657684e-14,437.754282858224,2499.68089190822,1.9107383245662e-16,3.12047249198141,61.6209493906623,1,1.5306131015826e-16,2.49968089190822,0.000347680472617143,437.754282858224
111.768641591592,2.68059877703185e-14,437.775002375899,2499.27129120167,1.91047245277265e-16,3.12003829039164,61.6601980309118,1,1.5303622934855e-16,2.49927129120167,0.000347316025601719,437.775002375899
111.775281928079,2.68072563108085e-14,437.79571921427,2498.86169049513,1.91023670641278e-16,3.11965328736868,61.6994466711612,2,1.5301114853884e-16,2.49886169049513,0.000346946993910358,437.79571921427
111.781922264565,2.68085247149435e-14,437.816433825796,2498.45208978858,1.91006733617654e-16,3.11937668478193,61.7386953114106,2,1.5298606772913e-16,2.49845208978858,0.000346573388071219,437.816433825796
111.788562601052,2.68097930155232e-14,437.837146746134,2498.04211354319,1.90993485272064e-16,3.11916032287908,61.7649564307535,2,1.52960963924298e-16,2.49804211354319,0.000346195218666155,437.837146746134
111.794254615562,2.68108801189815e-14,437.854900492914,2497.69037058003,1.90981457009304e-16,3.11896388644094,61.7765254179616,2,1.529394258796e-16,2.49769037058003,0.000345867432075667,437.854900492914
111.799946630071,2.68119671539662e-14,437.872653121434,2497.33862761687,1.90969425739807e-16,3.11876740089906,61.7880944051697,2,1.52917887834902e-16,2.49733862761687,0.000345536306854576,437.872653121434
111.805638644581,2.68130541204602e-14,437.890404631417,2496.98688465372,1.90957391464524e-16,3.11857086626898,61.7996633923778,2,1.52896349790205e-16,2.49698688465372,0.000345201849761617,437.890404631417
111.811330659091,2.68141410184464e-14,437.908155022581,2496.63514169056,1.90945354184406e-16,3.1183742825662,61.8112323795859,2,1.52874811745507e-16,2.49663514169056,0.0003448640675841,437.908155022581
111.839790731639,2.68195744801619e-14,437.996890186374,2494.87628892394,1.90885122752185e-16,3.11739062863001,61.7733462832582,2,1.52767113074966e-16,2.49487628892394,0.000343125519865329,437.996890186374
111.868250804187,2.68250062266187e-14,438.085597337865,2493.11991817967,1.90824816418143e-16,3.11640575145425,61.6376287695408,2,1.52659566384462e-16,2.49311991817967,0.000341304879503188,438.085597337865
111.896710876735,2.68304362556926e-14,438.174276442367,2491.36871194902,1.90764435635649e-16,3.11541965844302,61.4116089714487,2,1.52552335929212e-16,2.49136871194902,0.000339403026620057,438.174276442367
111.925170949283,2.68358645652761e-14,438.262927465458,2489.62512793685,1.90703981181719e-16,3.11443236228592,61.1031095660799,2,1.52445572200234e-16,2.48962512793685,0.000337420858250809,438.262927465458
112.067471312024,2.68629802489947e-14,438.705760186493,2481.09305211481,1.90400640779113e-16,3.10947843756546,58.5951482543958,2,1.51923133232957e-16,2.48109305211481,0.000326337523843074,438.705760186493
112.209771674765,2.68900526488802e-14,439.147886028888,2472.99454674319,1.90095680670514e-16,3.10449806103875,55.1331654757284,2,1.51427242798896e-16,2.47299454674319,0.000313390373721884,439.147886028888
112.352072037505,2.69170815518165e-14,439.589301512195,2465.4147714906,1.89789342123275e-16,3.09949517290069,51.3835202319023,2,1.50963115423828e-16,2.4654147714906,0.00029870904191808,439.589301512195
112.494372400246,2.69440667802811e-14,440.03000373725,2458.36564150352,1.89481884890768e-16,3.09447401524574,47.7454571765345,2,1.50531480700056e-16,2.45836564150352,0.000282430759084152,440.03000373725
112.920861078553,2.70246813893418e-14,441.346540213185,2440.0129600366,1.88556240373127e-16,3.07935709307217,38.8843409529633,2,1.49407703069344e-16,2.4400129600366,0.000225477887808665,441.346540213185
113.347349756861,2.71049006528705e-14,442.65662020661,2424.75643656451,1.87628248835416e-16,3.06420184115208,33.0999693378867,2,1.48473510437533e-16,2.42475643656451,0.000159710236780361,442.65662020661
113.773838435168,2.71847243280114e-14,443.960239751387,2411.48072152886,1.86701636312778e-16,3.04906911025721,29.4273626211943,2,1.47660607341293e-16,2.41148072152886,8.9532764516261e-05,443.960239751387
114.200327113475,2.72641534608062e-14,445.257415930676,2399.46943269449,1.85778747612974e-16,3.03399719400434,27.0690537655586,2,1.46925128020061e-16,2.39946943269449,1.91937569325741e-05,445.257415930676
114.620586234503,2.7342038427815e-14,446.529373968912,2388.43567782575,1.84874207605417e-16,3.0192249346364,25.5457129137348,2,1.46249505390932e-16,2.38843567782575,-4.64598202535845e-05,446.529373968912
115.040845355531,2.74195444079534e-14,447.795142681856,2378.07020649437,1.83975479352049e-16,3.00454758841716,23.1710700144476,2,1.45614803326551e-16,2.37807020649437,-0.000104949908909921,447.795142681856
115.461104476559,2.74966741342683e-14,449.054766703551,2369.18665912976,1.83083847753234e-16,2.98998613936204,19.2305548581434,2,1.45070842934294e-16,2.36918665912976,-0.000153418488987019,449.054766703551
115.881363597587,2.7573430972934e-14,450.308301007796,2361.72174436829,1.82201102486529e-16,2.97556981512358,16.5200244164954,2,1.44613748735866e-16,2.36172174436829,-0.000190000670565954,450.308301007796
116.2986288964,2.76492761177835e-14,451.546946222111,2355.18521460642,1.81335130929083e-16,2.96142742634588,14.9590036560463,2,1.44213501723346e-16,2.35518521460642,-0.000213525274193826,451.546946222111
116.715894195213,2.7724762224551e-14,452.779727899572,2349.14381175748,1.80480189759758e-16,2.94746517747672,14.0829141446213,2,1.4384357249028e-16,2.34914381175748,-0.00022375342018527,452.779727899572
117.133159494027,2.77998939500084e-14,454.006722091035,2343.37915738806,1.79636574867217e-16,2.93368790074473,13.5952463127595,2,1.43490589214196e-16,2.34337915738806,-0.000220957170852075,454.006722091035
117.55042479284,2.78746760256258e-14,455.228006067272,2337.76837084317,1.78804340406631e-16,2.92009648057092,13.3242275770254,2,1.4314702762505e-16,2.33776837084317,-0.000206262548122434,455.228006067272
118.027243424926,2.79597092603019e-14,456.616704175744,2331.45909967318,1.77867131250233e-16,2.90479069351377,13.1583911142158,2,1.42760696187886e-16,2.33145909967318,-0.000177083433313641,456.616704175744
118.504062057011,2.80442990414071e-14,457.998160137806,2325.2074949651,1.76944308591895e-16,2.8897198557999,13.0729554227856,2,1.42377895803122e-16,2.3252074949651,-0.000137656674751282,457.998160137806
118.980880689097,2.81284521700956e-14,459.372485024739,2319.00583280461,1.76035609269917e-16,2.87487966967259,12.7797115786433,2,1.41998153517411e-16,2.31900583280461,-9.15567519575119e-05,459.372485024739
119.457699321183,2.82121753975597e-14,460.739789091877,2313.17005274457,1.75141047641811e-16,2.86027036960781,11.6953503482539,2,1.41640815048857e-16,2.31317005274457,-4.2572083726314e-05,460.739789091877
119.948801520887,2.82979643776512e-14,462.140829459618,2307.64532521832,1.74234783868031e-16,2.84546995900107,10.8782740199961,2,1.41302523054798e-16,2.30764532521832,7.07040621173235e-06,462.140829459618
120.439903720592,2.83833121172963e-14,463.534663824016,2302.42191339981,1.73344063382784e-16,2.83092338955971,10.4442112248448,2,1.4098268132659e-16,2.30242191339981,5.21462436516035e-05,463.534663824016
120.931005920297,2.84682262320676e-14,464.921416556811,2297.3506205861,1.72468847698736e-16,2.81663003273785,10.2345445685055,2,1.40672154200998e-16,2.2973506205861,8.94838592832664e-05,464.921416556811
121.422108120002,2.85527142778716e-14,466.301211055321,2292.3514019709,1.71608913765926e-16,2.8025862458532,10.1371692404252,2,1.40366040347231e-16,2.2923514019709,0.00011705854816909,466.301211055321
121.872898961441,2.86298985869228e-14,467.561726480746,2287.79229237068,1.70832717165282e-16,2.78990999338295,10.0949496769721,2,1.40086875398287e-16,2.28779229237068,0.000132828583622658,467.561726480746
122.32368980288,2.87067357774389e-14,468.816573030291,2283.2468421075,1.70068824266809e-16,2.77743467561778,10.0740239161208,2,1.39808546842513e-16,2.2832468421075,0.000138979394302143,468.816573030291
122.774480644319,2.87832313291927e-14,470.065840195438,2278.70826590441,1.69316946633544e-16,2.76515558202462,10.0631357701506,2,1.39530639201523e-16,2.27870826590441,0.000135748729697242,470.065840195438
123.225271485759,2.88593905950558e-14,471.309615395212,2274.17341500899,1.68576795482859e-16,2.75306799642524,10.0569350370272,2,1.39252959669838e-16,2.27417341500899,0.000124113267834752,471.309615395212
123.749544833486,2.89475483715603e-14,472.749341144152,2268.90211357983,1.67730363391285e-16,2.73924471134151,10.0523213277612,2,1.3893018554871e-16,2.26890211357983,0.000101913858949187,472.749341144152
124.273818181214,2.90352663448127e-14,474.181884360914,2263.63288583991,1.66898965465509e-16,2.72566695281791,10.0488950514983,2,1.38607538404426e-16,2.26363288583991,7.29433638058971e-05,474.181884360914
124.798091528941,2.91225522818214e-14,475.607371890371,2258.36531001457,1.66082173549197e-16,2.71232772853087,10.04593146722,2,1.38284992410738e-16,2.25836531001457,4.02305138663352e-05,475.607371890371
125.322364876669,2.92094137344602e-14,477.025927063982,2253.09922988831,1.65279570928545e-16,2.6992202330275,10.0431508136682,2,1.37962538002204e-16,2.25309922988831,6.89122674091152e-06,477.025927063982
125.858256752615,2.92977690792548e-14,478.468879347956,2247.71793742696,1.64473424468679e-16,2.6860548622377,10.0403828075984,2,1.37633028872801e-16,2.24771793742696,-2.4898649211216e-05,478.468879347956
126.394148628561,2.93856961802797e-14,479.904837880427,2242.33811594072,1.63681260587786e-16,2.67311784429187,10.0376442934544,2,1.37303609814645e-16,2.24233811594072,-5.16635873966195e-05,479.904837880427
126.930040504507,2.94732024187851e-14,481.333923206356,2236.95975833918,1.62902671895429e-16,2.66040252599931,10.0349179667055,2,1.36974280393576e-16,2.23695975833918,-7.12942827540288e-05,481.333923206356
127.465932380453,2.95602949671235e-14,482.75625245915,2231.58284382968,1.62137262598779e-16,2.64790244357255,10.0321971427812,2,1.36645039336409e-16,2.23158284382968,-8.28210049565064e-05,482.75625245915
127.965390924278,2.96411000826494e-14,484.075900141767,2226.57281096517,1.61435418370942e-16,2.63644045749909,10.029664570844,2,1.36338263300851e-16,2.22657281096517,-8.61530982073511e-05,484.075900141767
128.464849468104,2.97215573677854e-14,485.389867323031,2221.5640633744,1.60744386789045e-16,2.62515505533451,10.0271337211199,2,1.36031565965612e-16,2.2215640633744,-8.25241187274543e-05,485.389867323031
128.96430801193,2.9801672147956e-14,486.698240973726,2216.55657575161,1.60063874055626e-16,2.61404143900214,10.0246050415113,2,1.35724945781161e-16,2.21655657575161,-7.27076847283986e-05,486.698240973726
129.463766555755,2.98814496077255e-14,488.001105764211,2211.55030803223,1.59393594375493e-16,2.6030949411123,10.0220775025377,2,1.35418400294251e-16,2.21155030803223,-5.8036171270375e-05,488.001105764211
130.04192395822,2.99733828589691e-14,489.502489694788,2205.75682301862,1.58630113482202e-16,2.59062635190238,10.0191541894392,2,1.35063651650359e-16,2.20575682301862,-3.70455922925044e-05,489.502489694788
130.620081360684,3.0064878451565e-14,490.996726117234,2199.96505643117,1.57879554181484e-16,2.57836878831359,10.0162329146847,2,1.34709008229723e-16,2.19996505643117,-1.42243548719498e-05,490.996726117234
131.198238763149,3.01559437359001e-14,492.483935072477,2194.1749262265,1.57141511440625e-16,2.56631563565973,10.0133133877243,2,1.34354465008633e-16,2.1941749262265,7.85692587628183e-06,492.483935072477
131.776396165613,3.02465858391728e-14,493.9642329565,2188.38645435476,1.5641559252134e-16,2.55446048003787,10.010396743267,2,1.34000023331149e-16,2.18838645435476,2.70310754146462e-05,493.9642329565
132.331028242286,3.03331483987836e-14,495.37790683653,2182.83519781736,1.55730252621214e-16,2.54326803009063,10.0075997822013,2,1.3366010690366e-16,2.18283519781736,4.1208636760645e-05,495.37790683653
132.885660318959,3.04193337674713e-14,496.785420721312,2177.28542246801,1.55055395351749e-16,2.53224677449375,10.0048055546578,2,1.33320281172782e-16,2.17728542246801,5.0170762785027e-05,496.785420721312
133.440292395632,3.05051476695606e-14,498.186868096163,2171.7371804384,1.54390705651723e-16,2.52139156790702,10.0020127068124,2,1.3298054933066e-16,2.1717371804384,5.34025231097575e-05,498.186868096163
133.994924472304,3.05905956624821e-14,499.582339720815,2166.19056256497,1.53735877669747e-16,2.5106974153982,9.99922202144174,2,1.3264091693942e-16,2.16619056256497,5.12303730394786e-05,499.582339720815
134.581686877493,3.06806013929856e-14,501.052244848827,2160.32425482823,1.53053521166309e-16,2.49955368801634,9.99627198718495,2,1.32281709189789e-16,2.16032425482823,4.39752920212349e-05,501.052244848827
135.168449282683,3.07702097984242e-14,502.515661166102,2154.45964346329,1.52381530576981e-16,2.48857924885894,9.99332337391612,2,1.31922605312974e-16,2.15445964346329,3.27490112644854e-05,502.515661166102
135.755211687872,3.08594268619022e-14,503.972686384151,2148.59681585487,1.51719576967532e-16,2.47776872602231,9.99037792235547,2,1.31563610659743e-16,2.14859681585487,1.90664380240055e-05,503.972686384151
136.341974093061,3.0948258382759e-14,505.423415213372,2142.73573220564,1.51067341626214e-16,2.46711691454864,9.98743362534674,2,1.31204722793215e-16,2.14273573220564,4.65967991218288e-06,505.423415213372
137.00415966214,3.10480523793655e-14,507.053174857965,2136.12329823111,1.50342553372027e-16,2.45528022408913,9.98411435809561,2,1.30799827988141e-16,2.13612329823111,-1.0550288885858e-05,507.053174857965
137.66634523122,3.11473702789221e-14,508.67515924768,2129.51306075372,1.4962932201648e-16,2.44363227210747,9.98079698579087,2,1.30395067679726e-16,2.12951306075372,-2.27154853296315e-05,508.67515924768
138.3285308003,3.1246219593252e-14,510.289491059901,2122.90501905324,1.48927235232738e-16,2.43216632479548,9.97748313701304,2,1.2999044182387e-16,2.12290501905324,-3.03331427823448e-05,510.289491059901
138.99071636938,3.13446075761326e-14,511.896288757802,2116.29917031285,1.48235895123135e-16,2.42087588399108,9.97417121686946,2,1.29585950248091e-16,2.11629917031285,-3.30086577230087e-05,511.896288757802
139.587448506776,3.14328810575868e-14,513.33790411197,2110.3481397462,1.47621777952408e-16,2.41084658948503,9.97118964610058,2,1.29221554721338e-16,2.1103481397462,-3.1493191716908e-05,513.33790411197
140.184180644172,3.15207905178002e-14,514.773574548126,2104.39886171328,1.47015805644114e-16,2.40095031067688,9.96820966807144,2,1.28857266506325e-16,2.10439886171328,-2.66708476055638e-05,514.773574548126
140.780912781568,3.16083407366612e-14,516.20337812777,2098.45141217618,1.46417716272209e-16,2.39118276998969,9.96523232206071,2,1.2849309025439e-16,2.09845141217618,-1.93211002299301e-05,516.20337812777
141.377644918964,3.16955363453983e-14,517.627390484603,2092.50575621679,1.45827256149831e-16,2.38153982440262,9.96225710234366,2,1.28129023827415e-16,2.09250575621679,-1.0553179156391e-05,517.627390484603
142.081883009436,3.17979908355276e-14,519.300599285714,2085.491179,1.45139900451553e-16,2.37031445397326,9.95874851815353,2,1.27699504850619e-16,2.085491179,1.4526725370244e-07,519.300599285714
142.786121099908,3.18999647681634e-14,520.965959987376,2078.47906521351,1.4446244075415e-16,2.35925069750284,9.95524303105143,2,1.27270136715425e-16,2.07847906521351,9.6165467202895e-06,520.965959987376
143.49035919038,3.20014649761726e-14,522.623584178774,2071.46941273487,1.4379450343382e-16,2.34834245325158,9.95174068407874,2,1.2684091929187e-16,2.07146941273487,1.64436383858012e-05,522.623584178774
144.194597280852,3.21024980447772e-14,524.273579404742,2064.46226063949,1.43135728425812e-16,2.33758384091591,9.94824117074897,2,1.26411854972633e-16,2.06446226063949,1.99654040966158e-05,524.273579404742
144.847866767632,3.21958068172546e-14,525.797427301824,2057.96442664798,1.42532521096644e-16,2.32773271764366,9.94499794730227,2,1.26013977392678e-16,2.05796442664798,2.02649875682618e-05,525.797427301824
145.501136254412,3.22887239368639e-14,527.314879022173,2051.46871766891,1.41936634666133e-16,2.31800115371966,9.94175700289417,2,1.25616229932208e-16,2.05146871766891,1.78830980424592e-05,527.314879022173
146.154405741192,3.23812540996928e-14,528.826011258722,2044.97514040095,1.41347812926456e-16,2.30838496495263,9.93851897275198,2,1.25218613001396e-16,2.04497514040095,1.33184988743074e-05,528.826011258722
146.807675227972,3.24734018435303e-14,530.330898119189,2038.48367639864,1.40765808329309e-16,2.29888010857196,9.93528331713064,2,1.24821125470786e-16,2.03848367639864,7.47748087163317e-06,530.330898119189
147.572414560538,3.25807931120946e-14,532.084730630557,2030.88723794261,1.40092835333866e-16,2.28788962550515,9.93149912861657,2,1.24355977768781e-16,2.03088723794261,2.40898920040291e-07,532.084730630557
148.337153893103,3.26876730589473e-14,533.830212624664,2023.29370270979,1.39428510859359e-16,2.27704038350379,9.92771805336276,2,1.23891007837927e-16,2.02329370270979,-6.17178326312372e-06,533.830212624664
149.101893225668,3.27940481579025e-14,535.567449826921,2015.7030114277,1.3877248273761e-16,2.26632663122508,9.92394120594587,2,1.23426212048831e-16,2.0157030114277,-1.06216051631088e-05,535.567449826921
149.866632558233,3.28999246309687e-14,537.296543850437,2008.11519212764,1.38124412691943e-16,2.25574284419165,9.92016692497372,2,1.22961592117914e-16,2.00811519212764,-1.25975544140809e-05,537.296543850437
150.586143652575,3.29990894358755e-14,538.916028014783,2000.97882948794,1.37521646698083e-16,2.24589892847196,9.9166201489851,2,1.22524615934701e-16,2.00097882948794,-1.22656462994385e-05,538.916028014783
151.305654746917,3.30978228957113e-14,540.528467779531,1993.84500433353,1.3692538017102e-16,2.2361611571002,9.91307561258257,2,1.2208779512765e-16,1.99384500433353,-1.00384215143459e-05,540.528467779531
152.025165841259,3.31961295942239e-14,542.133938002963,1986.71371504774,1.36335364569378e-16,2.22652547108766,9.90953482123349,2,1.21651129597768e-16,1.98671371504774,-6.38442854339644e-06,542.133938002963
152.744676935601,3.32940139472692e-14,543.732510801477,1979.58495890462,1.35751360970798e-16,2.21698796853613,9.90599673231437,2,1.21214619178139e-16,1.97958495890462,-2.1289666543681e-06,543.732510801477
153.584306752965,3.34077112641835e-14,545.589328897822,1971.26930469912,1.35077156142111e-16,2.20597736810576,9.90187199592242,2,1.20705432212861e-16,1.97126930469912,2.61289673571641e-06,545.589328897822
154.423936570328,3.35208456788338e-14,547.436954102559,1962.95713992552,1.34410477046897e-16,2.19508967223004,9.89775199273601,2,1.20196458913662e-16,1.96295713992552,6.20072804000382e-06,547.436954102559
155.263566387692,3.36334233638806e-14,549.275487222886,1954.64841391519,1.33750990625482e-16,2.18431944163174,9.8936353735389,2,1.19687696177984e-16,1.95464841391519,7.88045453047964e-06,549.275487222886
156.103196205056,3.37454502327088e-14,551.10502483171,1946.34315113203,1.33098378258369e-16,2.17366147285956,9.88952363640592,2,1.19179145503811e-16,1.94634315113203,7.60118371841627e-06,551.10502483171
156.887973794414,3.38496654780316e-14,552.806988947328,1938.58355650527,1.32494346420847e-16,2.16379688434404,9.88568418339906,2,1.18704007367693e-16,1.93858355650527,5.97500724793922e-06,552.806988947328
157.672751383773,3.39534088653807e-14,554.501247037438,1930.82704012258,1.31895817612526e-16,2.15402216711557,9.88184813790884,2,1.18229057719664e-16,1.93082704012258,3.43342322342251e-06,554.501247037438
158.457528973131,3.40566846206976e-14,556.187868116901,1923.07346474942,1.31302565088277e-16,2.14433361814517,9.87801639887183,2,1.17754288156529e-16,1.92307346474942,5.0017710820894e-07,556.187868116901
159.24230656249,3.41594968040014e-14,557.866918490859,1915.32291862364,1.30714371240276e-16,2.13472768362739,9.87418741342199,2,1.172797040813e-16,1.91532291862364,-2.16422667520901e-06,557.866918490859
160.185808184273,3.4282494914094e-14,559.875630066771,1906.00873847677,1.30013616179766e-16,2.12328348500623,9.86958951830985,2,1.16709375036123e-16,1.90600873847677,-4.46612216540989e-06,559.875630066771
161.129309806055,3.44048350286277e-14,561.873595759719,1896.69896880124,1.29319528737134e-16,2.11194817684857,9.86499724188387,2,1.16139316054426e-16,1.89669896880124,-5.28519882665342e-06,561.873595759719
162.072811427838,3.452652327613e-14,563.860915656149,1887.39351506524,1.2863178229023e-16,2.10071642500986,9.86040952046478,2,1.15569521347806e-16,1.88739351506524,-4.3625268745223e-06,563.860915656149
163.016313049621,3.46475655029637e-14,565.837685234414,1878.09237208459,1.27950065965695e-16,2.08958315254291,9.8558272326824,2,1.14999990598823e-16,1.87809237208459,-2.32364500051528e-06,565.837685234414
163.892758679203,3.47594311732871e-14,567.664590271872,1869.45610269482,1.27321944461675e-16,2.07932514991786,9.85157584194176,2,1.14471171615585e-16,1.86945610269482,-2.16523268697707e-07,567.664590271872
164.769204308784,3.48707484136788e-14,569.482538768847,1860.82361110534,1.26698547941517e-16,2.06914431213521,9.84732831038202,2,1.13942583955899e-16,1.86082361110534,1.66939971676966e-06,569.482538768847
165.645649938366,3.49815212671572e-14,571.291596752839,1852.19483886418,1.2607966283785e-16,2.0590371513751,9.84308542336306,2,1.13414224040613e-16,1.85219483886418,2.89610193857494e-06,571.291596752839
166.522095567947,3.50917536041079e-14,573.091827432042,1843.56971160404,1.25465085278119e-16,2.04900033814603,9.83884757968043,2,1.12886087316045e-16,1.84356971160404,3.25913760284138e-06,573.091827432042
167.476688435015,3.52112040469312e-14,575.042601204634,1834.17983461134,1.24800383206396e-16,2.03814492951415,9.83423629703298,2,1.1231112317587e-16,1.83417983461134,2.81086476290519e-06,575.042601204634
168.431281302082,3.53300222013274e-14,576.983048923584,1824.794364777,1.24140323400162e-16,2.02736533483113,9.82963036488648,2,1.11736428896314e-16,1.824794364777,1.65970765931213e-06,576.983048923584
169.385874169149,3.54482123850334e-14,578.913241102884,1815.41328007924,1.23484680149267e-16,2.01665786797045,9.82503029241225,2,1.11162003128932e-16,1.81541328007924,8.58160055711753e-08,578.913241102884
170.340467036216,3.55657787190258e-14,580.833245043192,1806.03657526591,1.22833238807582e-16,2.00601902349483,9.82043537109818,2,1.10587845552122e-16,1.80603657526591,-1.30222569910314e-06,580.833245043192
171.428900608083,3.56990725075262e-14,583.010097807486,1795.3505105834,1.22095328058822e-16,1.99396802643554,9.81520227902746,2,1.09933512806676e-16,1.7953505105834,-2.24297750526656e-06,583.010097807486
172.517334179949,3.58315658245068e-14,585.173877879795,1784.67012983899,1.21362331912747e-16,1.98199729092902,9.80997601086194,2,1.09279528102061e-16,1.78467012983899,-2.29698268593525e-06,585.173877879795
173.605767751816,3.59632638637461e-14,587.324670080959,1773.99550731511,1.20633982797525e-16,1.97010244719564,9.80475703792415,2,1.08625895986762e-16,1.77399550731511,-1.32904765302599e-06,587.324670080959
174.694201323683,3.60941715576653e-14,589.462554963529,1763.3265216244,1.19910027982908e-16,1.95827936783723,9.79954498449108,2,1.07972609027948e-16,1.7633265216244,4.68838542592816e-08,589.462554963529
175.731993862829,3.62182568084718e-14,591.489020894651,1753.15919181176,1.19223630272411e-16,1.94706964253561,9.79458174893791,2,1.07350039632401e-16,1.75315919181176,1.10546781182368e-06,591.489020894651
176.769786401974,3.63416315947641e-14,593.503884059739,1742.99700132762,1.18540817630645e-16,1.93591846584955,9.78962428415135,2,1.06727784929965e-16,1.74299700132762,1.68113820236976e-06,593.503884059739
177.80757894112,3.64642995360469e-14,595.507203569792,1732.83994389804,1.17861407134534e-16,1.92482285041848,9.78467294301065,2,1.06105844536471e-16,1.73283994389804,1.55810643734738e-06,595.507203569792
178.845371480266,3.65862640804485e-14,597.499035737018,1722.6880716295,1.17185225279245e-16,1.91377996269346,9.77972828181928,2,1.0548422164252e-16,1.7226880716295,9.02132361607034e-07,597.499035737018
179.919787105765,3.67117951013791e-14,599.549112886086,1712.18335955163,1.16488408351107e-16,1.90240007865468,9.7746157565002,2,1.04840993541413e-16,1.71218335955163,4.17897179592145e-08,599.549112886086
180.994202731265,3.6836579137022e-14,601.586990839628,1701.68410769578,1.15794706416919e-16,1.89107106632769,9.76950953677461,2,1.04198099782478e-16,1.70168410769578,-7.2831025933066e-07,601.586990839628
182.068618356764,3.69606194418458e-14,603.61272274715,1691.19030879376,1.15103958821763e-16,1.87979030201855,9.76440961346543,2,1.03555539920665e-16,1.69119030879376,-1.15936127238823e-06,603.61272274715
183.143033982264,3.70839191154377e-14,605.62635922875,1680.70198855871,1.14416013257335e-16,1.86855529834392,9.75931620957099,2,1.02913315530451e-16,1.68070198855871,-1.09650568586711e-06,605.62635922875
184.356092789279,3.72222429750583e-14,607.885359288472,1668.86688467368,1.13642482957846e-16,1.85592258987601,9.75357381638539,2,1.02188624425932e-16,1.66886688467368,-6.25953994957294e-07,607.885359288472
185.569151596295,3.73596304512327e-14,610.129067046007,1657.0387133569,1.1287214980352e-16,1.843342094751,9.74783975267011,2,1.01464357818789e-16,1.6570387133569,6.6106396035343e-08,610.129067046007
186.78221040331,3.74960853036558e-14,612.357543901834,1645.21743258898,1.12104833556974e-16,1.83081086946907,9.7421139286723,2,1.00740513136076e-16,1.64521743258898,8.01257583907816e-07,612.357543901834
187.995269210326,3.76316111001426e-14,614.570848122793,1633.40318904388,1.1134036457204e-16,1.81832614349802,9.73639658213133,2,1.00017099358983e-16,1.63340318904388,1.07618442848848e-06,614.570848122793
189.312670062974,3.77777457972531e-14,616.957408839111,1620.58053919043,1.10513179781739e-16,1.8048171906983,9.73019663764675,2,9.92319385040023e-17,1.62058053919043,8.197592987781e-07,616.957408839111
190.630070915622,3.79227927415287e-14,619.326205203524,1607.76605036697,1.09688978966063e-16,1.79135696990239,9.72400642596195,2,9.84472773679849e-17,1.60776605036697,1.74566205148582e-07,619.326205203524
191.94747176827,3.80667557374064e-14,621.677299347206,1594.95970980453,1.08867587346988e-16,1.77794262676857,9.71782592276461,2,9.76631151690556e-17,1.59495970980453,-7.84062255410063e-07,621.677299347206
193.264872620918,3.82096383911327e-14,624.01075016463,1582.16150476429,1.08048840942328e-16,1.76457148326449,9.71165510382375,2,9.68794511271873e-17,1.58216150476429,-1.24153804681929e-06,624.01075016463
194.580094616967,3.83512104560575e-14,626.322797442644,1569.39256971711,1.07233935282806e-16,1.75126306388857,9.7055041300557,2,9.6097579355485e-17,1.56939256971711,-9.50728533143746e-07,626.322797442644
195.895316613016,3.84917122930284e-14,628.617366571779,1556.63171786974,1.06421375097914e-16,1.73799294902021,9.69936276033413,2,9.53162025370211e-17,1.55663171786974,-2.10566940105498e-07,628.617366571779
197.210538609065,3.86311468924026e-14,630.894506388276,1543.8789366471,1.0561103041315e-16,1.72475901601475,9.69323097080226,2,9.45353199017944e-17,1.5438789366471,8.92590385091452e-07,630.894506388276
198.525760605114,3.87695170982684e-14,633.154263339622,1531.13421350364,1.04802779293416e-16,1.71155927352088,9.68710873768257,2,9.37549306816114e-17,1.53113421350364,1.42565442737132e-06,633.154263339622
199.804437402238,3.89030246184951e-14,635.334606607895,1518.75132909138,1.04018885779252e-16,1.69875732091366,9.68116579912846,2,9.29966976936276e-17,1.51875132909138,1.07839545135397e-06,635.334606607895
201.083114199362,3.90355309352933e-14,637.498598983336,1506.37602926973,1.03236768050896e-16,1.6859843690895,9.67523183899048,2,9.22389291278738e-17,1.50637602926973,2.54990452534093e-07,637.498598983336
202.361790996487,3.9167038255888e-14,639.646276512667,1494.00830280429,1.02456336487991e-16,1.6732389544369,9.66930683591369,2,9.14816242964423e-17,1.49400830280429,-9.18428442719896e-07,639.646276512667
203.640467793611,3.92975486896079e-14,641.777673643835,1481.64814738194,1.01677506943224e-16,1.66051970272597,9.66339076748067,2,9.07247830576951e-17,1.48164814738194,-1.51604616444567e-06,641.777673643835
204.888689295077,3.94239910154314e-14,643.842633531234,1469.58973691198,1.00918697733289e-16,1.64812740789512,9.6576241920302,2,8.99864183684527e-17,1.46958973691198,-1.21309435875392e-06,643.842633531234
206.136910796544,3.95494870486459e-14,645.892139287536,1457.5384942803,1.00161273073825e-16,1.63575772448939,9.65186607197109,2,8.9248492582721e-17,1.4575384942803,-3.97165003916999e-07,645.892139287536
207.38513229801,3.96740384736492e-14,647.926218421047,1445.49440936288,9.94051696349969e-17,1.62340961825412,9.64611638801791,2,8.85110050805825e-17,1.44549440936288,8.03434334059474e-07,647.926218421047
208.633353799476,3.97976469076878e-14,649.944897343405,1433.45747205625,9.8650328251751e-17,1.61108212295064,9.640375120942,2,8.77739552433771e-17,1.43345747205625,1.49887771521015e-06,649.944897343405
209.871952810784,3.99193718595296e-14,651.93281666719,1421.52044471971,9.79024990475252e-17,1.59886914522112,9.63468646753152,2,8.70430231274255e-17,1.42152044471971,1.33915435949713e-06,651.93281666719
211.110551822092,4.00401712595306e-14,653.905620582328,1409.59047875143,9.71558079697053e-17,1.58667475450634,9.62900610634662,2,8.6312523395576e-17,1.40959047875143,6.09091084554833e-07,653.905620582328
212.3491508334,4.01600464847761e-14,655.863331578331,1397.66751312881,9.64102079610686e-17,1.57449818230355,9.62333396714877,2,8.5582452311272e-17,1.39766751312881,-6.03841695738782e-07,655.863331578331
213.587749844708,4.0278998863363e-14,657.805971344666,1385.75153814859,9.56656550083331e-17,1.5623387098213,9.61767003150026,2,8.48528092803598e-17,1.38575153814859,-1.41862914859662e-06,657.805971344666
214.834025925124,4.0397758377551e-14,659.745461396338,1373.76880859788,9.49175024418014e-17,1.55012045118456,9.61197937688332,2,8.41190787108936e-17,1.37376880859788,-1.43677722198933e-06,659.745461396338
216.080302005541,4.05155861004185e-14,661.66973414093,1361.79320157872,9.41703294103729e-17,1.53791818957005,9.60629712701109,2,8.33857842707003e-17,1.36179320157872,-8.21598731279654e-07,661.66973414093
217.326578085957,4.06324832269275e-14,663.578809093648,1349.82464733321,9.34240994331118e-17,1.52573132919887,9.6006231314257,2,8.2652921688341e-17,1.34982464733321,4.02166214716899e-07,663.578809093648
218.572854166374,4.0748450914498e-14,665.472705156599,1337.86313599066,9.2678778271947e-17,1.51355931092089,9.59495737147182,2,8.19204903594103e-17,1.33786313599066,1.33523936657785e-06,665.472705156599
219.837344191643,4.08651646682121e-14,667.378785404314,1325.7340115089,9.19234603008098e-17,1.50122403234648,9.58921721069945,2,8.11777956857578e-17,1.3257340115089,1.52164335807092e-06,667.378785404314
221.101834216912,4.0980923883416e-14,669.269276855148,1313.61216451879,9.11690141371259e-17,1.48890299146826,9.58348556229532,2,8.04355466299484e-17,1.31361216451879,1.00911768329319e-06,669.269276855148
222.366324242181,4.10957296412904e-14,671.144197166119,1301.49758887432,9.04154110422034e-17,1.47659571894777,9.5777624136604,2,7.9693742815647e-17,1.30149758887432,-2.47000368717163e-07,671.144197166119
223.63081426745,4.12095829937508e-14,673.003563516314,1289.39023234694,8.96626235161662e-17,1.46430176567795,9.57204767691893,2,7.89523810447769e-17,1.28939023234694,-1.30052660072045e-06,673.003563516314
224.849167576699,4.13183822828428e-14,674.780390747932,1277.73144079623,8.8938049806501e-17,1.45246857899638,9.56654943903922,2,7.82384859570517e-17,1.27773144079623,-1.55550991829443e-06,674.780390747932
226.067520885947,4.14262992206983e-14,676.542808090315,1266.07930057029,8.82141885780874e-17,1.44064702801666,9.56105893816755,2,7.75249981455062e-17,1.26607930057029,-1.13141961191822e-06,676.542808090315
227.285874195195,4.15333346612839e-14,678.290829489792,1254.43393984051,8.74910203132578e-17,1.42883679399109,9.5555761322941,2,7.68119254583744e-17,1.25443393984051,5.47904466845521e-09,678.290829489792
228.504227504444,4.16394894397216e-14,680.024468584943,1242.79521844013,8.67685261935943e-17,1.41703756959159,9.55010102811292,2,7.60992593129172e-17,1.24279521844013,1.05552439566043e-06,680.024468584943
229.701276581379,4.17429310766244e-14,681.713798716289,1231.36645033194,8.60593051039742e-17,1.40545511022267,9.54472911493492,2,7.53994490988224e-17,1.23136645033194,1.46456739118149e-06,681.713798716289
230.898325658314,4.18455241122259e-14,683.389270136669,1219.94418809635,8.53507023919925e-17,1.39388274972697,9.53936472018684,2,7.47000372545305e-17,1.21994418809635,1.2357638469418e-06,683.389270136669
232.09537473525,4.19472692764391e-14,685.050894766465,1208.52831208631,8.46427035818735e-17,1.38232025169714,9.53400771831688,2,7.40010164537729e-17,1.20852831208631,2.94087603287838e-07,685.050894766465
233.292423812185,4.20481672858598e-14,686.698684308575,1197.11878592019,8.39352951321811e-17,1.37076739498474,9.52865806985779,2,7.33023844688166e-17,1.19711878592019,-7.13329677217439e-07,686.698684308575
234.467316383418,4.21463746451734e-14,688.302532199771,1185.92677429211,8.32415421088705e-17,1.35943754830906,9.52341495039371,2,7.26170714079992e-17,1.18592677429211,-1.25268089092445e-06,688.302532199771
235.642208954651,4.22437672402578e-14,689.893073981323,1174.74083287136,8.25483343431711e-17,1.34811660636592,9.51817884532056,2,7.19321300401803e-17,1.17474083287136,-1.24186269977259e-06,689.893073981323
236.817101525884,4.23403457040288e-14,691.470319989532,1163.5610847282,8.18556611883518e-17,1.33680439528104,9.51294995352949,2,7.12475679012403e-17,1.16356108472819,-5.6613764154589e-07,691.470319989532
237.991994097117,4.24361106601436e-14,693.03428040949,1152.38746243752,8.11635124711253e-17,1.325500748912,9.50772816295219,2,7.05633808625826e-17,1.15238746243752,3.1293984137573e-07,693.03428040949
239.161558474193,4.25306339431933e-14,694.577962769425,1141.27057481583,8.04750140589284e-17,1.31425671654812,9.50253696476834,2,6.98826678204631e-17,1.14127057481583,9.3739938183858e-07,694.577962769425
240.33112285127,4.26243522769893e-14,696.10849931043,1130.15981069672,7.97870174117289e-17,1.30302087862851,9.49735261996582,2,6.92023297347359e-17,1.13015981069672,1.1301738754303e-06,696.10849931043
241.500687228346,4.27172662422726e-14,697.625899516726,1119.05501594686,7.90995144527735e-17,1.29179310324978,9.49217514591449,2,6.85223571674555e-17,1.11905501594686,7.36665942096904e-07,697.625899516726
242.670251605422,4.28093764131941e-14,699.130172764908,1107.95638776118,7.84124972290051e-17,1.28057326052865,9.48700472748828,2,6.78427621933297e-17,1.10795638776118,3.84263173727227e-08,699.130172764908
243.85495914603,4.29018603052261e-14,700.640549341999,1096.72013777224,7.77170722361342e-17,1.26921610851788,9.48177436765155,2,6.71547403141608e-17,1.09672013777224,-6.01802729312091e-07,700.640549341999
245.039666686637,4.2993520608983e-14,702.137475701838,1085.49010520742,7.70221310132449e-17,1.25786685707048,9.47655124895774,2,6.64670991424195e-17,1.08549010520742,-9.38107235936194e-07,702.137475701838
246.224374227245,4.30843578924131e-14,703.62096111973,1074.2662728522,7.63276669642481e-17,1.24652539846412,9.47133533596395,2,6.57798376240201e-17,1.0742662728522,-7.89197272158356e-07,703.62096111973
247.409081767853,4.31743727184281e-14,705.091014788716,1063.04854614757,7.56336738088189e-17,1.23519163013333,9.46612642176354,2,6.50929499688933e-17,1.06304854614757,-2.76409649852051e-07,705.091014788716
248.633580660697,4.32665471500717e-14,706.596337494133,1051.46061229875,7.49168598911306e-17,1.22348517047186,9.46075010557908,2,6.43833936640588e-17,1.05146061229875,3.34257265235974e-07,706.596337494133
249.858079553542,4.3357844144488e-14,708.087330562173,1039.87923908929,7.42005365218188e-17,1.21178672207334,9.45538130392902,2,6.36742390825245e-17,1.0398792390893,7.51889495167798e-07,708.087330562173
251.082578446387,4.34482642973466e-14,709.56400372086,1028.30440376538,7.34846977064149e-17,1.20009618704067,9.45001997775816,2,6.29654848310201e-17,1.02830440376538,7.81874173983919e-07,709.56400372086
252.307077339231,4.35378082002097e-14,711.026366631136,1016.73610245069,7.27693381729357e-17,1.18841347927583,9.44466610981684,2,6.22571306721896e-17,1.01673610245069,4.06616864698044e-07,711.026366631136
253.591684190195,4.36308064311785e-14,712.545143000512,1004.60703905761,7.2019372924851e-17,1.17616561730278,9.43905741731938,2,6.15144397391402e-17,1.00460703905761,-1.82950523385789e-07,712.545143000512
254.876291041158,4.37228415836859e-14,714.048191105017,992.485172577555,7.12699242349141e-17,1.16392619136448,9.43345693369408,2,6.07721894899156e-17,0.992485172577555,-6.55038458749738e-07,714.048191105017
256.160897892121,4.38139143160742e-14,715.5355216962,980.370492591667,7.05209869638009e-17,1.1516951175294,9.42786463991752,2,6.0030379286545e-17,0.980370492591667,-8.05115254140128e-07,715.5355216962
257.445504743085,4.39040252838457e-14,717.007145479225,968.262988703516,6.97725558498347e-17,1.13947230986784,9.42228051702476,2,5.92890084924305e-17,0.968262988703516,-4.85285511627423e-07,717.007145479225
258.786901843774,4.39970941246062e-14,718.527074994009,955.627863131601,6.89915728708175e-17,1.12671788990674,9.41645825330218,2,5.8515330188007e-17,0.955627863131601,1.52552572366906e-07,718.527074994009
260.128298944463,4.40891157206951e-14,720.029901705399,943.0005364604,6.82111318749581e-17,1.11397232120232,9.41064485382194,2,5.77421294285233e-17,0.9430005364604,7.00644794056894e-07,720.029901705399
261.469696045152,4.41800907939048e-14,721.515637401163,930.381003177555,6.74312282603361e-17,1.1012355285995,9.40484029517688,2,5.69694058764448e-17,0.930381003177555,9.28042920027512e-07,721.515637401163
262.811093145841,4.42700200643051e-14,722.984293840928,917.769287525542,6.66518576356766e-17,1.08850744038334,9.39904454589679,2,5.61971610161951e-17,0.917769287525542,5.62704377363159e-07,722.984293840928
264.159129821099,4.43593416035717e-14,724.443025278087,905.102970424961,6.58691619858935e-17,1.07572505038602,9.39322896832311,2,5.54215727814845e-17,0.905102970424961,-2.29534862598826e-07,724.443025278087
265.507166496357,4.44476083979057e-14,725.884531423295,892.444479337496,6.50869966834924e-17,1.06295132161875,9.38742225288379,2,5.46464637518695e-17,0.892444479337496,-8.92848002616455e-07,725.884531423295
266.855203171615,4.45348211576034e-14,727.30882387657,879.793802168792,6.43053582688362e-17,1.05018619758135,9.38162437786155,2,5.38718331867846e-17,0.879793802168792,-1.13753037673552e-06,727.30882387657
268.203239846873,4.46209805926861e-14,728.715914233442,867.150926852998,6.35242430359337e-17,1.03742961775039,9.37583532161101,2,5.30976803474092e-17,0.867150926852998,-6.48668394384738e-07,728.715914233442
269.488673659066,4.47021583430431e-14,730.041647504676,855.102457656782,6.27798868572711e-17,1.02527335883262,9.37032339468362,2,5.23599243856207e-17,0.855102457656782,3.11018547475423e-07,730.041647504676
270.774107471258,4.47823795748644e-14,731.351759642758,843.061066963075,6.20360006842434e-17,1.01312477568937,9.36481945467506,2,5.16226018571041e-17,0.843061066963075,1.07360463622099e-06,731.351759642758
272.05954128345,4.4861644889071e-14,732.646260461472,831.026744603277,6.12925820476336e-17,1.00098382799527,9.35932348323173,2,5.08857121392124e-17,0.831026744603277,1.30590575921347e-06,732.646260461472
273.344975095642,4.4939954886742e-14,733.925159777185,818.999480430491,6.05496285099634e-17,0.988850475943274,9.35383546205603,2,5.01492546106273e-17,0.818999480430491,7.75424307616686e-07,733.925159777185
274.560307455116,4.501311618048e-14,735.11997437661,807.634583617986,5.98476176288918e-17,0.977385768215947,9.34865408629653,2,4.94533553854236e-17,0.807634583617986,-1.85327661302475e-07,735.11997437661
275.775639814589,4.5085424547917e-14,736.300859632462,796.276005133178,5.91460185856472e-17,0.965927786310746,9.34347973269003,2,4.87578430462094e-17,0.796276005133178,-9.85299804011137e-07,736.300859632462
276.990972174063,4.51568804873634e-14,737.467823682769,784.923741554573,5.84448298059558e-17,0.954476504517831,9.33831238452511,2,4.80627173834786e-17,0.784923741554573,-1.31069984595373e-06,737.467823682769
278.206304533536,4.52274844975689e-14,738.620874672731,773.577721242264,5.774404951668e-17,0.943031893879667,9.33315204615856,2,4.73679740105521e-17,0.773577721242264,-9.47443694064935e-07,738.620874672731
279.416403387626,4.52969385296439e-14,739.755145094591,762.286751171122,5.70466910360629e-17,0.931643165617728,9.32802087147485,2,4.66766014927075e-17,0.762286751171122,-1.28465677600783e-07,739.755145094591
280.626502241717,4.53655489320825e-14,740.875637998935,751.002053289078,5.63497343620307e-17,0.9202609993553,9.32289670821755,2,4.5985613035678e-17,0.751002053289078,6.7202276188531e-07,740.875637998935
281.836601095807,4.54333161891276e-14,741.982361294049,739.723539805066,5.5653178120231e-17,0.908885372647507,9.31777946740103,2,4.52950032638112e-17,0.739723539805066,1.17762518851759e-06,741.982361294049
283.046699949898,4.55002407856486e-14,743.075322898449,728.451179225673,5.49570209192978e-17,0.897516262771617,9.3126691127195,2,4.46047702486918e-17,0.728451179225673,1.0532214551309e-06,743.075322898449
284.343231339287,4.55710109973248e-14,744.231088164409,716.380554659184,5.42115811685428e-17,0.885342307778651,9.30720152819937,2,4.38656576617388e-17,0.716380554659184,3.9511725148152e-07,744.231088164409
285.639762728677,4.56408150176931e-14,745.37107432886,704.317013919834,5.34665962660156e-17,0.873175781020962,9.3017418583829,2,4.31269788340973e-17,0.704317013919834,-4.1743747618719e-07,745.37107432886
286.936294118066,4.57096534339632e-14,746.495290981661,692.26054677494,5.2722064821544e-17,0.861016659795316,9.29629008502687,2,4.23887331391963e-17,0.69226054677494,-1.15655622544858e-06,746.495290981661
288.232825507456,4.57775268348539e-14,747.603747737323,680.211143013926,5.1977985546422e-17,0.848864923055547,9.29084618994399,2,4.16509199518184e-17,0.680211143013926,-1.18919199604012e-06,747.603747737323
289.53677588826,4.58448158999171e-14,748.702661564723,668.099907571014,5.12301031141176e-17,0.836651076045535,9.28537908286001,2,4.09093206658743e-17,0.668099907571014,-4.98844249837263e-07,748.702661564723
290.840726269064,4.59111300594622e-14,749.78565397676,655.995795853457,5.04826750386402e-17,0.824444649245614,9.27991990764301,2,4.01681575823028e-17,0.655995795853457,3.98703373307359e-07,749.78565397676
292.144676649868,4.5976469903516e-14,750.852734609302,643.898797510497,4.97357000933334e-17,0.812245622622969,9.27446864592754,2,3.9427430067303e-17,0.643898797510497,1.26643385164944e-06,750.852734609302
293.448627030673,4.60408360239099e-14,751.903913127692,631.808902213958,4.89891772208337e-17,0.800053978909542,9.26902527940512,2,3.86871374884564e-17,0.631808902213958,1.35216611394988e-06,751.903913127692
294.721998828958,4.61027535386962e-14,752.915102881822,620.009356397216,4.82605958811408e-17,0.788155342662744,9.26371712130541,2,3.7964623687663e-17,0.620009356397216,6.03692648967531e-07,752.915102881822
295.995370627243,4.61637435714106e-14,753.91114570424,608.216562690712,4.75324432813481e-17,0.776263708269879,9.25841645559461,2,3.72425233343793e-17,0.608216562690712,-3.75067561348114e-07,753.91114570424
297.268742425528,4.62238066659125e-14,754.892050476844,596.430512936204,4.68047185251448e-17,0.764379061093076,9.25312326836727,2,3.65208359290568e-17,0.596430512936204,-1.32045024341991e-06,754.892050476844
298.542114223814,4.6282943367719e-14,755.857826108605,584.651227249198,4.60774204292374e-17,0.75250138180769,9.24783760919999,2,3.57995627034151e-17,0.584651227249198,-1.47565441011873e-06,755.857826108605
299.789995854637,4.63399980433344e-14,756.789599672298,573.114271331151,4.53650941841423e-17,0.740868211401479,9.24266500254033,2,3.50931278965681e-17,0.573114271331151,-7.70449770395342e-07,756.789599672298
301.03787748546,4.63961640745258e-14,757.706860571205,561.583755770619,4.46531758868969e-17,0.729241703289246,9.23749951791316,2,3.43870874478819e-17,0.561583755770619,2.23048589483061e-07,757.706860571205
302.285759116284,4.64514419685159e-14,758.609617088897,550.059671921452,4.39416645999885e-17,0.717621842160245,9.23234113993628,2,3.36814408279325e-17,0.550059671921452,1.24852335161524e-06,758.609617088897
303.533640747107,4.6505832233935e-14,759.49787753194,538.54201115425,4.3230559450979e-17,0.706008613766481,9.22718985327065,2,3.29761875083215e-17,0.53854201115425,1.5396656793279e-06,759.49787753194
304.767391148129,4.65587344643103e-14,760.361836518517,527.161077637073,4.25279052645783e-17,0.694533400065846,9.22210385730236,2,3.22793063181655e-17,0.527161077637073,9.69523195723859e-07,760.361836518517
306.001141549152,4.66107700386279e-14,761.21164193758,515.786423294794,4.18256465016846e-17,0.683064644121149,9.21702479510631,2,3.15828096165815e-17,0.515786423294794,2.53861527244624e-08,761.21164193758
307.234891950174,4.66619394430783e-14,762.047301729219,504.418073279023,4.11237826141417e-17,0.671602336980323,9.21195270636984,2,3.08866989436615e-17,0.504418073279023,-1.07413029793837e-06,762.047301729219
308.468642351196,4.6712243165486e-14,762.868823860217,493.055961361042,4.04223126184099e-17,0.660146462580942,9.2068874820977,2,3.0190970244066e-17,0.493055961361042,-1.53646204363041e-06,762.868823860217
309.698276539756,4.67615181874296e-14,763.67354603771,481.737955408333,3.9723573787708e-17,0.648735191491376,9.20184597738353,2,2.94979422559302e-17,0.481737955408333,-1.15204452242549e-06,763.67354603771
310.927910728316,4.68099342557595e-14,764.464240438147,470.426127626536,3.90252247425684e-17,0.637330286083126,9.19681126028727,2,2.88052925716561e-17,0.470426127626536,-3.03649085541203e-07,764.464240438147
312.157544916876,4.68574918481797e-14,765.240914863023,459.120482471497,3.83272649742015e-17,0.625931738047026,9.19178331168592,2,2.81130214640853e-17,0.459120482471497,8.46341516678964e-07,765.240914863023
313.387179105436,4.69041914440287e-14,766.00357714053,447.821070893337,3.7629693596689e-17,0.614539532914932,9.1867620939821,2,2.74211320530132e-17,0.447821070893337,1.47652723611438e-06,766.00357714053
314.622393455792,4.69502396030108e-14,766.755600646642,436.476576526632,3.692934683942e-17,0.603102002391736,9.1817248840272,2,2.67264821173067e-17,0.436476576526632,1.29195047803761e-06,766.755600646642
315.857607806147,4.69954229246221e-14,767.493500286648,425.138286352858,3.62293905315706e-17,0.591670848391469,9.1766944690597,2,2.60322120788509e-17,0.425138286352858,5.62288867781321e-07,767.493500286648
317.092822156502,4.70397418895721e-14,768.217283911133,413.806192262079,3.55298239014487e-17,0.580246058311441,9.17167083476076,2,2.53383214410555e-17,0.413806192262079,-6.16119341876368e-07,768.217283911133
318.328036506858,4.70831969800673e-14,768.926959395124,402.480286159463,3.48306464905753e-17,0.568827624664119,9.16665396685056,2,2.46448097082549e-17,0.402480286159463,-1.39229869813273e-06,768.926959395124
319.5773894811,4.71262711994897e-14,769.630414782463,391.031066403744,3.41238614852845e-17,0.557284949571467,9.16158659133357,2,2.39437471919261e-17,0.391031066403744,-1.39452109330533e-06,769.630414782463
320.826742455342,4.71684626428203e-14,770.319453342153,379.588193046755,3.34174734566094e-17,0.545748757598941,9.15652613871719,2,2.32430732804418e-17,0.379588193046755,-7.80332440596711e-07,770.319453342153
322.076095429584,4.7209771804315e-14,770.994083146002,368.151630363619,3.2711481801463e-17,0.534219038897386,9.15147256991077,2,2.25427857862843e-17,0.368151630363619,4.23099141005835e-07,770.994083146002
323.325448403826,4.72501991799587e-14,771.654312294061,356.721369954029,3.20058856891681e-17,0.522695779900814,9.14642587019119,2,2.1842884195083e-17,0.356721369954029,1.32636257376517e-06,771.654312294061
324.593709551467,4.729033700356e-14,772.309812698409,345.124558536051,3.12900145828797e-17,0.511004717517981,9.14130982365818,2,2.11327842959159e-17,0.345124558536051,1.48836113954231e-06,772.309812698409
325.861970699108,4.73295671730848e-14,772.950489986786,333.534229161539,3.05745497044255e-17,0.499320289339141,9.13620083063223,2,2.04230813074379e-17,0.333534229161539,9.64614622635043e-07,772.950489986786
327.130231846749,4.73678902020151e-14,773.576352544986,321.950372988862,2.98594904403287e-17,0.487642485345457,9.1310988757133,2,1.97137746882553e-17,0.321950372988862,-2.84701205823587e-07,773.576352544986
328.39849299439,4.74053066057712e-14,774.187408790463,310.37298119413,2.91448362424017e-17,0.475971296584345,9.12600394354556,2,1.90048638980607e-17,0.31037298119413,-1.31221666608488e-06,774.187408790463
329.62696812441,4.74406853143123e-14,774.765186947655,299.164915104155,2.84529866214085e-17,0.464672534827488,9.12107546301391,2,1.83185677849746e-17,0.299164915104155,-1.54163960072516e-06,774.765186947655
330.85544325443,4.74752143354067e-14,775.329088655778,287.962925854074,2.77615158759125e-17,0.45337996057706,9.11615362188008,2,1.76326437710149e-17,0.287962925854074,-1.0911708268283e-06,775.329088655778
332.083918384451,4.75088941330169e-14,775.879121491918,276.767001212034,2.70704236098983e-17,0.442093567365641,9.11123839653044,2,1.69470911071964e-17,0.276767001212034,7.16147439158877e-08,775.879121491918
333.312393514471,4.75417251728108e-14,776.415293061007,265.577096400098,2.63797090741676e-17,0.430813342957891,9.10632968955036,2,1.62619070516614e-17,0.265577096400098,1.11658407917456e-06,776.415293061007
334.516768361722,4.75730886359386e-14,776.927497284291,254.612545918306,2.57029107957327e-17,0.41976038827894,9.10152360312092,2,1.55905219690806e-17,0.254612545918306,1.48648861287405e-06,776.927497284291
335.721143208973,4.760363719812e-14,777.426393165172,243.653752552579,2.50264744891596e-17,0.408713345049103,9.09672374088342,2,1.49194894081879e-17,0.243653752552579,1.20736818009663e-06,777.426393165172
336.925518056224,4.76333712940202e-14,777.911987802269,232.700809930473,2.43503998988267e-17,0.397672209093762,9.09193025431244,2,1.42488151020175e-17,0.232700809930473,2.13484360457776e-07,777.911987802269
338.129892903475,4.76622913599144e-14,778.384288320497,221.753614788257,2.36746863186806e-17,0.386636968882193,9.08714297447168,2,1.35784927274897e-17,0.221753614788257,-8.06984575246823e-07,778.384288320497
339.310408762168,4.768984893147e-14,778.834337617564,211.028842951127,2.30127083561829e-17,0.375826048330102,9.08245655611382,2,1.29217898523934e-17,0.211028842951127,-1.31165158183046e-06,778.834337617564
340.490924620861,4.77166252315302e-14,779.271627782841,200.309621247474,2.23510761530648e-17,0.365020774457198,9.07777601892672,2,1.22654268249569e-17,0.200309621247474,-1.24254514620689e-06,779.271627782841
341.671440479554,4.77426206671306e-14,779.696165463722,189.595946426357,2.16897893540754e-17,0.354221141461794,9.07310134949051,2,1.16094034461175e-17,0.189595946426357,-4.95888069102754e-07,779.696165463722
342.851956338247,4.77678356466388e-14,780.107957329356,178.887742685984,2.10288474608421e-17,0.343427141204847,9.06843256832108,2,1.09537150743543e-17,0.178887742685984,4.19006043667659e-07,780.107957329356
344.022662927554,4.77920707538681e-14,780.503746666269,168.273974405298,2.03737376432179e-17,0.332728385970598,9.06380842841123,2,1.03038092067626e-17,0.168273974405298,1.0239164311703e-06,780.503746666269
345.193369516861,4.78155391176216e-14,780.887014131954,157.665639776518,1.97189660894827e-17,0.322035155004884,9.05919011186241,2,9.65423605439163e-18,0.157665639776518,1.16452940785936e-06,780.887014131954
346.364076106168,4.783824113276e-14,781.257766174979,147.062656971936,1.90645323331298e-17,0.311347440689074,9.05457754234598,2,9.00499060673933e-18,0.147062656971936,6.96092102232291e-07,781.257766174979
347.534782695475,4.78601771953427e-14,781.616009263485,136.465115688552,1.84104359035919e-17,0.300665235338221,9.0499709272738,2,8.35607835616292e-18,0.136465115688552,-5.23233955094791e-08,781.616009263485
348.714268154602,4.78815035634962e-14,781.964295286332,125.793553834092,1.7751775132171e-17,0.289908488627586,9.04533566225934,2,7.70263365281454e-18,0.125793553834092,-6.91444676819133e-07,781.964295286332
349.89375361373,4.79020532521879e-14,782.29989717099,115.12741301906,1.70934559175466e-17,0.279157319962748,9.04070620497031,2,7.04952089239536e-18,0.11512741301906,-9.91798356034309e-07,782.29989717099
351.073239072857,4.79218266631134e-14,782.622821477645,104.46677219569,1.64354779368626e-17,0.268411724071064,9.03608268317049,2,6.39674490933536e-18,0.10446677219569,-7.78367261076932e-07,782.622821477645
352.252724531985,4.79408241993214e-14,782.933074788579,93.8115844928533,1.57778405770798e-17,0.257671690940848,9.03146501980611,2,5.74430283360571e-18,0.0938115844928533,-2.15963188676788e-07,782.933074788579
353.464579529963,4.79595354169558e-14,783.238652162355,82.8696174704647,1.51025091008414e-17,0.246642690959652,9.02672661501599,2,5.07430058908851e-18,0.0828696174704646,4.03290317947255e-07,783.238652162355
354.67643452794,4.79774284479553e-14,783.530867534362,71.933369637953,1.44275362300608e-17,0.235619547450021,9.02199431867502,2,4.40464854395013e-18,0.071933369637953,7.99530927822801e-07,783.530867534362
355.888289525918,4.79945037256151e-14,783.809727980846,61.0029124883491,1.3752921768745e-17,0.224602257211146,9.01726807932255,2,3.73535107587614e-18,0.0610029124883491,7.81218924533395e-07,783.809727980846
357.100144523896,4.80107616849222e-14,784.075240605686,50.0781690182665,1.30786650018914e-17,0.213590808566147,9.01254791919933,2,3.06640346976901e-18,0.0500781690182665,3.70948597554348e-07,784.075240605686
358.490934252686,4.80284135050524e-14,784.363516705251,37.5473382131966,1.23052915241188e-17,0.20096066119123,9.00713839878206,2,2.29911137796472e-18,0.0375473382131966,-2.72389507949847e-07,784.363516705251
359.881723981476,4.8044990051759e-14,784.634232257167,25.0240854781685,1.15323878157707e-17,0.188338185733225,9.00173677952428,2,1.53228330912144e-18,0.0250240854781685,-7.80854112363435e-07,784.634232257167
361.272513710266,4.80604919758017e-14,784.887397889143,12.5083224411693,1.07599533882575e-17,0.175723374212859,8.99634308086816,2,7.65913852014049e-19,0.0125083224411693,-9.05583341273875e-07,784.887397889143
362.663303439056,4.80749199311843e-14,785.123024281873,-1.28785870856518e-14,9.98798709622776e-18,0.163116207925122,8.99096127249438,2,0,0,-4.06266871640971e-07,785.123024281873
