time_s,altitude_m,velocityDown_mps,dynamicPressure_kPa,Mach,deceleration_g,totalDrag_kN,stageId
0,15300,276,7.07667332454546,0.935372873412665,0,53.3595471400392,0
0.441379689091921,15178.034614492,276.640623336545,7.24695519081248,0.937543966496286,0,54.6490006700505,0
0.882759378183842,15055.8057459569,277.193972769344,7.41689606333298,0.93941928551425,0,55.9346524572549,0
1.32413906727576,14933.3518376882,277.660353845972,7.58628217041569,0.940999865977117,0,57.2151120921463,0
1.76551875636768,14810.7111914827,278.04016884996,7.75489644593626,0.942287071236703,0,58.4889418489017,0
2.54681284116593,14593.2823189163,278.501865221554,8.05079430579492,0.943851775083593,0,60.7229173283034,0
3.32810692596418,14375.59702281,278.697509073127,8.34235718637554,0.944514818386532,0,62.9228547821189,0
4.10940101076242,14157.8611151089,278.631720908356,8.62836041524246,0.944291860181033,0.0254073396323366,65.0797772838097,0
4.89069509556067,13940.2767375329,278.310246713788,8.90760181925215,0.943202373800231,0.0583565192638074,67.1843991557082,0
5.56245056369405,13753.4699610229,277.834621429884,9.14139998613148,0.941590464421704,0.0859166970369255,68.9448958464509,0
6.23420603182743,13567.043129899,277.180061185705,9.36863631668054,0.939372138710042,0.112664706725903,70.6536150804031,0
6.90596149996082,13381.1143879245,276.352217835705,9.58865105333819,0.936566550981689,0.13850567348254,72.304506872312,0
7.5777169680942,13195.7981273378,275.357381968009,9.80083821440275,0.933195020242047,0.163346897464108,73.8916599527401,0
8.16585642251379,13034.1386033061,274.354686299464,9.97975702249035,0.929796852384637,0.184205030589213,75.224446761284,0
8.75399587693338,12873.1036968896,273.234234345408,10.1519346347347,0.925999604689761,0.204171894096777,76.500408964336,0
9.34213533135298,12712.761014947,272.00130949619,10.3170919715684,0.92182118273717,0.223194864003853,77.7161907889331,0
9.93027478577257,12553.1751370633,270.661498643653,10.4749974886617,0.917280520682942,0.241226319230361,78.8687554232348,0
10.4697001843647,12407.525205094,269.343692165352,10.6132919645204,0.912814432160442,0.256856761378668,79.8679941204057,0
11.0091255829568,12262.6080066065,267.945565412634,10.745228078379,0.908076135645641,0.271590505298548,80.810059969441,0
11.5485509815489,12118.4655082759,266.471913482523,10.8707364544926,0.903081881876517,0.285405194138425,81.6935270326904,0
12.087976380141,11975.13718466,264.927646111573,10.9897835788308,0.897848310108102,0.29828411186219,82.5173289857598,0
12.5982701801965,11840.3320480546,263.406293290498,11.0964555226264,0.892692396485915,0.309596408852433,83.2410996906405,0
13.1085639802519,11706.3173203752,261.830462831348,11.1973742207034,0.887351856396834,0.320057422919378,83.910591282739,0
13.6188577803073,11573.1196670965,260.204406758457,11.2925919568881,0.881841100088028,0.329667833696168,84.5258465492202,0
14.1291515803627,11440.7636844824,258.532370598342,11.3821849885251,0.876174515785361,0.33843332610506,85.0872273716791,0
14.4489586819143,11358.253783179,257.46293247728,11.4355100733528,0.872550155610597,0.343500625633759,85.4118792707982,0
14.7687657834659,11276.0883812677,256.378111877109,11.4866920811994,0.868873663719585,0.348243642577886,85.7158535437619,0
15.0885728850175,11194.2722329154,255.278918708133,11.5357616867524,0.865148462730815,0.352666577466716,85.9994178502141,0
15.4083799865692,11112.809779575,254.166349448371,11.5827521450303,0.861377929740329,0.356774296455836,86.2628822851938,0
15.6374292434686,11054.6852677248,253.361270697274,11.6150966664571,0.85864949196954,0.359518743946582,86.4389818435741,0
15.866478500368,10996.7456889669,252.551745573338,11.6387682954344,0.855620511353101,0.361107235385446,86.5413933773089,0
16.0955277572674,10938.9917248508,251.740960498388,11.6493259518538,0.852138727161184,0.360956370669385,86.5329290684657,0
16.3245770141668,10881.4235059529,250.930482309746,11.6592596487965,0.848666939058047,0.360700398947678,86.5177612253664,0
16.5536262710662,10824.0408260603,250.12065572266,11.668600846179,0.845206239838659,0.360345312532817,86.4962718211488,0
16.7826755279656,10766.8435364634,249.311733306761,11.6773728744754,0.84175740862817,0.359896059724365,86.4687762790532,0
17.0117247848651,10709.8314063948,248.503921562758,11.6855952945274,0.838321065929282,0.359357100197934,86.4355588774926,0
17.2407740417645,10653.0041592617,247.697417084945,11.6932871666254,0.834897796675799,0.358732826594634,86.3968996228003,0
17.8472114308361,10503.4369697669,245.569776781953,11.7112279020176,0.825901401508372,0.35670008719904,86.2703109384801,0
18.4536488199078,10355.1560494638,243.455717519217,11.7259034108792,0.817009439926703,0.354176259520852,86.1123932428214,0
19.0600862089795,10208.1523382108,241.357945128933,11.737613776515,0.808229435690391,0.35123348420937,85.9277451889339,0
19.6665235980511,10062.4152989017,239.278757480826,11.7466332206177,0.799567496059567,0.347938427661783,85.7206165130191,0
19.7318570747771,10046.7896658893,239.055951998019,11.7474549546909,0.798641572954862,0.347565018116091,85.6971260777842,0
19.797190551503,10031.1785824569,238.833386992919,11.7482486614441,0.797717082305235,0.347188303421969,85.6734246736074,0
19.8625240282289,10015.5820325441,238.611064500612,11.7490146246604,0.796794028881175,0.346808353792087,85.6495167763849,0
19.9278575049548,10000,238.38898651981,11.7497531256259,0.795872417330566,0.346425238730817,85.6254068168655,0
20.0184504818905,9978.42224171833,237.932145864946,11.7359913902104,0.794098613741629,0.669286652461121,106.206065269455,1
20.1090434588262,9956.89772012774,237.220875241705,11.6969585499221,0.791477712268556,0.92095771489138,122.248820083003,1
20.1996364357618,9935.44694186474,236.312587539894,11.6383066929571,0.788202228450529,1.11479696855461,134.605187430489,1
20.2902294126975,9914.08572106905,235.253819084166,11.5646607197371,0.78442810991722,1.26204263866113,143.991527714372,1
20.3808223896332,9892.82578373621,234.081399139208,11.4797034532305,0.78027870016641,1.37199185371625,151.000469654692,1
20.4714153665688,9871.67600105058,232.824824879005,11.3863932702529,0.775852719215091,1.45225685447196,156.117241849312,1
20.5620083435045,9850.64294989045,231.507778944631,11.2871063490514,0.771229365246512,1.50901942429274,159.735890974779,1
20.6526013204401,9829.73129290468,230.149013145611,11.1837216333846,0.766471293568784,1.54726110601992,162.173956544126,1
20.7592865190158,9805.2647535805,228.514862486586,11.0586643159185,0.760760287776815,1.57390965362222,163.873109325662,1
20.8659717175915,9780.97368860815,226.860960031728,10.9317249145028,0.754989583234416,1.5854624292532,164.610005420529,1
20.9726569161672,9756.85949064483,225.201113250467,10.8042668289119,0.749205144819226,1.58581484125566,164.632950691263,1
21.0793421147428,9732.92227590133,223.545569832362,10.6772924196809,0.743441020304687,1.57792704973726,164.130635287206,1
21.2195080582387,9701.74028302024,221.388967522229,10.5123601885547,0.735938439617997,1.55871800855505,162.906811556205,1
21.3596740017346,9670.8584293091,219.263567857431,10.3505420865727,0.728549553535159,1.53277428133609,161.253691235033,1
21.4998399452305,9640.27183611527,217.176936615405,10.1925368150762,0.721299183764137,1.50264038097646,159.333469878878,1
21.6400058887264,9609.97477289117,215.1337239519,10.0387547045452,0.7142024261873,1.47005925799275,157.257248888834,1
21.6896037076428,9599.32229353122,214.421588246349,9.98538708449866,0.711729475366755,1.45817821422125,156.500125515014,1
21.7392015265591,9588.70499063162,213.715260628825,9.93257736895907,0.709276930246846,1.44618148761565,155.735627443049,1
21.7887993454755,9578.12257499725,213.014789120025,9.88032843078564,0.706844933875682,1.43410349637633,154.965948605793,1
21.8383971643918,9567.57475541249,212.320206150752,9.82864166510562,0.704433577579705,1.42197411445175,154.19299327087,1
21.8528960611792,9564.49781116184,212.118274374669,9.81363833126551,0.70373257343347,1.41842245945141,153.966660758155,1
21.8673949579666,9561.42379103749,211.916847710745,9.79868303460318,0.703033337622263,1.41486923416885,153.740228092296,1
21.881893854754,9558.35268771464,211.715926342411,9.78377575121949,0.702335870351282,1.41131500174806,153.513731170053,1
21.8963927515414,9555.28449386636,211.515510374759,9.76891644994814,0.701640171566591,1.40776030179293,153.287204387664,1
21.9008980796632,9554.33168716364,211.453336862869,9.76430889676878,0.701424353064476,1.40665571527747,153.216813503733,1
21.9054034077849,9553.37916046306,211.391212153626,9.75970597167075,0.701208705280111,1.40555114876602,153.14642388934,1
21.9099087359066,9552.42691354474,211.32913624582,9.75510767331564,0.700993228197445,1.40444661713402,153.076036492699,1
21.9144140640284,9551.47494618883,211.267109137584,9.75051400030494,0.700777921798274,1.40334213505864,153.005652249384,1
21.9189193921501,9550.52325837967,211.205076861869,9.74591997062062,0.700562607065109,1.40223642567372,152.935189767828,1
21.9234247202718,9549.57184947758,211.143146812489,9.74133549566293,0.700347640207124,1.40113207352719,152.864813795464,1
21.9279300483936,9548.6207197839,211.081120317135,9.73674224225835,0.700132362236577,1.40955984695862,153.402046242977,1
21.9324353765153,9547.66987154301,211.018211088496,9.73206768681087,0.699914165194717,1.44310671273895,155.540450640273,1
21.9361034734852,9546.89593208456,210.965814009768,9.72815324337749,0.699732614225213,1.47007821740257,157.259716782448,1
21.9397715704551,9546.12218659639,210.912452158171,9.72414996239466,0.699547869380658,1.49674767096572,158.959729209497,1
21.943439667425,9545.34863859755,210.85813635988,9.72005888070645,0.699359966708365,1.52311724907916,160.640626604346,1
21.9471077643949,9544.57529156752,210.802877362839,9.71588102858497,0.699168941994079,1.54918912592914,162.302547556568,1
21.9654482492443,9540.71169006541,210.512805150115,9.69372581087246,0.698168222159906,1.67515894411039,170.332347157636,1
21.9837887340938,9536.85361231371,210.200720226749,9.66955203381215,0.697094668935696,1.79401094055925,177.908433736364,1
22.0021292189433,9533.00145056976,209.867878704402,9.64348092977609,0.695952463478732,1.9060133422529,185.047904937476,1
22.0204697037927,9529.15557450535,209.51548874724,9.61562945878028,0.694745626744483,2.01143124229182,191.767658642742,1
22.0711052633086,9518.57307118642,208.450510024644,9.53040626175446,0.691109485044013,2.27042728098766,208.27711269498,1
22.1217408228246,9508.04754677785,207.267763425463,9.43465165166569,0.687084624851535,2.48650532065618,222.05083394211,1
22.1723763823405,9497.58446221572,205.987337419377,9.33032529223678,0.682737847293488,2.6646322198396,233.405425856684,1
22.2230119418565,9487.18832458754,204.62695307182,9.21915462666816,0.678128055530787,2.80939606766328,242.633347946135,1
22.2755540084042,9476.47541055204,203.147376526987,9.09817167175119,0.67312165949887,2.92881714628634,250.245846522021,1
22.328096074952,9465.84171190648,201.613411378202,8.97289193101864,0.667937381369179,3.02104075402,256.124689011046,1
22.3806381414998,9455.28974846231,200.038111800788,8.8445658139496,0.662618549245808,3.08983775143421,260.510242176629,1
22.4331802080476,9444.82140480087,198.432704856714,8.71425716189746,0.657202405985959,3.13855112264635,263.615598569883,1
22.4926017644719,9433.08479951818,196.59276722777,8.56561529249449,0.650999465084042,3.17312773986773,265.819857996148,1
22.5520233208963,9421.45800023627,194.738118198288,8.41664593090637,0.644750924126433,3.18946770540095,266.861652239481,1
22.6114448773206,9409.94159795307,192.878475903152,8.26822435508971,0.638488950921478,3.19074087797602,266.943038306291,1
22.670866433745,9398.53565920366,191.021854742584,8.12105431492603,0.632240047996959,3.17964835666784,266.236192961293,1
22.7400104388525,9385.40201342433,188.87380397984,7.9521070387375,0.625013384746751,3.1541925207985,264.613818122239,1
22.8091544439599,9372.41619275227,186.746730825935,7.78626525913452,0.61786015659604,3.11808411951481,262.312411459181,1
22.8782984490674,9359.57653169135,184.647039996316,7.62402560766088,0.610801448031053,3.07378708589281,259.489032045771,1
22.9474424541749,9346.88097515182,182.579627655488,7.46574091431924,0.603853337298982,3.02330877581331,256.271635260555,1
23.0322081415642,9331.51022756811,180.094341651592,7.27742308406278,0.595503272500513,2.955349221057,251.939980980114,1
23.1169738289534,9316.34767909694,177.667505380347,7.09563717967932,0.587351858858865,2.88288711016284,247.321315095749,1
23.2017395163427,9301.38825657649,175.30212851485,6.9204869049607,0.579408798841595,2.80773544064875,242.531204017377,1
23.2865052037319,9286.62668463529,172.999902588102,6.7519643230655,0.571679435254505,2.73127043228692,237.657372536838,1
23.4111587221552,9265.26686360857,169.730138997687,6.51596681318682,0.560704189085077,2.61853941841621,230.471960661644,1
23.5358122405785,9244.30605340172,166.597254128644,6.29357616450942,0.550190815207534,2.50744054213582,223.390578536948,1
23.6604657590018,9223.72739792954,163.598411662061,6.08415350288363,0.540129223389926,2.39942294796746,216.505599644404,1
23.7851192774251,9203.51444675791,160.729366808434,5.88698384301346,0.530504714731286,2.29535043293833,209.872085520537,1
23.9036896184495,9184.6127274596,158.115968809028,5.71011546943595,0.521739016021918,2.20044081605893,203.822617895508,1
24.022259959474,9166.01443534388,155.610499002323,5.54301227390963,0.513336296860399,2.10969852181264,198.038782799034,1
24.1408303004984,9147.7070739709,153.208100953508,5.38505808373318,0.50528005244451,2.02315973816771,192.522887218299,1
24.2594006415228,9129.67869676315,150.903925024476,5.23566433776108,0.497553836278227,1.94076602464013,187.271206206794,1
24.3722540380273,9112.76829330752,148.79770693158,5.10091436414162,0.490491886251119,1.86608596367862,182.511195964353,1
24.4851074345318,9096.09099814877,146.772179551216,4.97296344332899,0.483700860292043,1.79491957977427,177.975154176805,1
24.5979608310363,9079.63792601232,144.823540374901,4.8513901098821,0.477167908748583,1.7271166690736,173.653506543446,1
24.7108142275407,9063.40059611411,142.948152950274,4.73580058996278,0.470880752171037,1.66251857585766,169.536140006341,1
24.8276978619881,9046.80221869104,141.079320625308,4.62199988614338,0.464615722985576,1.59882025503556,165.476135075931,1
24.9445814964355,9030.4180845114,139.281716425137,4.51384610333775,0.458589563217045,1.53821047419575,161.612999368687,1
25.0614651308828,9014.2400746746,137.551900289174,4.41098812998368,0.45279067471905,1.48051760370995,157.935792820634,1
25.1783487653302,8998.26044751767,135.886620372719,4.31310013739872,0.447208098666961,1.42557678073783,154.434006697156,1
25.3007893979144,8981.72583125133,134.20804120918,4.21555950322685,0.441580847055334,1.37080458287805,150.942980367946,1
25.4232300304987,8965.39278601689,132.593606745137,4.12282043385136,0.436168485422678,1.31871035500765,147.622652459388,1
25.545670663083,8949.2536539498,131.040198768857,4.03458580103402,0.430960516012096,1.26913430350247,144.462837363382,1
25.6681112956672,8933.30113460297,129.544880485502,3.95058040757653,0.425947055116931,1.22192669923295,141.453991008043,1
25.7967563480602,8916.73368412173,128.033347882726,3.86659558721853,0.420878923235033,1.17472545161256,138.445562129251,1
25.9254014004532,8900.35692222472,126.57989341823,3.78672560240926,0.416005166085606,1.12983375953615,135.584347963446,1
26.0540464528461,8884.16356413966,125.181693125402,3.71071793337931,0.411316287595796,1.08711137568174,132.861408839426,1
26.1826915052391,8868.14666472027,123.836089553796,3.63833872238302,0.406803354300599,1.04642791963965,130.268434028024,1
26.3178886796164,8851.49692359029,122.475901387147,3.5659464900918,0.402240996572395,1.00573722346215,127.675010348373,1
26.4530858539936,8835.0274935464,121.168332424435,3.49709072227694,0.397854575551588,0.96703482605531,125.208323646091,1
26.5882830283708,8818.73143834471,119.910827665595,3.43155651485294,0.393635508768562,0.930200139747778,122.860687412557,1
26.7234802027481,8802.6021442983,118.700982218992,3.36914471858728,0.38957572030977,0.895121295723133,120.624970900647,1
26.865461476996,8785.83612966672,117.479262773171,3.30676082899064,0.385475384856896,0.860059059460537,118.390325740278,1
27.007442751244,8769.2401717041,116.305160858893,3.24741980696668,0.381534114189429,0.826707950928036,116.264749986006,1
27.1494240254919,8752.80767856845,115.176366849082,3.1909386486863,0.377744158096144,0.79496500741989,114.24168059449,1
27.2914052997398,8736.5323642706,114.090705491006,3.1371476061827,0.374098219367569,0.764734706376513,112.315028775195,1
27.4403582884742,8719.62029395261,112.99586392778,3.08343502723229,0.370420565016289,0.734549237421416,110.391247418168,1
27.5893112772086,8702.86807756309,111.944030096612,3.03234207551303,0.366886445908948,0.705836607127773,108.561346357241,1
27.7382642659431,8686.26946932532,110.933117866594,2.98371282652026,0.363488869005091,0.678509064319886,106.819732174151,1
27.8872172546775,8669.81851291013,109.961161063218,2.93740249336608,0.360221245280774,0.652485130965335,105.161211315242,1
28.0433155640501,8652.73066658675,108.982367249441,2.89121274830816,0.356929574329468,0.626529390947457,103.507050043042,1
28.1994138734227,8635.79256193222,108.0423275097,2.84727911347457,0.353767128073979,0.601841804951676,101.933722009857,1
28.3555121827953,8618.9983014348,107.139159001422,2.80546863584997,0.350727601448241,0.578347575020453,100.436459470375,1
28.5116104921679,8602.34226095702,106.271085853369,2.76565771623815,0.3478050493395,0.555977172864335,99.0108305794667,1
28.6750278326969,8585.04753425632,105.398095373783,2.72599774165595,0.344864712171619,0.533691780714678,97.590633260383,1
28.8384451732259,8567.89260288056,104.559936230692,2.68828141231757,0.342040420442765,0.512498689927292,96.2400599632958,1
29.0018625137549,8550.87191851244,103.754910267049,2.65239524054291,0.339326493462559,0.492334079058338,94.9550426143077,1
29.1652798542839,8533.98019052677,102.981414693541,2.61823359597448,0.336717571157866,0.473138550782092,93.7317951419347,1
29.3361981462355,8516.44562695796,102.204510813453,2.58424239081152,0.334095763246989,0.454038824510078,92.514667241499,1
29.507116438187,8499.04116334344,101.458825290566,2.5519260536242,0.331577879035891,0.435880210962783,91.357526305372,1
29.6780347301385,8481.76159965789,100.742827598996,2.52118757439628,0.329158803980419,0.418608172981848,90.256896063005,1
29.8489530220901,8464.60197833375,100.055072258469,2.49193654841727,0.326833709193048,0.402171890310989,89.2095371663353,1
30.02756869919,8446.79261905209,99.3650458077229,2.46286643663985,0.324499395382752,0.385837190854488,88.1686664929666,1
30.2061843762899,8429.10399990952,98.7029153418233,2.43523977283564,0.322257874296982,0.370313481428956,87.1794885307357,1
30.3848000533898,8411.53126630953,98.0673024057065,2.40897348638654,0.320104544468695,0.355554072683094,86.239027246732,1
30.5634157304897,8394.06979137025,97.4569044377268,2.38399006692911,0.318035059114651,0.341515402577329,85.3445059484348,1
30.7499458450907,8375.94859973056,96.8450460063015,2.35919085364749,0.315958939296243,0.327580097945427,84.4565866802759,1
30.9364759596917,8357.93920385999,96.2580340345106,2.33563557859751,0.313965410156238,0.314343636155453,83.6132116784513,1
31.1230060742926,8340.03708978853,95.6946280109529,2.3132529617452,0.312050335169496,0.301765961737395,82.8118277682399,1
31.3095361888936,8322.23795703629,95.153655222872,2.29197641277458,0.310209805120867,0.2898096559577,82.0500498447447,1
31.5042248589122,8303.76573168344,94.6117515251696,2.27088178878847,0.308364294028246,0.277955389494481,81.2947896856082,1
31.6989135289309,8285.39684622319,94.0919010387652,2.25085883067463,0.306592042881467,0.26670314972439,80.5779025882172,1
31.8936021989495,8267.12712065118,93.5929884296158,2.23184623675869,0.304889336633339,0.256018492858935,79.8971930778632,1
32.0882908689681,8248.95257475835,93.1139590147748,2.21378667114121,0.303252663392463,0.245869204236022,79.2506077675551,1
32.2914162148208,8230.08781983338,92.6342905285447,2.19590253720246,0.301611874849141,0.235818276224766,78.6103060716349,1
32.4945415606736,8211.31850237001,92.1741228010857,2.17894104279584,0.300035833079038,0.226285635726528,78.0030397899998,1
32.6976669065263,8192.64076792041,91.7324541851811,2.16284934214011,0.298521205416737,0.217241592857203,77.4269164706404,1
32.900792252379,8174.05094866436,91.3083373779174,2.1475779539371,0.297064841052802,0.208658348520142,76.8801641827117,1
33.1126738502587,8154.74968770571,90.8836758355652,2.13247242851969,0.295604571953384,0.200168066522748,76.3393518307299,1
33.3245554481383,8135.5365714111,90.4761889170454,2.118160369387,0.294201303814125,0.192123496604671,75.826948846621,1
33.536437046018,8116.408060862,90.0849783506079,2.10459611242984,0.292852051283124,0.184498985457882,75.3413200764541,1
33.7483186438977,8097.36079111255,89.709194641131,2.09173685890802,0.291553992071517,0.177270489844053,74.8809329938606,1
33.9693254973861,8077.5763174105,89.3327994017939,2.07903176531568,0.290251702899025,0.170128364212812,74.4260661444961,1
34.1903323508745,8057.87335247949,88.9714654020357,2.0670079475429,0.28899938926267,0.163368922158321,73.9955911556769,1
34.4113392043628,8038.24866142839,88.6243885080792,2.05562586042795,0.287794381716981,0.156969949027866,73.5880920583828,1
34.6323460578512,8018.6991711741,88.2908084384189,2.04484840978319,0.28663415726691,0.150910607245744,73.2022406596924,1
34.8629050950665,7998.38173037441,87.9564209980534,2.03421205553273,0.285468946719245,0.144930281130823,72.8214413214913,1
35.0934641322818,7978.13985804085,87.6351814114246,2.02415935230123,0.284347362594308,0.139277796494277,72.4615381504464,1
35.3240231694971,7957.97061048522,87.326371408674,2.01465599019972,0.283267023225571,0.133933880361545,72.1213026837761,1
35.5545822067123,7937.87119412474,87.0293122020933,2.00566976579158,0.282225678661923,0.128880443174872,71.7995818905054,1
35.7951873137429,7916.96759798651,86.7311483084466,1.99681084126113,0.281178250666718,0.123898256466088,71.4824189041863,1
36.0357924207735,7896.13435645748,86.4444068459725,1.98845048125493,0.280168734767744,0.119196114999847,71.1831055031545,1
36.2763975278041,7875.36880306007,86.1684479863833,1.98055887799261,0.279195011845806,0.114757275272458,70.9005744557244,1
36.5170026348347,7854.66841015071,85.9026674859756,1.97310804291059,0.278255081362949,0.110566015766998,70.6338236721705,1
36.7682242206172,7833.12158490021,85.6354065448872,1.96577047990146,0.277307703501151,0.106438111437014,70.3711282686562,1
37.0194458063997,7811.64065101522,85.3780191642964,1.95885723797635,0.27639311890614,0.102548548632662,70.1236242104025,1
37.2706673921822,7790.22320422106,85.129937277405,1.9523424038302,0.275509448296329,0.098882771766253,69.89038372531,1
37.5218889779647,7768.86696820558,84.8906249031596,1.94620164278864,0.274654919188568,0.0954271120426465,69.670535565741,1
37.7843840087983,7746.61544849171,84.6493965910973,1.9401602876192,0.273791372324368,0.0920270020111864,69.4542462166332,1
38.0468790396319,7724.42612638894,84.4166586477401,1.93447843800965,0.272956058046936,0.0888288267115604,69.2508276003839,1
38.3093740704656,7702.29684394689,84.1919087259172,1.92913357129743,0.272147316370331,0.0858199353107083,69.0594733551774,1
38.5718691012992,7680.22556067617,83.9746733983117,1.92410454055822,0.271363583453964,0.08298844976721,68.8794263770838,1
38.8463914137579,7657.20295297244,83.7550416279969,1.91916151058624,0.270569103170758,0.08020496590715,68.7024581959388,1
39.1209137262166,7634.2396337729,83.5426723041735,1.91452141710867,0.269798817284038,0.0775916428287913,68.5363354320093,1
39.3954360386753,7611.33367483391,83.3371232994213,1.9101647093058,0.269051266402862,0.0751374991116555,68.3803581326332,1
39.669958351134,7588.48325521405,83.1379785154575,1.90607303938895,0.26832507756416,0.072832229094286,68.2338694180657,1
39.9573687981736,7564.61771647625,82.9359231438571,1.90205464634962,0.267586288865814,0.0705677934319047,68.0900039078364,1
40.2447792452132,7540.80935482148,82.7400475576019,1.89828987843542,0.26686814467712,0.0684458217667165,67.9552183749712,1
40.5321896922528,7517.05645447131,82.5499648043709,1.89476180683077,0.266169369049319,0.0664568055199157,67.8289067462417,1
40.8196001392924,7493.35739710992,82.3653112953988,1.89145455696454,0.265488763512018,0.0645918282839246,67.7105006933779,1
41.1208756609705,7468.57121183633,82.1772082372047,1.88820869501385,0.2647936112498,0.0627609847764551,67.5942921656772,1
41.4221511826486,7443.84090225614,81.9943379047813,1.8851735727482,0.264116009022105,0.0610485182597272,67.4856282582469,1
41.7234267043268,7419.16494728596,81.8163638550826,1.88233458884251,0.263454848459543,0.0594462275248601,67.3839862299442,1
42.0247022260049,7394.54191376478,81.6429705254198,1.87967806615295,0.262809090346833,0.057946430468868,67.2888764273545,1
42.3409421258172,7368.751315288,81.4655712804294,1.87707197682778,0.262146769128831,0.0564745889124898,67.195571938722,1
42.6571820256295,7343.0161137545,81.2925839493903,1.87463946227252,0.261499327129412,0.0551002507779956,67.1084815317578,1
42.9734219254418,7317.33496455118,81.1237182456538,1.87236799801164,0.260865808763934,0.0538163814128059,67.0271568218531,1
43.2896618252541,7291.70660173113,80.9587024260792,1.87024586812585,0.260245319783,0.0526164003186089,66.951178372086,1
43.6220881663839,7264.82208635307,80.7891145050406,1.86816420838838,0.259606208939556,0.0514387508773299,66.8766485263374,1
43.9545145075137,7237.99332466004,80.623234845528,1.86622407414834,0.258979699390002,0.0503406048945007,66.8071853798962,1
44.2869408486436,7211.21912988549,80.4608152214682,1.86441480148665,0.258364974420355,0.0493159727631428,66.7424071595751,1
44.6193671897734,7184.49838494551,80.3016237298446,1.86272643034719,0.25776127123925,0.0483592602217574,66.6819572913909,1
44.9693140071957,7156.42593042324,80.1372941479297,1.86106958340152,0.25713688304405,0.0474198247544421,66.6226357438503,1
45.319260824618,7128.41043309128,79.9760774652905,1.85952680258287,0.256523181132897,0.0465444710383542,66.5673978427662,1
45.6692076420403,7100.4508450516,79.817763630582,1.8580890947234,0.255919474471653,0.04572814788605,66.5159216300615,1
46.0191544594627,7072.54617937147,79.6621567870226,1.85674807391445,0.255325118861955,0.0449661451923988,66.4679068881283,1
46.388037101811,7043.19002112533,79.5008617440762,1.85543065544236,0.254708071844582,0.0442169389364262,66.42073685321,1
46.7569197441594,7013.89287504002,79.3421838112355,1.85420396973249,0.254100129538656,0.043518710386596,66.376815130211,1
47.1258023865078,6984.65381280764,79.1859473959431,1.85306052457545,0.253500713989973,0.0428672513941667,66.3358734966666,1
47.4946850288562,6955.47195863328,79.0319890443939,1.85199334423931,0.25290928725608,0.0422586439010699,66.2976622203787,1
47.8839363244045,6924.7398949294,78.8718340681438,1.85094286892936,0.252293320827517,0.0416589280557259,66.2600487228454,1
48.2731876199528,6894.0697377716,78.7138913115398,1.84996350330473,0.251685181513963,0.0410991700087338,66.2249810356235,1
48.6624389155012,6863.46065896448,78.5580160594161,1.84904910093928,0.251084392318047,0.0405759174829102,66.1922391159343,1
49.0516902110495,6832.91187464565,78.4040737382832,1.84819394517709,0.25049050964788,0.0400859595897227,66.1616183070047,1
49.4626452804149,6800.72437820261,78.2435094754898,1.84734962904905,0.249870559580816,0.039601571418462,66.131385298401,1
49.8736003497803,6768.60247541188,78.0848346300543,1.84656013166222,0.249257432783433,0.0391479928461196,66.1031148914542,1
50.2845554191457,6736.54541873058,77.9279318842592,1.84582050718074,0.248650741466759,0.0387224459092167,66.0766300246987,1
50.6955104885111,6704.55249706179,77.7726921162352,1.84512615567728,0.248050124835109,0.0383223469300254,66.0517660203411,1
51.129220704232,6670.85690425799,77.6105502427156,1.84443783643094,0.247422476016032,0.0379250977830934,66.0271177233103,1
51.5629309199529,6637.23127628427,77.450047856438,1.8437910280895,0.246800888231209,0.0375511856627096,66.0039556155397,1
51.9966411356738,6603.67492724365,77.2910916265318,1.84318184603462,0.246185051434103,0.03719842863244,65.982140627011,1
52.4303513513947,6570.18720013419,77.1335945249814,1.84260666990893,0.245574676359274,0.0368647931830221,65.9615431483556,1
52.887319372391,6534.97724131895,76.9691429810913,1.84203382532675,0.244937188333329,0.0365319232915928,65.9410289128516,1
53.3442873933872,6499.8420980575,76.8061439061167,1.84149183943433,0.244305205252636,0.0362164094708664,65.9216195251029,1
53.8012554143835,6464.78112831833,76.6445245864316,1.84097775149906,0.243678483558401,0.0359165886733245,65.9032089898601,1
54.2582234353797,6429.79371182896,76.4842167861007,1.84048878575675,0.243056794509763,0.0356309017433224,65.8856979338429,1
54.7380897356909,6393.13163146822,76.317219864533,1.8399996120995,0.242409141969425,0.0353445695268437,65.8681792413617,1
55.217956036002,6356.54937004406,76.1515403211249,1.83953298605415,0.241766604575704,0.0350709272987371,65.8514678663402,1
55.6978223363131,6320.04631399311,75.9871227180121,1.839086732508,0.241128994200789,0.0348087532400615,65.8354859382848,1
56.1776886366242,6283.62186491666,75.8239143708793,1.8386587855137,0.240496131927457,0.034556886848861,65.8201594949424,1
56.6789710410474,6245.65514027717,75.6546613845368,1.83822926299826,0.239839918352287,0.0343036492557076,65.8047764989729,1
57.1802534454706,6207.77295209404,75.4866306767478,1.83781600602163,0.239188552690767,0.0340595749883888,65.7899759260922,1
57.6815358498939,6169.97470360817,75.3197807981695,1.83741748496376,0.238541891499682,0.0338238047534468,65.7757030140072,1
58.1828182543171,6132.25980734532,75.1540714822856,1.83703220926071,0.237899795461615,0.0335955011978045,65.7619043987908,1
58.7028711211452,6093.22016251615,74.9833228991047,1.83664505392295,0.23723834295953,0.0333657246450109,65.7480383952814,1
59.2229239879733,6054.2690152696,74.8137293633976,1.83626959065839,0.236581549608053,0.0331425440755412,65.7345910856127,1
59.7429768548014,6015.4057787111,74.6452602722592,1.83590479621153,0.235929306516898,0.032925384582168,65.7215258349837,1
60.2630297216295,5976.62987025072,74.4778848505063,1.83554962484627,0.235281504554919,0.0327136586364356,65.7088052039906,1
60.7983513873238,5936.80610772238,74.3067071903028,1.83519305942646,0.234619213485817,0.032500820060351,65.696034620715,1
61.3336730530182,5897.07368450996,74.1366343608839,1.83484498957943,0.233961433027577,0.0322927830713931,65.6835682942996,1
61.8689947187125,5857.43202130949,73.9676437630154,1.83450476753247,0.23330807980003,0.0320891836429,65.6713830319947,1
62.4043163844069,5817.88053916869,73.7997115358545,1.83417167261105,0.232659066687996,0.0318896168084935,65.659453031415,1
62.9511400610339,5777.57176273227,73.62924008588,1.83383807084138,0.232000502879991,0.0316895274699092,65.6475048858635,1
63.4979637376609,5737.35591348751,73.4598321304288,1.83351081525209,0.231346314745051,0.0314930329768757,65.6357840440436,1
64.0447874142879,5697.23242081621,73.2914706937561,1.83318952013491,0.230696436929721,0.0312999164868307,65.6242766950189,1
64.5916110909149,5657.20071153102,73.1241367299497,1.8328736886304,0.230050797764407,0.0311098987352965,65.6129650489314,1
65.1465117336374,5616.67095067417,72.9553622946244,1.83255827585542,0.229399882905727,0.0309199601599223,65.6016684270127,1
65.7014123763599,5576.23455843981,72.7876140075275,1.8322478058003,0.228753208867745,0.0307328282401204,65.5905488582535,1
66.2563130190824,5535.89097548346,72.6208786912667,1.83194206549561,0.228110722634312,0.0305483831522889,65.5795987157933,1
66.8112136618049,5495.63963787561,72.4551405439378,1.83164070388418,0.227472363113181,0.0303664275224369,65.5688054295521,1
67.371473950302,5455.09253956181,72.2887970741396,1.83134050401923,0.226831962314227,0.0301850321617775,65.5580537882641,1
67.9317342387991,5414.63835978863,72.1234441447832,1.83104434252667,0.226195663910216,0.0300059352905446,65.5474468168627,1
68.4919945272962,5374.27655305019,71.9590710896187,1.83075211504337,0.225563423228625,0.0298290780875493,65.5369807767023,1
69.0522548157933,5334.00656793994,71.7956642642238,1.83046356129352,0.224935186405987,0.0296543141701239,65.5266463478052,1
69.6159336498249,5293.58297672894,71.6322213040906,1.83017666503735,0.224307101412047,0.0294804337166996,65.5163713219734,1
70.1796124838565,5253.25124586573,71.4697343140078,1.82989321995368,0.223682978129099,0.0293085215124071,65.5062199363824,1
70.7432913178882,5213.01084549746,71.3081942910615,1.8296131876952,0.223062777598734,0.029138555819738,65.4961908159091,1
71.3069701519198,5172.86123904512,71.1475890423933,1.82933636272459,0.222446451011106,0.0289704210059867,65.4862766003833,1
71.8727818122615,5132.65048834553,70.9873033705766,1.82906147458917,0.221831637681025,0.0288033556112134,65.4764317915763,1
72.4385934726033,5092.53016867542,70.8279400923309,1.82878964475271,0.221220645778624,0.0286380372521035,65.4666965504472,1
73.004405132945,5052.49976679702,70.6694913359585,1.82852087422391,0.220613440401195,0.0284744663025278,65.4570709109939,1
73.5702167932867,5012.55876223971,70.5119459204882,1.82825498986979,0.220009976429188,0.0283125453369087,65.447548673308,1
74.1373518630642,4972.61352806565,70.3549266569408,1.82799116696077,0.219408808369967,0.0281517816244576,65.4381003023498,1
74.7044869328417,4932.75709316559,70.1987973330381,1.82773012619019,0.21881132415676,0.0279926092276399,65.4287516052861,1
75.2716220026192,4892.98896120705,70.0435508833701,1.82747189191272,0.218217491918302,0.0278350416401534,65.41950345208,1
75.8387570723966,4853.30862831571,69.8891768708049,1.8272163100852,0.217627269382164,0.027678992165857,65.410350326423,1
76.4067217750238,4813.65773750585,69.7354402237833,1.82696281633003,0.217039756659227,0.0275241254211489,65.401272017493,1
76.974686477651,4774.09392033855,69.5825622990181,1.82671189839687,0.216455794414375,0.0273707334781141,65.3922859896593,1
77.5426511802781,4734.61669723391,69.4305366405016,1.82646359463002,0.215875353174759,0.0272188376953103,65.383393613885,1
78.1106158829053,4695.22558088073,69.2793533917222,1.82621776233468,0.215298392988955,0.0270683577580554,65.3745897803083,1
78.6791138816615,4655.88321930249,69.1288611844716,1.82597398779056,0.214724334876492,0.0269190495215992,65.3658596737188,1
79.2476118804178,4616.62617718271,68.9791977753607,1.82573262510445,0.214153698907874,0.026771123359596,65.3572159722398,1
79.816109879174,4577.45399128207,68.8303571970925,1.82549372123057,0.213586457608753,0.0266246054737371,65.3486603552275,1
80.3846078779303,4538.36619051224,68.6823300724955,1.82525714038564,0.21302257301031,0.0264794194386266,65.3401879604145,1
80.9534619326388,4499.337902782,68.5350143244746,1.82502255632816,0.212461654911613,0.0263353741765152,65.3317871055538,1
81.5223159873473,4460.39318915227,68.3884987504113,1.82479024665686,0.211904035999628,0.0261926331521587,65.3234677288147,1
82.0911700420558,4421.53160217635,68.2427777954043,1.8245602638653,0.211349690535065,0.0260512256854789,65.3152317080069,1
82.6600240967643,4382.7526864843,68.0978424962956,1.82433247655253,0.210798582302999,0.0259110778194997,65.3070743378966,1
83.2291271786877,4344.03906553251,67.9536201998868,1.82410661013825,0.210250433723267,0.0257720298554284,65.2989857864546,1
83.7982302606111,4305.40730256122,67.8101707267303,1.82388289803805,0.209705466803034,0.025634218082132,65.2909744095959,1
84.3673333425345,4266.85696530784,67.6674888836248,1.82366139653026,0.209163657354201,0.0254976739519083,65.283042220754,1
84.9364364244578,4228.38761353937,67.525566076862,1.82344197714927,0.208624970751199,0.0253623251631241,65.2751846199122,1
85.5057223166571,4189.98648944741,67.3843477305853,1.82322439681194,0.208089198597302,0.0252280311641234,65.2673929031226,1
86.0750082088564,4151.66554696263,67.2438760850489,1.82300886288469,0.207556495895316,0.0250949121629208,65.259674493488,1
86.6442941010557,4113.42436838075,67.1041462728862,1.82279543441692,0.207026839871336,0.0249630011744673,65.2520315037621,1
87.213579993255,4075.26252799754,66.9651500373527,1.82258398503871,0.206500197362757,0.0248322270804884,65.2444594090718,1
87.7830060230364,4037.17023599565,66.8268444188534,1.82237429179882,0.20597640444504,0.0247024615728932,65.2369502265237,1
88.3524320528178,3999.15649386078,66.6892605522765,1.82216654617706,0.205455573896682,0.0245738150085286,65.2295108103578,1
88.9218580825992,3961.22089782762,66.5523938689431,1.82196080939448,0.20493768424926,0.0244463216279572,65.2221433511763,1
89.4912841123806,3923.36303611351,66.4162364237606,1.82175695667596,0.204422703700139,0.0243199112145687,65.2148433813053,1
90.0608211696653,3885.57513866396,66.2807531749256,1.82155477872853,0.203910498656682,0.0241944637690098,65.2076034070611,1
90.63035822695,3847.86420574109,66.1459678449929,1.8213544568814,0.203401153792034,0.0240700833181226,65.2004299192381,1
91.1998952842347,3810.22984691796,66.0118761421072,1.82115605415895,0.202894648852344,0.0239468051208509,65.1933251730893,1
91.7694323415193,3772.67166374174,65.8784704119371,1.82095944706881,0.202390953307026,0.0238245596866427,65.1862847469583,1
92.3390591743216,3735.1833560036,65.7457213803351,1.82076443620556,0.201889955670837,0.0237032330336559,65.1793015013239,1
92.9086860071239,3697.77047392773,65.6136474924184,1.82057119604242,0.201391720669034,0.0235829248826306,65.1723816815169,1
93.4783128399263,3660.43263984947,65.4822447146443,1.82037979116805,0.200896229183287,0.0234636713763201,65.1655275988741,1
94.0479396727286,3623.16946807663,65.3515056654268,1.82019009916674,0.200403451877472,0.0233454036341106,65.1587348703662,1
94.6176396522059,3585.97580268231,65.2214055521802,1.82000192824201,0.199913294446683,0.0232280123092159,65.1519966290262,1
95.1873396316833,3548.85606974944,65.0919588088654,1.81981544796173,0.199425806506989,0.0231115940143817,65.1453189445717,1
95.7570396111606,3511.80990382631,64.9631616440046,1.81963072431302,0.198940970004973,0.0229961856827204,65.1387041784779,1
96.326739590638,3474.83693143768,64.8350069327395,1.8194476358108,0.198458756728989,0.0228817189612482,65.1321479811062,1
96.8964988871401,3437.93294124949,64.7074735599061,1.81926599681652,0.197979086465513,0.0227680882602136,65.1256437060714,1
97.4662581836423,3401.10143472906,64.5805727308919,1.8190859732014,0.197501996713854,0.0226553878259996,65.1191972907598,1
98.0360174801444,3364.34205811544,64.4543008816752,1.81890763222753,0.197027470421349,0.0225436553124088,65.1128111423543,1
98.6057767766465,3327.65444963294,64.3286511295977,1.81873085322953,0.196555480436808,0.0224328228315273,65.1064809406299,1
99.1755833323752,3291.03521359777,64.2036055034735,1.81855545574102,0.196085958581666,0.0223227879562355,65.1002002244727,1
99.7453898881038,3254.48705538559,64.0791724917472,1.81838160273114,0.195618932197104,0.0222136430531966,65.0939748273874,1
100.315196443832,3218.00963243057,63.9553487445148,1.81820936263869,0.195154385172275,0.0221054264414859,65.087807198742,1
100.885002999561,3181.60259416503,63.8321276079762,1.81803861552852,0.194692291357367,0.0219980706477155,65.0816930445123,1
101.454845949101,3145.26327160972,63.7094938756331,1.81786918538854,0.194232593141099,0.0218914759760897,65.0756260631424,1
102.02468889864,3108.99366245214,63.5874536769677,1.81770123284438,0.193775309078653,0.021785733255046,65.0696120042547,1
102.59453184818,3072.79343485139,63.4660038638985,1.8175348274294,0.193320423946484,0.0216808814225203,65.063653356453,1
103.16437479772,3036.66224898133,63.3451379991358,1.81736984986286,0.192867912541354,0.0215768533768615,65.0577458491965,1
103.734244138006,3000.59809660544,63.2248433517896,1.81720612802963,0.1924177266971,0.0214735518196807,65.0518833205202,1
104.304113478293,2964.60233308972,63.1051239610145,1.81704382063129,0.191969877213431,0.0213710662972819,65.0460714511819,1
104.87398281858,2928.67463687217,62.9859768691498,1.81688299822429,0.191524349703479,0.0212694363261232,65.0403127664587,1
105.443852158867,2892.81467842543,62.8673958439334,1.81672354211608,0.191081119859549,0.0211685951388472,65.0346030169146,1
106.013738557573,2857.0210578838,62.749370396071,1.81656528363271,0.190640148050306,0.0210684475619226,65.02893616385,1
106.58362495628,2821.2945400532,62.6319026889739,1.81640837988482,0.19020143814325,0.0209690820628532,65.023317831084,1
107.153511354986,2785.63481322743,62.5149899447906,1.81625290238838,0.189764976541039,0.0208705387006915,65.0177505782852,1
107.723397753693,2750.0415577577,62.3986261255749,1.8160987329798,0.189330739783908,0.0207727510089085,65.0122301749977,1
108.293292433508,2714.51393822257,62.2828027853884,1.81594570603951,0.188898696003504,0.0206756257076882,65.0067506919316,1
108.863187113324,2679.05217218797,62.1675203917664,1.81579397736317,0.188468842824727,0.0205792503542907,65.0013177058455,1
109.43308179314,2643.65595740191,62.0527763367661,1.81564361936869,0.188041167395765,0.0204836655178316,64.9959338087337,1
110.002976472956,2608.32498369524,61.9385647667444,1.81549451436781,0.187615647060281,0.0203888050023134,64.9905947871972,1
110.441439344854,2581.1864172658,61.8510512424409,1.8153805314285,0.187289712709563,0.0203162482936712,64.98651339303,1
110.879902216753,2554.08615315249,61.7638485168125,1.81526726323011,0.18696503566034,0.020244105096295,64.9824575971271,1
111.318365088652,2527.02405907784,61.6769559844124,1.81515477301959,0.18664161191775,0.0201724108855561,64.9784296634236,1
111.75682796055,2500,61.5903719075311,1.81504305755361,0.18631943406831,0.0201011637953394,64.974429475643,1
111.785213701578,2498.24906168472,61.7581498115661,1.82527007569772,0.186823078759965,0,38.1053374980846,2
111.813599442606,2496.49494024956,61.8158436692132,1.82900806789419,0.186993689748694,0,62.6211269941016,2
111.841985183634,2494.74066930528,61.7697856156914,1.82660923763916,0.186850449098965,0.343636890014849,85.5977454204981,2
111.870370924662,2492.98909364275,61.626961272276,1.81849574588098,0.186414513573615,0.677933095813645,106.906898770331,2
111.89875666569,2491.24285906357,61.3948828454051,1.80514549854692,0.185708630453818,0.984742275135601,126.463940299907,2
111.927142406717,2489.50438689744,61.0813327649561,1.78707017681442,0.184756361811243,1.26336673289697,144.22439662602,2
111.955528147745,2487.77587766475,60.6941681893818,1.76479724911392,0.183581493071565,1.51366895939512,160.179502392672,2
111.983913888773,2486.05931062228,60.2412143937701,1.73885788526846,0.182207710504045,1.73599755768347,174.351478643087,2
112.007792895536,2484.62582361891,59.814892183002,1.71458321236826,0.180915144934564,1.90191056379126,184.92733743707,2
112.031671902298,2483.20296234065,59.3519164889258,1.68838780848774,0.179511786801569,2.0491930917548,194.315629258014,2
112.055550909061,2481.79155100301,58.8565588754684,1.66056062138035,0.178010562231358,2.17861026570293,202.565125568906,2
112.079429915824,2480.39231477527,58.3328999011981,1.63137530228923,0.176423818447007,2.29102876310391,209.73107117208,2
112.102823165922,2479.03395471825,57.7961845683793,1.60171421524498,0.174797725618516,2.38558346865256,215.758320253053,2
112.12621641602,2477.68838991462,57.2394568832207,1.57122027914643,0.173111187997494,2.46565820352333,220.862569048819,2
112.149609666118,2476.35605103522,56.6659286104244,1.54009984704036,0.17137392189418,2.53220944312021,225.104786377633,2
112.173002916216,2475.03729670921,56.0785915240459,1.50854142699314,0.169594977464637,2.58620261960187,228.546511991622,2
112.197184752961,2473.68867382797,55.4598848173336,1.47564020065372,0.167721161598184,2.62983620716048,231.32788459632,2
112.221366589705,2472.35512555418,54.8321957045382,1.44262237572789,0.165820271878846,2.66211730759983,233.385612758309,2
112.24554842645,2471.03683817144,54.1980968831867,1.40963809071586,0.163900089011682,2.6840562095906,234.78409553191,2
112.269730263195,2469.73393898205,53.5599267181381,1.37681942035445,0.161967684424431,2.69662389075727,235.585226159757,2
112.295545006296,2468.36012216755,52.8765485607918,1.34209680662368,0.159898495715645,2.70074107666145,235.847696387357,2
112.321359749398,2467.00394950117,52.1932312113609,1.30781357624886,0.157829592012028,2.6962932684366,235.564205913637,2
112.3471744925,2465.66539334333,51.5120181876754,1.27407106730337,0.155767151330258,2.68427344528796,234.798050436052,2
112.372989235602,2464.34437664262,50.8347111462762,1.2409535253098,0.153716619857387,2.66560366881122,233.608005135902,2
112.401616077889,2462.89981638224,50.0900885074265,1.20504181442462,0.151462380615438,2.63815200473408,231.858176473349,2
112.430242920176,2461.47645249642,49.3540446775828,1.17005641905078,0.149234197027046,2.60462479637783,229.721072600231,2
112.458869762463,2460.07401743005,48.6281525975737,1.13605329361184,0.147036821697987,2.56597923654727,227.25770807823,2
112.48749660475,2458.69220213188,47.9137304575438,1.10307256274902,0.144874236640123,2.52307492869748,224.522876809984,2
112.521650754777,2457.07007699741,47.0778663181514,1.06509709278069,0.142344123044797,2.46737679467374,220.972530615227,2
112.555804904805,2455.47617231404,46.2613217787257,1.02863673234322,0.139872567929329,2.40784698849439,217.17794071484,2
112.589959054833,2453.9098103389,45.465218242205,0.993696121843885,0.137462954873749,2.34547370575302,213.202097896465,2
112.624113204861,2452.37027918567,44.6903691746258,0.960264367299177,0.135117736326894,2.28110315572078,209.098942282331,2
112.660070428192,2450.77765310613,43.8981682169249,0.926671826626766,0.132720058824933,2.21196352281646,204.691791009261,2
112.696027651523,2449.21307142672,43.1304867076118,0.894686480692013,0.130396645861215,2.14210925880662,200.239086283076,2
112.731984874854,2447.67565121049,42.3874767138851,0.864261325457221,0.128147949328547,2.07212680598371,195.77820984446,2
112.767942098185,2446.16450549347,41.6690998364113,0.835342968365266,0.125973845504625,2.00249823503147,191.339890451238,2
112.803899321516,2444.67874883905,40.975151595842,0.807873259211467,0.123873708829185,1.93361424575822,186.949032586935,2
112.839856544848,2443.21750980838,40.305311807748,0.781791768699696,0.121846564245305,1.86579004298627,182.625728440918,2
112.875813768179,2441.77993019595,39.6591650901834,0.757036884578398,0.119891149212122,1.79927598974707,178.385936977421,2
112.91177099151,2440.36516617249,39.0362152944129,0.733546567512943,0.118005957342728,1.7342665636086,174.242054840722,2
112.946286186031,2439.02783428185,38.4595461808141,0.712130438963517,0.116260840009126,1.67341610197799,170.363276963299,2
112.980801380552,2437.71005393381,37.903200997239,0.691769023293984,0.114577242094503,1.61418378948805,166.587644738991,2
113.015316575073,2436.41113404556,37.3666218408608,0.672410163753805,0.112953472134161,1.55663806853453,162.919520920671,2
113.049831769594,2435.13040169967,36.8492299348893,0.654003220439709,0.111387775830832,1.50082361622813,159.36175338494,2
113.084312457695,2433.86845791542,36.3509213944792,0.636516299327197,0.109879836272157,1.44681831058455,155.919306315634,2
113.118793145795,2432.62338486319,35.8705759997384,0.619883770806893,0.108426261258319,1.39457452507405,152.589143882569,2
113.153273833895,2431.39457400577,35.4075997801865,0.604060871916126,0.107025251339445,1.34408808867138,149.371000223335,2
113.187754521995,2430.18143603847,34.961400581965,0.589004817672743,0.105675012789796,1.29534384060222,146.263908953087,2
113.222899393282,2428.9604691695,34.5232634192169,0.574405648389823,0.104349171696442,1.24742855934335,143.20965885759,2
113.25804426457,2427.75461410041,34.1013372674005,0.560519835587185,0.103072386090216,1.20126574910137,140.267116613718,2
113.293189135857,2426.56331210182,33.6950254859255,0.547308571374739,0.101842849145424,1.15681707572486,137.433838690225,2
113.328334007144,2425.38602409012,33.3037441453647,0.534735085489061,0.100658792664784,1.11403957574682,134.707086467966,2
113.36449729732,2424.18870309468,32.9162144605943,0.522426371517937,0.0994860847018662,1.0717181078413,132.009403602033,2
113.400660587496,2423.00512884257,32.5433964516074,0.510720439638054,0.0983578903437948,1.03106419337296,129.418015694681,2
113.436823877672,2421.8347802871,32.1847090235173,0.499583671756875,0.0972724502921002,0.992023289855543,126.929446042371,2
113.472987167848,2420.67715603813,31.8395894294095,0.488984387530061,0.0962280608903425,0.95453974732675,124.540147347081,2
113.510403899436,2419.49228885716,31.496210790033,0.478551745777806,0.0951889309932157,0.917336598229229,122.168722379122,2
113.547820631025,2418.32001816613,31.166197910501,0.468631625002991,0.0941902384996176,0.881679023491296,119.895817052997,2
113.585237362613,2417.15985468683,30.8489953982052,0.459194965285858,0.0932303022396345,0.847505967712229,117.717539510359,2
113.622654094202,2416.01132855254,30.544068993651,0.450214478804885,0.0923075050812909,0.814757256296926,115.630054037868,2
113.661502115627,2414.83069945944,30.2399187219834,0.441345734120809,0.0913870437628874,0.782199840057958,113.554762979955,2
113.700350137052,2413.66164879873,29.9479018177096,0.432914372477222,0.0905032881839992,0.751050407468764,111.569221108695,2
113.739198158478,2412.50371580341,29.6674941724561,0.4248953244882,0.0896546521046109,0.721246887943961,109.669471854028,2
113.778046179903,2411.35645870003,29.3981939087265,0.417265104863739,0.0888396166202686,0.692729179698509,107.851684143197,2
113.818471805256,2410.17349222809,29.1292348986257,0.409714222377436,0.0880255972123797,0.66435626262451,106.043126603944,2
113.858897430608,2409.00117487064,28.8712710855432,0.402537495975334,0.0872448377499605,0.637250490995621,104.315340788591,2
113.89932305596,2407.83907243736,28.6238124310673,0.395713331748231,0.0864958552879877,0.611351898882437,102.664504284107,2
113.939748681313,2406.68676919265,28.3863911878087,0.389221531243664,0.0857772343803622,0.586603029013083,101.086954587009,2
113.981879658107,2405.49585561644,28.1491553794996,0.382789211192148,0.0850591544227217,0.56197445125212,99.5170734703162,2
114.024010634902,2404.3147261918,27.9218599945088,0.376677493749282,0.0843711415516733,0.538476083740215,98.0192354038384,2
114.066141611697,2403.14297208233,27.7040500643412,0.370867796441449,0.083711819094864,0.516051759482083,96.5898601303476,2
114.108272588491,2401.9802022822,27.4952923298236,0.365342753966676,0.0830798761041972,0.494648023359009,95.2255402560168,2
114.152225758303,2400.77631421166,27.2867087874936,0.35986462318836,0.0824484365779157,0.473351497603944,93.8680551400122,2
114.196178928115,2399.58139572459,27.0870873412977,0.354661535945618,0.0818441030561741,0.453056143535586,92.5743877564271,2
114.240132097928,2398.39506250944,26.8960079299244,0.349717507355555,0.0812656046100336,0.433710410093289,91.3412520821022,2
114.28408526774,2397.21694740139,26.7130712324598,0.345017607021455,0.0807117330916306,0.415265457405856,90.1655349134938,2
114.329971762041,2395.99540124332,26.5303659326632,0.340356378711514,0.0801585348026854,0.396920330662048,88.9961818425196,2
114.375858256343,2394.78205267054,26.3557157987793,0.335931309076704,0.079629697838066,0.379457261142048,87.8830537794208,2
114.421744750644,2393.57654127963,26.1887347595386,0.331728645451919,0.0791240542084204,0.362829588935881,86.8231764782769,2
114.467631244945,2392.37852309003,26.0290562969467,0.327735544597591,0.0786404951045301,0.346993245919366,85.8137409016233,2
114.515560482106,2391.13481858079,25.8696908821159,0.323775474022107,0.0781578530661666,0.331251897828239,84.8103615231029,2
114.563489719267,2389.89857816821,25.7175410344366,0.320018283212167,0.0776970316983791,0.316284209847392,83.8562975855547,2
114.611418956427,2388.66946484332,25.5722532800633,0.316452132143655,0.0772569617149827,0.302048359811391,82.9488832160284,2
114.659348193588,2387.44715727096,25.4334924067082,0.31306596297256,0.0768366290944427,0.288504934249738,82.085606079243,2
114.675222229262,2387.04377977601,25.3889191986813,0.311982362546942,0.076701601301001,0.28416561868391,81.8090121915084,2
114.691096264937,2386.64110450609,25.3450159868624,0.310917011945162,0.0765685995403677,0.279896888728475,81.5369176441529,2
114.706970300611,2386.23912091305,25.3017718824357,0.309869561834474,0.0764375908749145,0.27569747942755,81.2692418050204,2
114.722844336285,2385.83781861771,25.259176189308,0.308839670619381,0.0763085429501822,0.271566150800119,81.0059056339298,2
114.729636660643,2385.66631140123,25.2411454421175,0.308404272771008,0.0762539158792385,0.269818897556386,80.8945335130306,2
114.736428985001,2385.4949262611,25.22323067427,0.307972002780929,0.0761996395173817,0.268083792520421,80.7839357556273,2
114.743221309358,2385.3236624123,25.2054310796835,0.307542835147943,0.0761457114263364,0.266360742655455,80.6741064312718,2
114.750013633716,2385.15251907523,25.1877458584181,0.307116744612594,0.0760921291864129,0.264649655715837,80.5650396599446,2
114.7541952786,2385.04721526736,25.1770107553063,0.306858288015522,0.0760596030621534,0.263611791755906,80.4988849735448,2
114.758376923483,2384.94195676436,25.1660664432981,0.306594838476472,0.0760264450425624,0.273222917997834,81.1115312646973,2
114.762558568367,2384.83674527205,25.1544687000754,0.306315583411416,0.075991313141832,0.292510541962251,82.3409887264449,2
114.766740213251,2384.73158376382,25.142069948136,0.30601695174633,0.0759537615409131,0.311507756686153,83.551934565631,2
114.770921858134,2384.62647580122,25.1289110558623,0.305699965952659,0.0759139137145788,0.330217074385319,84.74452891892,2
114.775103503018,2384.52142446031,25.114990870683,0.305364626381065,0.0758717661922662,0.348636808454132,85.9186642765689,2
114.779285147902,2384.41643289966,25.1003212719578,0.305011251844495,0.0758273548725824,0.366766741188036,87.0743267613239,2
114.783466792785,2384.31150422825,25.0849141452893,0.304640162297575,0.0757807156727525,0.38460678358223,88.2115106996697,2
114.804375017204,2383.78790970007,24.9972305376582,0.302530220993136,0.0755153553818244,0.469464057319041,93.6205974813685,2
114.825283241622,2383.26632508922,24.8928883501817,0.300025743521914,0.075199675799552,0.547129668920353,98.5712644851787,2
114.84619146604,2382.74708332024,24.7733495373666,0.297166781187416,0.074838094572793,0.617718820994455,103.070855090212,2
114.867099690459,2382.23048732753,24.6400465998004,0.293992731724445,0.0744349402221182,0.681404161228484,107.130374410766,2
114.887709878352,2381.7241109244,24.4965325394499,0.290592945940121,0.0740009533243908,0.73764011357373,110.715045518289,2
114.908320066245,2381.22080491589,24.3422884643098,0.286959631745731,0.073534560519171,0.787631219487041,113.901649913105,2
114.928930254138,2380.72077769367,24.1785481166595,0.283126453201109,0.0730394894554159,0.831654944075799,116.707874111809,2
114.949540442031,2380.22421306358,24.0064872010713,0.279125236509476,0.0725192923387761,0.870010415957245,119.152785533471,2
114.970351469404,2379.72648566715,23.8254420907811,0.274944933345959,0.0719719609002848,0.903308367601448,121.275314328004,2
114.991162496777,2379.23259279917,23.6381300682608,0.270652326483169,0.0714057082204294,0.931480586136933,123.071112286885,2
115.011973524149,2378.74265435021,23.445562682565,0.266273788683256,0.0708235903108769,0.954864253938576,124.561672499698,2
115.032784551522,2378.2567700715,23.2486829874611,0.261833492761648,0.0702284561799515,0.973796207890721,125.768466033754,2
115.05447233467,2377.75481637066,23.0398634545303,0.257164127251598,0.0695972485649767,0.989147563309608,126.747020991786,2
115.076160117817,2377.25742343237,22.8282215262769,0.25247398703153,0.0689575265956766,1.00039286312203,127.463842632071,2
115.097847900964,2376.76464343993,22.6145927297239,0.247783119714023,0.0683118142347343,1.00788787934816,127.941609009493,2
115.119535684111,2376.27651140626,22.3997387197054,0.243109297452142,0.0676624122237643,1.0119740802425,128.202086411128,2
115.142823217338,2375.75756946585,22.1684580470637,0.238127460264568,0.0669633738158059,1.01293702995929,128.263478327432,2
115.166110750564,2375.24401287373,21.9373262193245,0.233199975967494,0.0662647979066729,1.01072445215956,128.122451770875,2
115.189398283791,2374.73583027424,21.7070280385658,0.228341168377269,0.065568752873519,1.00569258498839,127.80171450992,2
115.212685817017,2374.23299535141,21.4781699583439,0.223563123258575,0.0648770703730147,0.998173066048656,127.322406195435,2
115.23878291912,2373.67579930173,21.2240671384609,0.218316905852656,0.0641091007251886,0.987168620382699,126.620958501538,2
115.264880021222,2373.1251948145,20.9730872742825,0.213196028742872,0.063350579334187,0.973820071299149,125.770089964026,2
115.290977123325,2372.58109334327,20.7257849368767,0.208209387859087,0.0626031808766302,0.958486525894611,124.79269122913,2
115.317074225428,2372.04339293365,20.482627286447,0.203363648767534,0.0618683159571289,0.941491850411664,123.709406577663,2
115.349733509535,2371.37932948809,20.1847489519361,0.197504927316131,0.0609680845045846,0.918323685845108,122.232606353915,2
115.382392793642,2370.72486975378,19.8945643830465,0.191879644496656,0.0600911130180402,0.893506702966328,120.650704941121,2
115.41505207775,2370.0797555734,19.6125342119026,0.186490133544662,0.0592387917894344,0.8674735311975,118.991279539052,2
115.447711361857,2369.44371515035,19.3389895195042,0.181335979545945,0.058412119784822,0.840594230141753,117.277918945699,2
115.483523185575,2368.75637354982,19.0490462864278,0.17595157275578,0.0575358948442509,0.81051796034045,115.360774281992,2
115.519335009294,2368.07922510179,18.7697240750323,0.170841060623279,0.0566917706872114,0.780146388398783,113.424805903315,2
115.555146833013,2367.41188945511,18.5010789498576,0.165996895620137,0.055879915311667,0.749765292073306,111.488230213124,2
115.590958656731,2366.7539843509,18.2430734235798,0.161410142505947,0.0551002141885228,0.719606813921774,109.565844734367,2
115.620299568889,2366.22171891902,18.0395363009625,0.157837056926275,0.0544851183836028,0.695194765324771,108.009752690734,2
115.649640481047,2365.69532285427,17.8429732155667,0.154424373624222,0.0538910978120724,0.671140626920842,106.47647487949,2
115.678981393206,2365.17459349894,17.6532721294977,0.151166219022856,0.0533178134386475,0.647512469248379,104.97035034034,2
115.708322305364,2364.65933118251,17.4703023627443,0.148056622500889,0.0527648699483597,0.62436501699206,103.494867405172,2
115.73661403151,2364.16748777054,17.3001131509102,0.145193283805066,0.0522505481842045,0.602540898716222,102.103737576526,2
115.764905757656,2363.68037433338,17.135907610994,0.142457166358771,0.0517543073975231,0.581234130599435,100.74558522072,2
115.793197483803,2363.19782388098,16.9775395051424,0.139843026013252,0.051275705419117,0.560467705709262,99.4218759933774,2
115.821489209949,2362.71967321287,16.8248563643927,0.137345706050883,0.0508142812827811,0.540258170370335,98.1336646138619,2
115.849817150096,2362.24515936336,16.6775162503264,0.134957176172066,0.0503690014515491,0.520591757123732,96.880073515226,2
115.878145090242,2361.77474275736,16.5355595150292,0.13267580409904,0.0499399877372814,0.501501370731309,95.6632001438847,2
115.906473030389,2361.30827335617,16.398826149415,0.130496838357984,0.049526756465493,0.482989739618928,94.483218421507,2
115.934800970536,2360.84560528072,16.2671552058889,0.128415677343915,0.0491288211479732,0.465056140613244,93.3400822536143,2
115.963534687215,2360.38004805576,16.1386048135501,0.126400062101526,0.0487403129377091,0.447452461456746,92.2179762987803,2
115.992268403893,2359.91811412755,16.0149321992918,0.124476064490315,0.0483665424511998,0.430433791956358,91.1331606734997,2
116.021002120571,2359.45966586164,15.8959739871884,0.122639423564103,0.0480070159108745,0.413992080109326,90.0851221199065,2
116.04973583725,2359.00456993308,15.7815687137324,0.120886048247713,0.0476612453339946,0.39811749932659,89.073234262194,2
116.079095960626,2358.54288149188,15.6692070399411,0.119176381027434,0.0473216465463286,0.382470975366589,88.0758836139153,2
116.108456084002,2358.0844267184,15.5612683796509,0.117545582982773,0.04699541091004,0.367391933595136,87.1147060456868,2
116.137816207377,2357.62907827946,15.4575916326909,0.115989859963543,0.0466820515740509,0.352866518792371,86.1888183836624,2
116.167176330753,2357.17671318197,15.3580192308263,0.114505588639895,0.0463810923714909,0.338880104676311,85.2972883039227,2
116.197320015006,2356.71525488628,15.2598984613935,0.11305241965317,0.0460845153177189,0.325065297868231,84.4166972095927,2
116.227463699258,2356.25669361159,15.1657819251714,0.111667389835475,0.045800035721335,0.311786130618592,83.5702494501213,2
116.257607383511,2355.8009111535,15.0755140348606,0.110347135672649,0.0455271834260375,0.299025815420786,82.7568749380658,2
116.287751067763,2355.34779360678,14.9889436498937,0.109088456423582,0.0452655017207571,0.28676740776468,81.975493577986,2
116.318803817383,2354.88368214113,14.9034744663265,0.107852997346857,0.0450071424788515,0.274646280574916,81.2028631378031,2
116.349856567003,2354.42216825738,14.8216204488821,0.106676521258598,0.0447597048903402,0.263021641473127,80.4618803974865,2
116.380909316623,2353.963142142,14.7432333971893,0.105556054202881,0.0445227411472655,0.251875496008819,79.7513983349295,2
116.411962066243,2353.50649819391,14.6681700419372,0.104488772917369,0.0442958183479453,0.241190067342425,79.0702837991634,2
116.444032886779,2353.0372762384,14.5939882228767,0.103439493327178,0.0440715535201992,0.23061943844896,78.39648722313,2
116.476103707315,2352.57038086615,14.523059097393,0.102441316918028,0.0438571149822605,0.220503032958767,77.7516442650852,2
116.50817452785,2352.10571014303,14.4552429010412,0.101491617745655,0.043652080437501,0.210822699377534,77.1345978922853,2
116.540245348386,2351.64316623031,14.3904050126307,0.100587907060725,0.0434560431348547,0.201560726558444,76.5442191410734,2
116.573435300793,2351.16662126794,14.3263029745145,0.0996985784984018,0.0432622228862001,0.192397768958052,75.9601522197104,2
116.6066252532,2350.6921551563,14.2651159470669,0.0988535315983737,0.0430772085319286,0.183646206534231,75.402308912008,2
116.639815205607,2350.2196734543,14.2067131317735,0.0980504488650706,0.0429006048831436,0.175288364045701,74.8695625429763,2
116.673005158014,2349.74908567839,14.1509689108633,0.0972871364812912,0.0427320324082963,0.167307131689854,74.3608224804306,2
116.707412918029,2349.26313817843,14.0958575999097,0.0965355895063258,0.0425653652453858,0.159413040291512,73.8576373712495,2
116.741820678045,2348.77904188416,14.0433471944997,0.0958223921363101,0.0424065548741049,0.151888492852983,73.3780081487632,2
116.77622843806,2348.29670953119,13.9933160588652,0.0951454989993755,0.0422552338040491,0.144716660623672,72.9208620958841,2
116.810636198076,2347.81605766041,13.9456476630997,0.0945029756009116,0.0421110499747081,0.137881342533388,72.4851665058218,2
116.846362157875,2347.31868452752,13.8985341224387,0.0938702515486724,0.0419685349064643,0.131123626122144,72.0544178320266,2
116.882088117675,2346.82295302571,13.8537300300134,0.0932706996371899,0.0418329959991974,0.124695485641965,71.6446773580755,2
116.917814077474,2346.32878278903,13.8111228940778,0.0927025140695173,0.0417040934012933,0.118581141565673,71.2549392476269,2
116.953540037273,2345.83609709445,13.770605182244,0.0921639881905058,0.041581502247396,0.112765464203071,70.8842390869715,2
116.99068969865,2345.32527361868,13.7305787925046,0.0916337302295873,0.0414603871634344,0.107019275299258,70.517968708137,2
117.027839360026,2344.81589894232,13.6925922485109,0.0911321118856533,0.0413454336773772,0.101565080892381,70.1703109711981,2
117.064989021402,2344.3078993383,13.6565420446188,0.0906575382730765,0.0412363290967053,0.096388247150153,69.8403330699676,2
117.102138682778,2343.80120455275,13.6223294432527,0.0902085031045474,0.0411327751363767,0.091474787156267,69.5271434346996,2
117.140825754595,2343.27485568201,13.5885531823414,0.0897665031743265,0.0410305303573394,0.086623604817987,69.2179239717797,2
117.179512826411,2342.74977860136,13.5565682908573,0.0893491652787457,0.0409336964722107,0.0820294704257912,68.9250895484474,2
117.218199898227,2342.22590596939,13.526280002168,0.0889550805188619,0.0408419871988886,0.0776789259133799,68.6477823055038,2
117.256886970044,2341.70317374286,13.497598099226,0.088582919238432,0.0407551300019415,0.0735591420028258,68.3851844646823,2
117.297236430947,2341.159129076,13.4693027722748,0.0882167723397049,0.0406694308077347,0.0694950331998543,68.126135961727,2
117.337585891851,2340.61619432253,13.4425707608046,0.0878717906020233,0.0405884535302509,0.0656557495648215,67.8814185178051,2
117.377935352754,2340.07430827217,13.4173157336009,0.0875467296345305,0.0405119373787425,0.0620289985009611,67.6502485643813,2
117.418284813657,2339.5334128339,13.393455674698,0.0872404160434345,0.040439634600541,0.0586030892797149,67.4318808978783,2
117.46043613461,2338.96936146553,13.369935898182,0.0869392515873814,0.0403683490603251,0.0552267050129833,67.2166705755824,2
117.502587455563,2338.40627269636,13.3477711030253,0.0866561747272387,0.04030115605885,0.0520456387012727,67.0139104303589,2
117.544738776517,2337.8440911868,13.3268830543135,0.086390087177359,0.0402378192705916,0.0490487294197226,66.8228890299721,2
117.58689009747,2337.28276453461,13.3071975892901,0.0861399543970842,0.040178114673153,0.0462253864699741,66.6429312902033,2
117.631000797666,2336.69620666245,13.2878087762947,0.0858942244822573,0.0401192945002612,0.0434457975534347,66.4657630790814,2
117.675111497862,2336.1104781174,13.2695856136755,0.0856638729963583,0.0400639949176928,0.0408346698593044,66.2993331129526,2
117.719222198058,2335.52552916155,13.252457601243,0.0854479320293657,0.0400120029713724,0.0383819275401038,66.1429991258002,2
117.763332898255,2334.94131281028,13.2363580633601,0.0852454910249708,0.03996311726184,0.0360780310971735,65.996153040156,2
117.80958261563,2334.3295052297,13.2205139309892,0.0850468015344041,0.039914990244878,0.0338124716569874,65.8517512314464,2
117.855832333006,2333.71840723329,13.2056643796826,0.0848611073440785,0.0398698670554253,0.0316910706273552,65.7165385305246,2
117.902082050382,2333.1079744061,13.1917462676992,0.0846875574587639,0.0398275569728336,0.0297047843931349,65.5899384690857,2
117.948331767758,2332.49816490075,13.178700028099,0.0845253525714522,0.0397878800761414,0.0278450709994329,65.4714065562153,2
117.996927055865,2331.85805731876,13.1658703193267,0.0843663267686818,0.0397488431550904,0.0260186317535358,65.3549962518055,2
118.045522343973,2331.21855257823,13.1538816103075,0.0842182037284133,0.0397123461435358,0.0243144894180237,65.2463815347982,2
118.094117632081,2330.5796112986,13.1426777310584,0.0840802377913775,0.0396782193849151,0.0227245772755468,65.1450482074032,2
118.142712920188,2329.94119648007,13.1322058356998,0.0839517299183986,0.0396463032646237,0.02124129550206,65.0505118330679,2
118.193893036892,2329.26935502123,13.1219140599993,0.0838258967479676,0.0396149156590296,0.0197865909889884,64.9577977351196,2
118.245073153595,2328.59802210654,13.1123263799904,0.083709134465675,0.039585654437283,0.0184346433028643,64.8716336785283,2
118.296253270298,2327.92716309198,13.1033932024832,0.0836007926953908,0.039558369812689,0.0171783067325146,64.7915641733128,2
118.347433387001,2327.25674552692,13.0950680072831,0.0835002630939068,0.0395329212815985,0.0160108679145316,64.717161288689,2
118.401477422693,2326.54925883223,13.0868890798359,0.0834019641765457,0.0395078973055362,0.0148676899204254,64.6443056098391,2
118.455521458386,2325.84219824845,13.0792931707931,0.0833111393476521,0.0394846340079375,0.0138099273254136,64.5768945754604,2
118.509565494079,2325.13553356217,13.0722368614515,0.0832272246701758,0.039463000255688,0.0128312997535098,64.5145278547386,2
118.563609529771,2324.42923656593,13.065679554819,0.0831496940324807,0.0394428734393292,0.01192592490239,64.4568304913184,2
118.578653780254,2324.23268635571,13.0639378278526,0.0831291810176148,0.0394375232914299,0.0116861816333351,64.4415524197171,2
118.593698030736,2324.03616208437,13.0622310904406,0.0831091151279758,0.0394322788074292,0.0114515813865126,64.4266021804198,2
118.608742281218,2323.83966323128,13.0605585920169,0.0830894866703039,0.0394271377205323,0.0112220152286483,64.4119728296788,2
118.623786531701,2323.64318928673,13.0589195975448,0.0830702861564052,0.0394220978108514,0.0109973764444444,64.397657565127,2
118.638830782183,2323.44673975194,13.057313387554,0.0830515043032705,0.0394171569055159,0.0107775605467411,64.383649726426,2
118.653875032666,2323.25031413924,13.0557392584172,0.0830331320362571,0.0394123128795075,0.0105624653236324,64.369942798269,2
118.668919283148,2323.05391197128,13.0541965212134,0.0830151604743186,0.0394075636522285,0.010351990666984,64.3565303994502,2
118.68396353363,2322.85753278073,13.0526845012944,0.0829975809241781,0.0394029071861905,0.0101460385094573,64.3434062788504,2
118.695671906734,2322.70471386512,13.0515285852118,0.0829841652295349,0.0393993461434534,0.00998882157742109,64.3333878260402,2
118.707380279838,2322.55190837834,13.0503905689913,0.0829709778895269,0.0393958391552514,0.00983424131608009,64.3235374428545,2
118.719088652942,2322.39911611258,13.0492701524368,0.0829580150401551,0.0393923853149753,0.00968225405418811,64.3138523455516,2
118.730797026045,2322.24633686349,13.0481670402376,0.0829452728814913,0.039388983730773,0.00953281682018181,64.3043297949893,2
118.736928959106,2322.16632812942,13.0475961228928,0.0829386863320655,0.0393872228015387,0.0094555565017188,64.2994065759629,2
118.743060892167,2322.08632288197,13.0470298309686,0.0829321587596139,0.039385475840225,0.00937897801954425,64.2945268193105,2
118.749192825228,2322.00632109291,13.0464681236437,0.0829256896392244,0.0393837427235502,0.00930307543045035,64.2896901461937,2
118.755324758289,2321.92632273425,13.0459109604496,0.0829192784506004,0.039382023329298,0.0092278428418166,64.2848961809983,2
118.76145669135,2321.84632813334,13.0451712595414,0.082910547114379,0.0393797529093952,0.0154881832622999,64.6839520715518,2
118.767588624411,2321.76633937112,13.0440088112928,0.0828964427939122,0.0393762063408578,0.0233641050092161,65.1859903259849,2
118.773720557472,2321.68635915768,13.0423782224614,0.082876389878566,0.0393712465992514,0.0310652467286379,65.6768875376288,2
118.779852490533,2321.60639034635,13.04027988465,0.0828503954074932,0.0393648748720804,0.038591251354256,66.1566209458682,2
118.785857691822,2321.52808809187,13.0377942783851,0.0828194706925164,0.0393573348855815,0.0457952391037874,66.6158279265348,2
118.791862893111,2321.44980202803,13.0348892559937,0.0827832239435563,0.03934852882578,0.052835322389088,67.0645871077351,2
118.7978680944,2321.37153464458,13.031574429572,0.082741780635993,0.0393384857134597,0.0597128610892833,67.5029851725004,2
118.803873295688,2321.29328837401,13.0278593297497,0.0826952655900624,0.0393272343233447,0.066429270613172,67.9311123435034,2
118.826187920562,2321.00275849647,13.0107040170149,0.0824800456049858,0.0392753118258737,0.0899999278910206,69.4335878740308,2
118.848502545435,2320.71266715513,12.9886247048633,0.0822027579312669,0.039208525904478,0.111447571557576,70.8007356614708,2
118.870817170309,2320.42311909348,12.9620761188206,0.0818694581859511,0.039128249427661,0.130860327802797,72.0381731512803,2
118.893131795182,2320.13420930574,12.9314933581363,0.0814859709653152,0.0390357959945068,0.14833188754539,73.1518725028675,2
118.915252414855,2319.84852538673,12.8976028741706,0.0810617627134267,0.0389333598294878,0.163831651532068,74.1398831693074,2
118.937373034528,2319.5636268627,12.8605377514685,0.0805988461090245,0.0388213416302306,0.17761697828526,75.0186100616915,2
118.959493654201,2319.27957992826,12.820659128558,0.080102074083061,0.0387008316651993,0.18978613603272,75.794317112446,2
118.981614273874,2318.99644315693,12.7783070595308,0.0795760067189622,0.0385728565378195,0.200437363243147,76.473266357211,2
119.004680279148,2318.70223030398,12.7318549478004,0.0790008565677939,0.0384325007800289,0.210032213354378,77.0848789407485,2
119.027746284422,2318.40911258481,12.6833968428532,0.078402964454005,0.0382860912141176,0.218190442722879,77.6049166631041,2
119.050812289696,2318.11713263766,12.6332457430722,0.07778646687423,0.0381345727303776,0.225017344378929,78.0400912407438,2
119.073878294971,2317.82632626461,12.5816914367096,0.0771551645308913,0.0379788201405527,0.230614768394587,78.3968949250096,2
119.098389164285,2317.5186224253,12.5256683216722,0.0764719709211718,0.0378095716287304,0.235324811719424,78.6971344407529,2
119.122900033599,2317.21230436841,12.4686551383451,0.0757797487309107,0.0376373363995581,0.238868937691268,78.9230545965721,2
119.147410902913,2316.9073930785,12.4109193714215,0.0750818986955504,0.0374629219011486,0.241353397793458,79.0814282042558,2
119.171921772226,2316.60390337574,12.3527038698413,0.0743814670902139,0.0372870612028853,0.242878460779454,79.1786467172193,2
119.198671078952,2316.27433038809,12.2888814934241,0.0736172990817888,0.0370942657853928,0.243558457303032,79.2219984910649,2
119.225420385678,2315.94646577926,12.2250030440346,0.0728563704573028,0.0369013033724558,0.243321714336585,79.2069142991079,2
119.252169692403,2315.62030804005,12.1612952370752,0.0721013806834707,0.0367088582938211,0.242273832805572,79.1401254849303,2
119.278918999129,2315.29584999954,12.0979582845378,0.0713546607070439,0.0365175348659983,0.240512168263068,79.0278378056005,2
119.309528148282,2314.92664279599,12.0261611384907,0.0705128789920097,0.0363006567092791,0.237735030213061,78.8508214664767,2
119.340137297435,2314.55961924015,11.9553045166436,0.0696870095741806,0.0360866203301616,0.234261440377287,78.6294110007265,2
119.370746446588,2314.19474767964,11.8855812923245,0.0688790954940023,0.0358760078393289,0.230200947295763,78.3705893862189,2
119.401355595741,2313.83199098754,11.8171531115222,0.0680907711432672,0.0356693070781662,0.225651660615067,78.0806104489741,2
119.443226294488,2313.33911901884,11.7258839594166,0.0670463865257479,0.0353936096530833,0.218794145238429,77.6435001772595,2
119.485096993234,2312.85000757121,11.6375497317823,0.066043303934569,0.0351267758059842,0.211378582961203,77.1708181210664,2
119.52696769198,2312.36453020338,11.5523471198743,0.0650829891093734,0.0348693989833316,0.203570089715673,76.6730893049509,2
119.568838390727,2311.88255280064,11.4704090884825,0.0641661571500365,0.0346218802689798,0.195506927175283,76.1591269765585,2
119.60543256255,2311.46407062921,11.4015316591357,0.0634005470870488,0.0344138118115732,0.188341488513925,75.7023871913535,2
119.642026734373,2311.04806174498,11.3352346561401,0.0626680131460393,0.0342135350226402,0.181133465051391,75.2429328640389,2
119.678620906196,2310.63443191578,11.2715243910708,0.0619681293962126,0.0340210687810946,0.173936969695723,74.7842133277752,2
119.715215078019,2310.22308649078,11.2103883604179,0.0613002819763864,0.0338363751778462,0.166796926532436,74.3290921905495,2
119.747378167617,2309.86336120632,11.1587583458658,0.0607391503082135,0.0336803959726638,0.160597423678113,73.9339230917348,2
119.779541257215,2309.50526520531,11.1090694317858,0.0602016047946456,0.0335302775357304,0.154491077382739,73.5446920597785,2
119.811704346813,2309.14873671691,11.06128983304,0.0596870233051438,0.0333859238228987,0.148495280696171,73.1625077850086,2
119.84386743641,2308.79371480549,11.0153822424071,0.0591947409465023,0.0332472221260123,0.142624185656605,72.7882723652008,2
119.875399500692,2308.44706311625,10.9721523176534,0.0587330929320656,0.0331166067381352,0.137000264552539,72.4297924414949,2
119.906931564974,2308.10174737159,10.930640046633,0.0582915466565114,0.0329911772241065,0.131515721262797,72.080196882405,2
119.938463629255,2307.75771422295,10.8908015632557,0.0578694298129043,0.0328708010958404,0.126177245184759,71.7399120927622,2
119.969995693537,2307.41491150799,10.8525907448985,0.0574660612395441,0.032755339057982,0.120989748812083,71.4092512118001,2
120.001654111267,2307.07192182837,10.8158162107661,0.0570792491498055,0.032644212871211,0.115936773220666,71.0871651230117,2
120.033312528997,2306.73007181396,10.780585953796,0.056709969159059,0.0325377489385391,0.111041736971714,70.775146574436,2
120.064970946727,2306.38931345864,10.7468509860582,0.0563575504070965,0.0324357993264775,0.1063058403414,70.473272076509,2
120.096629364456,2306.04960010428,10.7145616838289,0.0560213284097688,0.0323382141861235,0.101729247617755,70.1815521024144,2
120.128766095546,2305.70577656264,10.6832119793658,0.0556959205288606,0.0322434640997459,0.0972457331597663,69.8957653194923,2
120.160902826636,2305.36293808699,10.6532496819414,0.0553858688714282,0.0321529025411167,0.0929243744887627,69.6203148496519,2
120.193039557725,2305.02104100335,10.6246242031444,0.0550905290283341,0.0320663767573506,0.088763243983011,69.3550778209424,2
120.225176288815,2304.68004305761,10.5972852559546,0.0548092706185765,0.0319837349086755,0.0847598190569957,69.099893436474,2
120.258025806656,2304.3323687431,10.5706179604623,0.0545356892569933,0.0319031183064632,0.0808274878207136,68.8492409268181,2
120.290875324496,2303.9855499317,10.5451918712659,0.0542755541584756,0.0318262487566438,0.0770534122639992,68.6086761274149,2
120.323724842337,2303.63954676917,10.5209568075841,0.0540282592140584,0.0317529747464049,0.0734338517119502,68.3779605963808,2
120.356574360177,2303.29432084236,10.4978634614361,0.0537932161787396,0.0316831474004873,0.0699647501602899,68.1568357916921,2
120.390320648694,2302.94044110153,10.4752780361006,0.0535639184311556,0.0316148503033396,0.0665531420233783,67.9393759760428,2
120.424066937211,2302.58730478782,10.4537967729068,0.053346366799946,0.0315498864561458,0.0632911944161864,67.7314559903208,2
120.457813225727,2302.23487554992,10.4333711181071,0.0531399987214069,0.0314881092654706,0.0601741517085818,67.5327726960527,2
120.491559514244,2301.88311846722,10.413953743225,0.0529442712338628,0.0314293758390201,0.0571971259274392,67.3430145187675,2
120.526364173175,2301.52099815425,10.3949351113586,0.0527530002483636,0.0313718424432878,0.0542681870202183,67.1563217615189,2
120.561168832105,2301.15952268114,10.3768924336793,0.0525719533134707,0.031317255193841,0.0514776713484179,66.9784525347938,2
120.595973491036,2300.79865897152,10.3597795422834,0.052400613135926,0.0312654747059276,0.0488203161654578,66.8090713748154,2
120.630778149967,2300.43837534827,10.3435517067675,0.0522384825576822,0.0312163659362253,0.0462908478407426,66.6478421239968,2
120.666795019042,2300.06612202751,10.3276446759873,0.0520798957481929,0.0311682213227798,0.043802379670446,66.4892265950422,2
120.702811888117,2299.69442609337,10.3125942331227,0.0519301676049518,0.0311226624624924,0.0414397500470036,66.3386324097283,2
120.738828757192,2299.32325756002,10.2983570661162,0.0517888259188892,0.031079558597024,0.0391975210993158,66.1957129412149,2
120.774845626267,2298.9525877945,10.2848914185532,0.0516554184421945,0.0310387836657757,0.0370703247982821,66.0601260145887,2
120.812229927192,2298.56834344183,10.2716877454074,0.0515248769319353,0.0309987947018714,0.0349784303518611,65.9267896139718,2
120.849614228118,2298.18457864866,10.259230193328,0.0514019692944072,0.0309610579792915,0.0329992839510999,65.8006401277918,2
120.886998529043,2297.80126635682,10.2474785855717,0.0512862671897098,0.0309254522088439,0.031127492736631,65.6813337983428,2
120.924382829968,2297.41838080393,10.2363943538128,0.0511773616462576,0.0308918609580982,0.0293577866879724,65.5685346980395,2
120.963297919564,2297.02024416121,10.2255256267696,0.05107079901564,0.0308589147766887,0.0276185794331362,65.4576799947473,2
121.00221300916,2296.62251783582,10.2153014715882,0.0509707731544107,0.030827914258285,0.0259790805295691,65.3531810151058,2
121.041128098756,2296.22517754467,10.2056849954931,0.0508768978425689,0.0307987480308135,0.0244340886389136,65.2547062095203,2
121.080043188352,2295.82820023529,10.1966409201589,0.0507888053859793,0.0307713095969094,0.0229785589546507,65.1619340062156,2
121.120666370224,2295.41416218932,10.1877743092197,0.0507026395774629,0.0307444007357236,0.0215493492271523,65.0708398636251,2
121.161289552095,2295.00047303122,10.179459588349,0.0506220303709439,0.0307191577388172,0.0202072297420695,64.9852971269644,2
121.201912733967,2294.58711110444,10.1716632044615,0.0505466316579646,0.0306954793187644,0.018947287422959,64.9049926213301,2
121.242535915839,2294.17405591173,10.1643531906648,0.0504761148635859,0.0306732689773159,0.0177647857027124,64.82962442307,2
121.285064125723,2293.74193815853,10.1571886559046,0.0504071854208449,0.030651490924268,0.0166048974745721,64.7556980636175,2
121.327592335607,2293.31011506368,10.1504920720926,0.0503429401371612,0.0306311253378788,0.0155201489889398,64.6865613477768,2
121.370120545491,2292.87856744927,10.1442332134359,0.0502830708954912,0.0306120809773427,0.0145059777345077,64.6219234467474,2
121.412648755374,2292.44727722061,10.1383833863373,0.050227286027742,0.0305942712278209,0.013558007739383,64.5615054223306,2
121.457304690812,2291.99466765012,10.1326516248925,0.0501728070453596,0.0305768101951866,0.0126293312857695,64.5023176575755,2
121.50196062625,2291.54230519249,10.1273124210195,0.0501222394298272,0.030560534036548,0.0117646717595256,64.4472105332769,2
121.546616561688,2291.09017299934,10.1223388123934,0.0500753108957657,0.0305453613645099,0.0109598551252828,64.3959179832968,2
121.591272497126,2290.63825522582,10.1177052951675,0.0500317644624882,0.0305312151949288,0.0102108965434909,64.3481860014284,2
121.638311696131,2290.16243449133,10.1131660391771,0.0499892876365481,0.0305173449504083,0.00947824910277847,64.3014942231595,2
121.685350895136,2289.68681955298,10.1089522291993,0.0499500417975913,0.0305044569939839,0.00879942275938202,64.2582331710859,2
121.73239009414,2289.21139574075,10.1050400626484,0.0499137883212266,0.0304924794780557,0.00817065214502253,64.2181628287841,2
121.779429293145,2288.73614930572,10.1014071063453,0.0498803027016271,0.0304813446892356,0.00758835815136395,64.1810550526215,2
121.829148707273,2288.23400283339,10.0978475567502,0.0498476869961817,0.0304704217924302,0.00701970177927951,64.1448171213459,2
121.878868121401,2287.73202665433,10.0945542985162,0.0498177076676716,0.0304603026224734,0.00649565275864766,64.1114226031014,2
121.928587535529,2287.23020812341,10.0915065533536,0.0497901575759837,0.030450924462258,0.00601286134316254,64.0806579745089,2
121.978306949658,2286.7285354323,10.0886848112466,0.0497648424813349,0.0304422284234584,0.00556815677367565,64.052321121391,2
122.031055686465,2286.19644394208,10.0859180863903,0.0497402281356339,0.0304336874997997,0.00513470710154731,64.0247023011287,2
122.083804423273,2285.66449267163,10.0833660753908,0.0497177350870479,0.0304257946188564,0.00473765507279851,63.9994035812314,2
122.13655316008,2285.13267084514,10.0810108631415,0.0496971854904948,0.0304184957072649,0.00437406333440635,63.9762377255603,2
122.189301896887,2284.60096843796,10.0788356922178,0.0496784131568581,0.030411740186483,0.0040411628205502,63.9550282251306,2
122.24549503732,2284.03466780554,10.076699223369,0.0496601984969996,0.0304050890304003,0.00371741204047707,63.934402651371,2
122.301688177752,2283.46848239206,10.0747330394788,0.0496436635943856,0.0303989518153675,0.00342284953037524,63.9156376297663,2
122.357881318185,2282.90240313367,10.0729219065188,0.0496286576871093,0.0303932825616913,0.00315493903990706,63.8985714917221,2
122.414074458618,2282.33642163162,10.0712516302792,0.0496150404036934,0.0303880384286123,0.00291129916713812,63.8830524391675,2
122.474211225611,2281.73081924988,10.0696054666333,0.0496018604040906,0.0303828528183221,0.00267496968557402,63.8680001682784,2
122.534347992604,2281.12531183344,10.0680918363638,0.0495899863029171,0.0303780672063414,0.00246159526831529,63.8544111253191,2
122.594484759597,2280.51989187202,10.066697987269,0.0495792921782274,0.0303736431048567,0.00226902294108462,63.8421480729164,2
122.65462152659,2279.91455243448,10.0654120837912,0.0495696612175123,0.0303695447930899,0.00209523895382051,63.8310826482859,2
122.719309665092,2279.26348141268,10.0641370863663,0.0495603670912728,0.030365462948225,0.00192717969167278,63.8203830522719,2
122.783997803594,2278.61248956514,10.0629630401022,0.0495520668734437,0.0303616857838107,0.00177677756492482,63.8108089774303,2
122.848685942097,2277.96157077642,10.0618794616044,0.0495446572029928,0.0303581816606048,0.00164223967051193,63.8022461384604,2
122.913374080599,2277.31071942522,10.0608766575046,0.0495380425394735,0.030354921324132,0.00152189499938855,63.794588019969,2
122.983363236988,2276.60660269413,10.0598725691151,0.0495316818797478,0.0303516379575908,0.00140592951288521,63.7872101119351,2
123.053352393378,2275.9025535826,10.0589434807012,0.0495260591877823,0.0303485809529375,0.00130320374720912,63.7806761450548,2
123.123341549768,2275.19856721196,10.058080954058,0.0495210913500751,0.0303457248442454,0.0012122572331353,63.7748930244075,2
123.193330706157,2274.49463911433,10.0572772128284,0.0495167017871893,0.0303430461634005,0.00113173280769556,63.7697742401382,2
123.269559094529,2273.72802051072,10.0564605918758,0.0495124989662292,0.0303403060751638,0.00105446674923583,63.7648644106179,2
123.3457874829,2272.96146206937,10.0556980886141,0.0495088283700639,0.0303377293323644,0.000986837226160637,63.7605688437411,2
123.422015871271,2272.194959992,10.0549830789717,0.0495056247933824,0.0303352959447274,0.000927684974507417,63.7568136443604,2
123.498244259643,2271.42851081039,10.0543094729611,0.0495028282939669,0.0303329875341121,0.000875934639677872,63.753530265975,2
123.581905383239,2270.58738540253,10.0536114718738,0.0495001649718841,0.0303305786651234,0.000826529215027817,63.7503978557781,2
123.665566506835,2269.74631679336,10.052951196255,0.049497872446903,0.030328283679904,0.000783895669063059,63.7476971058366,2
123.749227630431,2268.90530211161,10.0523236009732,0.0494959010723203,0.0303260873537278,0.000747141935662505,63.7453711530367,2
123.832888754027,2268.06433873874,10.0517240497659,0.0494942052256423,0.0303239756960432,0.000715440123232723,63.7433672249507,2
123.925529154902,2267.13317260688,10.0510880020382,0.0494926009392415,0.0303217214943867,0.000685357899656959,63.7414683417917,2
124.018169555777,2266.20206421659,10.0504771898579,0.0494912444507375,0.0303195434957514,0.000659838362052708,63.7398602978025,2
124.110809956652,2265.27101147451,10.0498879112841,0.0494900993355208,0.0303174305292283,0.000638220694045566,63.7385009704583,2
124.203450357527,2264.34001246733,10.0493167529263,0.0494891320064264,0.0303153722949264,0.000619888691407165,63.7373510809526,2
124.30711665825,2263.29826927041,10.0486954998485,0.0494882249088544,0.0303131231215502,0.000602618220308673,63.7362710755293,2
124.410782958974,2262.25658963584,10.0480903067783,0.0494874751973232,0.0303109224776144,0.000588268407920589,63.7353772410481,2
124.514449259697,2261.21497210504,10.0474985826493,0.0494868573770278,0.0303087625447095,0.000576372704690712,63.7346398381653,2
124.61811556042,2260.17341533251,10.0469179121167,0.0494863476795001,0.0303066360349196,0.00056649034349255,63.7340307709896,2
124.735581854511,2258.9932791774,10.0462707400214,0.0494858755911982,0.030304259109039,0.000557256497791698,63.7334658185748,2
124.853048148602,2257.81321847426,10.0456331888098,0.0494854973422561,0.030301911303415,0.000549777237136855,63.733012707571,2
124.970514442693,2256.63323226384,10.045003553934,0.0494851961589553,0.0302995874748975,0.000543743269597648,63.7326517227323,2
125.087980736783,2255.45331964015,10.044380204058,0.049484955985097,0.0302972827014779,0.000538853598380469,63.7323636775704,2
125.223109267114,2254.09608536083,10.0436691579143,0.0494847380018875,0.0302946496918632,0.000534321246907452,63.7321019615818,2
125.358237797445,2252.73894680153,10.0429634739081,0.0494845716705474,0.0302920329827237,0.000530761844157644,63.7319022625824,2
125.493366327775,2251.38190337652,10.0422621228209,0.0494844468614172,0.0302894294687224,0.000527987464980017,63.7317526016286,2
125.628494858106,2250.02495450192,10.0415640593542,0.0494843532836796,0.0302868359962253,0.000525802962966775,63.7316405394708,2
125.786814019446,2248.43524699216,10.0407492494377,0.049484272272829,0.0302838068062729,0.000523782584561125,63.7315436021781,2
125.945133180786,2246.84566826601,10.0399372037319,0.0494842169183825,0.0302807861244188,0.000522249128542146,63.7314777003324,2
126.103452342126,2245.25621799679,10.0391273764234,0.0494841818477164,0.0302777723038837,0.000521102591398673,63.731436459394,2
126.261771503466,2243.66689581777,10.0383191317871,0.0494841608002547,0.0302747634268312,0.00052022270843454,63.7314122133107,2
126.451350033454,2241.76393761719,10.0373526894429,0.0494841471926418,0.0302711648659273,0.00051938770990596,63.7313971117242,2
126.640928563441,2239.86116250844,10.0363876093173,0.0494841447606817,0.0302675706565799,0.000518766570135326,63.7313956385509,2
126.830507093429,2237.95857032218,10.0354236640228,0.0494841512666056,0.0302639801126629,0.000518317862103526,63.7314051531022,2
127.020085623417,2236.05616081546,10.0344604763555,0.0494841629945403,0.0302603920962936,0.000517969099144878,63.7314210348492,2
127.252333316514,2233.7258174357,10.0332811064513,0.0494841802768485,0.0302559986697005,0.000517595696448315,63.7314439192875,2
127.484581009611,2231.39574787833,10.0321025054914,0.0494842017728165,0.0302516079257079,0.000517303864382417,63.7314719978665,2
127.716828702709,2229.06595204311,10.0309246392627,0.0494842271480382,0.0302472197608284,0.000517088202679655,63.7315049263576,2
127.949076395806,2226.73642972075,10.0297472577645,0.0494842539392134,0.0302428334208808,0.000516899793323059,63.7315395865728,2
128.235583175056,2223.86304709352,10.0282951555273,0.0494842857693035,0.0302374238619652,0.000516641620837031,63.731580695719,2
128.522089954307,2220.99008041291,10.0268437479656,0.0494843193359667,0.0302320169498654,0.000516417880104361,63.7316239914011,2
128.808596733557,2218.11752958292,10.0253931393072,0.0494843556715301,0.0302266129984068,0.000516249771297127,63.7316708249883,2
129.095103512807,2215.24539431153,10.0239430493484,0.0494843920143148,0.0302212111622788,0.000516081688304411,63.7317176519736,2
129.427221795635,2211.91653852367,10.0222623434035,0.0494844300813505,0.0302149507634001,0.000515804775987789,63.731766691987,2
129.759340078462,2208.58824079962,10.0205825121295,0.0494844699195114,0.0302086937416135,0.000515563724368668,63.7318180068013,2
130.091458361289,2205.26050104249,10.0189038173659,0.0494845141200649,0.0302024408856307,0.000515410936966263,63.7318749367876,2
130.423576644116,2201.93331875797,10.0172257426287,0.0494845575882492,0.0301961906376967,0.00051524349979079,63.7319309218861,2
130.765787294827,2198.50561308561,10.0154967444516,0.0494845958967077,0.0301897514404881,0.00051494020252917,63.7319802608593,2
131.107997945537,2195.07849894757,10.0137687222413,0.0494846365735466,0.0301833159687716,0.000514684934781501,63.7320326496486,2
131.450208596247,2191.65197626056,10.0120420056016,0.0494846828822396,0.0301768852153108,0.000514543637729451,63.7320922915591,2
131.792419246957,2188.22604443102,10.0103159242085,0.049484728205037,0.0301704571588073,0.000514382603049655,63.732150663603,2
132.128642280979,2184.86063057511,10.0086200317366,0.0494847655431205,0.0301641422980225,0.000514079257469115,63.7321987519504,2
132.464865315001,2181.49578677556,10.0069250950325,0.0494848053228824,0.0301578310720416,0.00051382542241279,63.7322499849444,2
132.801088349023,2178.13151294951,10.0052314180138,0.049484850555755,0.0301515243960921,0.000513681943297015,63.7323082410698,2
133.137311383045,2174.76780853344,10.0035383621497,0.0494848949335233,0.0301452203450573,0.00051352136418614,63.7323653958854,2
133.470579240138,2171.43423022682,10.0018601979619,0.0494849321247203,0.0301389724776879,0.000513225049238365,63.7324132950004,2
133.80384709723,2168.10121106176,10.0001829610879,0.0494849716188169,0.0301327281436322,0.000512975437851472,63.7324641600538,2
134.137114954322,2164.76875095268,9.99850693692988,0.0494850162458323,0.0301264882022046,0.000512829709822455,63.7325216358719,2
134.470382811415,2161.43684936345,9.99683152682797,0.0494850600875941,0.0301202508487625,0.000512668289838794,63.7325781003493,2
134.804631414076,2158.09570306191,9.99515121675125,0.0494850974696318,0.0301139959721782,0.000512373445470091,63.7326262452472,2
135.138880016736,2154.75511826481,9.99347183292339,0.0494851371233125,0.0301077446275343,0.000512124673895783,63.7326773158295,2
135.473128619397,2151.41509488683,9.99179366425257,0.0494851819152968,0.0301014976845705,0.000511979895229432,63.7327350041127,2
135.807377222058,2148.07563238936,9.99011610964642,0.0494852258993482,0.0300952533315979,0.000511818967120721,63.7327916518465,2
136.142330086645,2144.7296957637,9.98843504577157,0.0494852633186114,0.0300889966399565,0.000511523362627106,63.7328398446876,2
136.477282951232,2141.38432207759,9.98675491198756,0.0494853030382944,0.0300827434924326,0.000511274412804143,63.7328910002751,2
136.812235815818,2138.03951124697,9.98507600159504,0.0494853479705505,0.0300764947718565,0.000511130956935436,63.7329488692164,2
137.147188680405,2134.69526272798,9.9833977044422,0.0494853920753824,0.0300702486395335,0.000510970958254794,63.7330056725054,2
137.48190472515,2131.3539398544,9.98172061210125,0.0494854294347864,0.0300640077180072,0.00051067558782841,63.7330537882529,2
137.816620769895,2128.0131781933,9.98004444805236,0.0494854691063593,0.0300577703316133,0.000510427108920559,63.7331048818785,2
138.15133681464,2124.67297766139,9.97836950507914,0.0494855139990726,0.0300515373614885,0.000510284296534045,63.7331626998923,2
138.486052859385,2121.333337716,9.97669517278074,0.0494855580663505,0.0300453069684826,0.000510124980978911,63.7332194548148,2
138.82048558642,2117.99708392362,9.97502227419175,0.0494855953897556,0.0300390826352861,0.000509830469852117,63.7332675241988,2
139.154918313454,2114.66138946668,9.97335030032071,0.0494856350212588,0.0300328618227039,0.000509582767410904,63.7333185662181,2
139.489351040489,2111.32625426235,9.97167954265163,0.0494856798588656,0.0300266454078238,0.000509440427091721,63.7333763132592,2
139.823783767524,2107.99167777053,9.97000939309798,0.0494857238748485,0.0300204315587598,0.000509281660032374,63.7334330021182,2
140.158143836127,2104.65838374346,9.96833962225764,0.0494857611872106,0.0300142198413554,0.000508987849477032,63.7334810572797,2
140.492503904729,2101.32564788492,9.96667077365923,0.0494858008057149,0.0300080116342987,0.000508740807728113,63.7335320825576,2
140.826863973332,2097.99347011256,9.96500313852805,0.0494858456277286,0.030001807813763,0.000508599075321236,63.7335898095162,2
141.161224041934,2094.66184988758,9.96333610935524,0.0494858896271755,0.0299956065498936,0.000508440896762545,63.7336464770782,2
141.495546863909,2091.331157718,9.96166928000868,0.0494859269258553,0.0299894067509959,0.000508147620973998,63.7336945146181,2
141.829869685883,2088.00102267166,9.96000337097614,0.0494859665326263,0.0299832104539974,0.000507901153046493,63.7337455247846,2
142.164192507857,2084.67144466684,9.9583386735272,0.0494860113472267,0.0299770185350691,0.000507760081421392,63.7338032421955,2
142.498515329832,2081.34242316549,9.95667457993509,0.04948605533734,0.0299708291639913,0.000507602524519758,63.7338598977366,2
142.832756203465,2078.01477343461,9.95501090625638,0.0494860926162018,0.0299646420755043,0.000507309798026723,63.7339079097526,2
143.166997077099,2074.68767963598,9.95334815078471,0.0494861322050711,0.0299584584797457,0.000507063917741459,63.7339588968632,2
143.501237950732,2071.36114168848,9.95168660462927,0.0494861770040197,0.0299522792522679,0.000506923478848011,63.734016594116,2
143.835478824365,2068.03515905509,9.95002566015325,0.0494862209775486,0.0299461025634133,0.000506766535464905,63.7340732282979,2
144.169624249991,2064.71068075894,9.94836520011538,0.0494862582364446,0.0299399283957686,0.000506474395843189,63.7341212145996,2
144.503769675616,2061.38675716281,9.94670565603925,0.0494862978063499,0.029933757711219,0.000506229122289212,63.7341721772863,2
144.837915101241,2058.06338818615,9.94504731877941,0.0494863425867285,0.0299275913844158,0.000506089297702062,63.7342298506223,2
145.172060526867,2054.74057329309,9.94338958101017,0.0494863865411014,0.0299214275869281,0.000505932956405321,63.734286460133,2
145.50611931897,2051.41917324361,9.94173228140465,0.0494864237814044,0.0299152661371583,0.000505641402121228,63.7343344224886,2
145.840178111074,2048.09832669492,9.94007589555052,0.0494864633336163,0.029909108161007,0.000505396731706935,63.7343853623876,2
146.174236903178,2044.77803356701,9.93842071408451,0.0494865080969551,0.0299029545323354,0.000505257523094,63.734443013778,2
146.508295695282,2041.45829332514,9.93676612994637,0.0494865520335146,0.0298968034238012,0.000505101781767572,63.7344996003464,2
146.842272058999,2038.13992437842,9.93511196064555,0.0494865892553842,0.0298906545749122,0.000504810801244392,63.7345475389613,2
147.176248422716,2034.8221077508,9.93345870293199,0.0494866287902621,0.0298845091903353,0.000504566726438065,63.7345984565357,2
147.510224786433,2031.50484336285,9.93180664725138,0.049486673537384,0.0298783681432225,0.000504428135634274,63.73465608704,2
147.844201150149,2028.18813068089,9.93015518675151,0.0494867174568506,0.0298722296071469,0.000504272994053184,63.7347126515944,2
148.178093520031,2024.87280311305,9.92850414634484,0.0494867546599464,0.0298660933489376,0.000503982583662362,63.7347605660303,2
148.511985889913,2021.55802668103,9.92685401536837,0.0494867941771959,0.0298599605457613,0.000503739101761966,63.7348114609008,2
148.845878259795,2018.24380130596,9.92520508407176,0.0494868389077987,0.0298538320700461,0.000503601125911314,63.7348690701299,2
149.179770629677,2014.93012645524,9.92355674581444,0.0494868828099036,0.0298477060962907,0.000503446581889409,63.7349256123239,2
149.513577829688,2011.61784665267,9.92190883097341,0.0494869199941102,0.0298415824114288,0.000503156741323915,63.7349735024321,2
149.8473850297,2008.30611680234,9.92026182340525,0.0494869594935727,0.0298354621723276,0.000502913851148068,63.7350243743943,2
150.181192229712,2004.99493682593,9.91861601315703,0.0494870042073855,0.0298293462506721,0.000502776486800966,63.7350819619995,2
150.514999429723,2001.68430619193,9.91697079381354,0.0494870480918872,0.029823232821927,0.000502622537484778,63.735138481522,2
150.848721687609,1998.37506660645,9.91532599428981,0.0494870852572343,0.0298171216673844,0.000502333264989929,63.7351863473409,2
151.182443945495,1995.06637579395,9.91368209988953,0.0494871247389212,0.0298110139493676,0.000502090964419134,63.7352371964097,2
151.51616620338,1991.75823367668,9.91203940045799,0.0494871694359417,0.0298049105388212,0.000501954209176771,63.7352947623878,2
151.849888461266,1988.45063972418,9.91039728980589,0.0494872133028351,0.0297988096121772,0.000501800852111519,63.7353512592323,2
152.183526083927,1985.14443204461,9.90875559500119,0.049487250449317,0.0297927109436579,0.000501512144978215,63.7353991007544,2
152.517163706587,1981.83877196332,9.90711480318117,0.0494872899132291,0.0297866157024756,0.000501270431434517,63.7354499269309,2
152.850801329248,1978.53365940311,9.90547520399135,0.049487334593481,0.0297805247588407,0.000501134283183374,63.7355074713124,2
153.184438951909,1975.22909383462,9.90383619146491,0.0494873784427838,0.0297744362901416,0.00050098151613617,63.7355639455017,2
153.517991918808,1971.92591301543,9.90219759243524,0.0494874155703566,0.0297683500695241,0.000500693371909266,63.7356117626705,2
153.851544885707,1968.62327862331,9.90055989426039,0.0494874550164529,0.0297622672670938,0.000500452242997841,63.7356625659018,2
154.185097852605,1965.3211905816,9.89892338638654,0.0494874996798986,0.0297561887523289,0.000500316699412469,63.7357200886384,2
154.518650819504,1962.01964836201,9.89728746306863,0.0494875435115747,0.0297501127035712,0.000500164520090468,63.735776540126,2
154.852119060501,1958.7194898632,9.89565195114973,0.0494875806201992,0.0297440388937979,0.000499876936566965,63.7358243328911,2
155.185587301498,1955.41987662353,9.8940173379639,0.0494876200484377,0.0297379684930986,0.00049963639002884,63.735875113123,2
155.519055542495,1952.12080856691,9.89238391275793,0.0494876646950283,0.0297319023702193,0.000499501448716587,63.7359326141517,2
155.852523783491,1948.8222851661,9.89075107000899,0.0494877085090318,0.0297258387044563,0.000499349854785464,63.7359890428786,2
156.185907290734,1945.52514384499,9.8891186362656,0.049487745598678,0.0297197772674883,0.000499062829760187,63.7360368112011,2
156.519290797976,1942.22854661858,9.88748709914181,0.0494877850090256,0.0297137192305185,0.00049882286332987,63.7360875683911,2
156.852674305218,1938.93249341134,9.88585674768532,0.0494878296387241,0.0297076654615619,0.000498688521943912,63.7361450476643,2
157.18605781246,1935.63698369708,9.88422697659551,0.0494878734350193,0.0297016141408684,0.000498537511086007,63.7362014535843,2
157.519356604069,1932.34285416917,9.88259761200078,0.0494879105056583,0.0296955650383529,0.000498251042303064,63.7362491974273,2
157.852655395678,1929.04926757509,9.88096914192071,0.0494879498980845,0.0296895193267977,0.000498011653690607,63.736299931536,2
158.185954187286,1925.75622383985,9.87934185520425,0.0494879945108593,0.0296834778734883,0.000497877909920893,63.736357389013,2
158.519252978895,1922.46372243831,9.87771514677271,0.0494880382894157,0.0296774388596269,0.000497727479848431,63.7364137720869,2
158.852467059777,1919.17259946509,9.87608884240041,0.0494880753410164,0.0296714020536105,0.000497441565048489,63.7364614914102,2
159.18568114066,1915.88201826833,9.87446343044622,0.049488114715489,0.029665368629554,0.00049720275197572,63.7365122023963,2
159.518895221542,1912.59197877358,9.8728391995608,0.0494881593113069,0.0296593394540151,0.000497069603522521,63.7365696380341,2
159.852109302424,1909.30248045674,9.87121554488704,0.0494882030720922,0.0296533127091466,0.000496919751958781,63.7366259982205,2
160.185238666669,1906.01435892157,9.8695922918993,0.0494882401046237,0.0296472881620294,0.000496634388925253,63.7366736929842,2
160.518368030914,1902.72677800893,9.86796992924144,0.0494882794611098,0.0296412669879089,0.000496396149138273,63.7367243808052,2
160.851497395159,1899.43973764491,9.86634874536607,0.0494883240399353,0.0296352500526161,0.000496263593697513,63.7367817945584,2
161.184626759404,1896.15323730647,9.86472813563756,0.0494883677829156,0.0296292355392534,0.000496114318368307,63.7368381318134,2
161.517671409259,1892.86811202696,9.86310792519194,0.0494884047963479,0.029623223213444,0.000495829504885513,63.736885801979,2
161.850716059114,1889.58352621953,9.86148860299624,0.049488444134816,0.029617214251705,0.000495591836134588,63.7369364665943,2
162.183760708969,1886.29947981079,9.85987045730541,0.0494884886966159,0.0296112095191423,0.000495459871426103,63.73699385842,2
162.516805358824,1883.01597227875,9.85825288370505,0.049488532421759,0.0296052071998066,0.000495311170073364,63.7370501727022,2
162.849765294034,1879.73383811208,9.85663570700644,0.0494885694160627,0.0295992070579144,0.000495026903946457,63.7370978182318,2
163.182725229245,1876.45224227047,9.85501941648602,0.0494886087364813,0.0295932102712032,0.000494789803999966,63.7371484596009,2
163.515685164456,1873.17118468107,9.85340430020136,0.0494886532812216,0.0295872177040548,0.0004946584277387,63.7372058294553,2
163.848645099666,1869.89066482293,9.85178975395918,0.0494886969884952,0.0295812275414673,0.000494510298113601,63.7372621207231,2
164.181520326591,1866.61151657591,9.85017560221525,0.0494887339636409,0.0295752395461373,0.000494226577135956,63.7373097415789,2
164.514395553516,1863.33290551038,9.84856233458604,0.0494887732659794,0.0295692548971358,0.000493990043761555,63.7373603596625,2
164.84727078044,1860.05483155403,9.84695023893214,0.0494888177936288,0.029563274458122,0.000493859253700311,63.7374177075051,2
165.180146007365,1856.77729418694,9.84533871128105,0.0494888614830022,0.0295572964150397,0.000493711693572137,63.7374739757191,2
165.512936519147,1853.50112681135,9.84372757579843,0.0494888984389601,0.0295513205293091,0.000493428515569736,63.7375215718626,2
165.845727030928,1850.22549547708,9.84211732237518,0.0494889377231869,0.0295453479810906,0.000493192546559353,63.7375721666198,2
166.17851754271,1846.95040011234,9.84050823867519,0.049488982233711,0.0295393796333222,0.000493062340438071,63.7376294924066,2
166.511308054492,1843.67584019826,9.83889972094662,0.0494890259051516,0.0295334136728926,0.000492915347579731,63.7376857375247,2
166.844013853524,1840.40264856937,9.83729159302162,0.0494890628418932,0.029527449859785,0.000492632710385983,63.7377333089193,2
167.176719652557,1837.12999184504,9.83568434510874,0.0494891021079782,0.0295214893754094,0.000492397303537343,63.7377838803113,2
167.509425451589,1833.85786995399,9.83407826467551,0.0494891466013447,0.029515533081984,0.000492267679113898,63.7378411840007,2
167.842131250622,1830.58628237839,9.83247274819057,0.0494891902548215,0.029509579167341,0.0004921212513079,63.7378974059829,2
168.174752340433,1827.31606137499,9.83086761914845,0.0494892271723188,0.0295036273900123,0.000491839152761829,63.7379449525924,2
168.507373430244,1824.04637414277,9.82926336807931,0.0494892664202321,0.0294976789326717,0.000491604305882618,63.737995500581,2
168.839994520056,1820.777220611,9.82766028225465,0.0494893108964096,0.0294917346568188,0.000491475260928831,63.7380527821323,2
169.172615609867,1817.50860026286,9.82605775836336,0.0494893545318922,0.029485792751228,0.000491329395974349,63.7381089809396,2
169.505151991499,1814.24134480278,9.82445561957568,0.0494893914301169,0.0294798529730305,0.000491047833923492,63.7381565027276,2
169.837688373131,1810.9746219839,9.82285435672988,0.0494894306598287,0.0294739165061129,0.000490813544830455,63.7382070272742,2
170.170224754763,1807.708431736,9.82125425690179,0.0494894751187856,0.0294679842112579,0.000490685077131189,63.7382642866469,2
170.502761136396,1804.44277354328,9.81965471700031,0.0494895187362437,0.0294620542781809,0.000490539772836816,63.7383204622402,2
170.835212808907,1801.17847857836,9.8180555598823,0.049489555615168,0.029456126462653,0.000490258745150991,63.7383679591709,2
171.167664481419,1797.91471512801,9.81645727668305,0.0494895948266486,0.0294502019497327,0.000490025011674999,63.7384184602373,2
171.50011615393,1794.65148312253,9.814860154283,0.0494896392683531,0.0294442815994866,0.000489897119018198,63.7384756973903,2
171.832567826442,1791.38878204713,9.81326358981093,0.0494896828677561,0.0294383636025702,0.00048975237319959,63.7385318497301,2
172.164934793161,1788.12744250172,9.81166740579114,0.0494897197273526,0.0294324477133244,0.000489471877748613,63.7385793217685,2
172.49730175988,1784.8666333476,9.81007209367495,0.0494897589205732,0.0294265351180492,0.00048923869773014,63.7386297993175,2
172.829668726599,1781.6063545156,9.80847794014778,0.0494898033449946,0.0294206266760969,0.000489111377920593,63.7386870142113,2
173.162035693318,1778.34660549194,9.80688434255804,0.0494898469263132,0.0294147205790617,0.00048896718840971,63.73874314326,2
173.494317955417,1775.08821632599,9.80529112310915,0.0494898837665546,0.0294088165798981,0.000488687223072819,63.7387905903706,2
173.826600217516,1771.83035643139,9.80369877355663,0.0494899229414863,0.0294029158661035,0.000488454594362119,63.7388410443651,2
174.158882479615,1768.57302573949,9.80210758039122,0.049489967348594,0.0293970192963173,0.000488327845217112,63.7388982369604,2
174.491164741713,1765.31622373752,9.80051694118074,0.0494900109117988,0.029391125063071,0.000488184209856419,63.73895434268,2
174.823362297358,1762.06077995479,9.79892667782344,0.0494900477326582,0.0293852329179917,0.000487904772535673,63.7390017648283,2
175.155559853003,1758.80586432679,9.79733728236313,0.0494900868892721,0.0293793440497152,0.000487672692998216,63.7390521952311,2
175.487757408647,1755.55147678537,9.79574904109614,0.0494901312790349,0.0293734593161684,0.000487546512334131,63.7391093654876,2
175.819954964292,1752.29761681879,9.79416135180959,0.049490174824096,0.0293675769108197,0.00048740342897026,63.7391654478398,2
176.152067818121,1749.04511337386,9.79257403606694,0.0494902116255474,0.0293616965838599,0.000487124517569712,63.7392128449921,2
176.48418067195,1745.79313697037,9.79098758622974,0.0494902507638158,0.0293558195251712,0.000486892985075496,63.7392632517674,2
176.816293525779,1742.54168754067,9.78940228840029,0.0494902951362043,0.0293499465919704,0.000486767370733169,63.7393203996474,2
177.148406379609,1739.29076457402,9.78781754058476,0.0494903386630935,0.0293440759786608,0.000486624837228692,63.7393764585957,2
177.480434533122,1736.04119646653,9.78623316402812,0.0494903754451104,0.0293382074340582,0.000486346449661088,63.739423830718,2
177.812462686636,1732.79215429047,9.78464965139322,0.0494904145650054,0.0293323421492301,0.000486115462093335,63.73947421383,2
178.144490840149,1729.54363797873,9.7830672885886,0.0494904589199898,0.0293264809806839,0.000485990411917767,63.7395313392951,2
178.476518993663,1726.29564702153,9.78148547383931,0.0494905024286786,0.0293206221237572,0.000485848426144312,63.7395873748028,2
178.808462448466,1723.04900926427,9.77990402807264,0.049490539191235,0.029314765325894,0.000485570560333267,63.7396347218617,2
179.140405903269,1719.80289633174,9.77832344425174,0.049490578292729,0.0293089117793434,0.000485340115584256,63.7396850812748,2
179.472349358072,1716.5573081573,9.77674400809178,0.0494906226302802,0.0293030623399048,0.000485215627434576,63.7397421842872,2
179.804292812875,1713.3122442322,9.77516511803644,0.0494906661207404,0.0292972152038485,0.000485074187277539,63.7397981963182,2
180.136151567415,1710.06853188297,9.77358659471166,0.0494907028638107,0.0292913701173084,0.000484796841166957,63.7398455182806,2
180.468010321955,1706.82534325502,9.77200893136438,0.049490741946876,0.0292855282736531,0.000484566937142369,63.7398958539592,2
180.799869076494,1703.58267828222,9.77043241351667,0.0494907862669638,0.0292796905279754,0.00048444300887789,63.7399529344803,2
181.131727831034,1700.34053645679,9.76885643983072,0.0494908297391671,0.0292738550774775,0.000484302112226107,63.7400089229977,2
181.463501889788,1697.0997445285,9.76728083060378,0.0494908664627261,0.0292680216668825,0.000484025283759165,63.7400562198314,2
181.795275948542,1693.8594752213,9.76570607939376,0.0494909055273363,0.0292621914907787,0.000483795918373198,63.7401065317413,2
182.127050007295,1690.61972846956,9.76413247153,0.0494909498299327,0.029256365403554,0.000483672547877503,63.740163589735,2
182.458824066049,1687.38050376651,9.76255940589292,0.0494909932838518,0.0292505416033408,0.000483532192636657,63.740219554704,2
182.790513430127,1684.14262731902,9.7609867024684,0.0494910299878745,0.0292447198335162,0.000483255879770119,63.7402668263766,2
183.122202794205,1680.90527239568,9.75941485510787,0.0494910690340028,0.0292389012898235,0.00048302705094693,63.7403171144834,2
183.453892158283,1677.66843893137,9.75784414894822,0.0494911133190789,0.0292330868259465,0.000482904236102153,63.7403741499125,2
183.78558152236,1674.43212642029,9.75627398308797,0.0494911567546864,0.029227274640947,0.000482764420184448,63.7404300912978,2
184.117186195183,1671.1971605049,9.75470417719195,0.0494911934391484,0.0292214644768211,0.000482488620885946,63.7404773377778,2
184.448790868005,1667.96271501996,9.7531352254146,0.0494912324667687,0.0292156575305017,0.000482260326560382,63.7405276020479,2
184.780395540827,1664.72878990085,9.75156741270068,0.0494912767342965,0.0292098546549698,0.000482138065264779,63.7405846148763,2
185.112000213649,1661.49538464276,9.75000013836662,0.0494913201515657,0.0292040540502155,0.000481998786592562,63.7406405326434,2
185.443520197764,1658.26332433321,9.74843322176161,0.0494913568164424,0.0291982554568746,0.000481723498833712,63.7406877538993,2
185.77504018188,1655.03178336365,9.74686715733752,0.0494913958255286,0.0291924600730484,0.000481495736946233,63.7407379942989,2
186.106560165996,1651.80076166994,9.74530222984736,0.0494914400754807,0.0291866687510168,0.000481374027115632,63.7407949844913,2
186.438080150111,1648.57025874824,9.74373783882518,0.0494914834743852,0.0291808796916967,0.000481235283628638,63.7408508786063,2
186.769515443081,1645.34109918078,9.7421738033294,0.0494915201196523,0.0291750926344562,0.000480960505405331,63.7408980746067,2
187.100950736052,1642.11245786602,9.74061061808427,0.0494915591101781,0.0291693087784722,0.000480733273916505,63.7409482911023,2
187.432386029022,1638.88433474033,9.73904856765134,0.0494916033425256,0.0291635289753243,0.000480612113454776,63.7410052586214,2
187.763821321993,1635.65672930084,9.73748705178218,0.049491646723038,0.0291577514268554,0.00048047390308912,63.7410611290489,2
188.095171930647,1632.43046553517,9.735925889202,0.0494916833486722,0.0291519758710098,0.00048019963239507,63.7411082997638,2
188.426522539301,1629.20471893814,9.73436557494975,0.0494917223206129,0.0291462035081959,0.000479972929266552,63.7411584923233,2
188.757873147955,1625.9794894466,9.7328063933958,0.0494917665353296,0.0291404351892946,0.000479852316112163,63.7412154371355,2
189.089223756609,1622.75477655867,9.73124774450905,0.0494918098974247,0.0291346691170733,0.000479714636825696,63.7412712838431,2
189.420489681932,1619.53140372525,9.72968944671027,0.0494918465034022,0.0291289050281599,0.000479440871663676,63.7413184292418,2
189.751755607256,1616.3085469796,9.72813199532414,0.0494918854567323,0.0291231441240864,0.000479214694870161,63.7413685978325,2
190.083021532579,1613.08620625903,9.72657567453022,0.049491929653791,0.0291173872550365,0.000479094626959046,63.7414255199026,2
190.414287457902,1609.86438106264,9.72501988451449,0.0494919729974429,0.0291116326247011,0.000478957476717225,63.741481342857,2
190.745468699729,1606.64389431682,9.72346444339998,0.0494920095837404,0.0291058799684167,0.000478684215111201,63.7415284629096,2
191.076649941555,1603.42392258105,9.72190984679022,0.0494920485184348,0.0291001304888136,0.000478458562638435,63.7415786074991,2
191.407831183382,1600.20446579312,9.72035637867427,0.0494920926978081,0.0290943850353791,0.000478339037915402,63.7416355067921,2
191.739012425209,1596.98552345311,9.71880343945504,0.0494921360229909,0.0290886418127267,0.000478202414688395,63.7416913059597,2
192.070108988856,1593.76791791055,9.71725084693336,0.0494921725895857,0.0290829005548119,0.000477929654662514,63.741738400637,2
192.401205552503,1590.55082630349,9.71569909701596,0.0494922115056204,0.0290771624654527,0.000477704524505662,63.7417885211943,2
192.732302116151,1587.33424857021,9.71414847350167,0.0494922556672825,0.0290714283934414,0.000477585540929285,63.7418453976767,2
193.063398679798,1584.11818421174,9.71259837701013,0.0494922989739712,0.0290656965443128,0.000477449442701932,63.7419011730257,2
193.394410567972,1580.90345502716,9.71104862503352,0.0494923355208408,0.0290599666506921,0.000477177182290484,63.7419482422985,2
193.725422456146,1577.68923870668,9.70949971376802,0.0494923744181913,0.0290542399175339,0.000476952572449782,63.7419983387922,2
194.05643434432,1574.47553518906,9.70795192682264,0.0494924185621161,0.029048517192937,0.000476834127990229,63.7420551924305,2
194.387446232495,1571.26234397629,9.70640466503352,0.0494924618502861,0.0290427966833561,0.000476698552757334,63.7421109439289,2
194.718373446433,1568.05048633223,9.70485774559227,0.0494924983774079,0.0290370781201171,0.000476426790007833,63.7421579877683,2
195.049300660371,1564.83914048401,9.7033116649763,0.04949253725605,0.02903136270928,0.000476202698500001,63.7422080601672,2
195.380227874309,1561.62830637087,9.70176670660503,0.0494925813822114,0.0290256512982513,0.000476084791130701,63.7422648909277,2
195.711155088247,1558.41798349573,9.70022227153096,0.0494926246518377,0.0290199420944047,0.00047594973689268,63.7423206185435,2
196.041997630585,1555.20899257466,9.69867817663989,0.0494926611591899,0.0290142348277477,0.000475678469865862,63.7423676369213,2
196.372840172922,1552.0005123843,9.6971349186955,0.0494927000191,0.0290085307054644,0.000475454894714142,63.742417685195,2
196.70368271526,1548.79254286434,9.69559278092799,0.0494927441274723,0.0290028305742701,0.000475337522423376,63.7424744930447,2
197.034525257597,1545.58508351867,9.69405116460602,0.0494927873785307,0.0289971326424567,0.000475202987193326,63.7425301967465,2
197.365283133002,1542.37895449684,9.69250988630133,0.0494928238660915,0.0289914366386832,0.000474932213949748,63.7425771896347,2
197.696041008406,1539.17333514369,9.690969443072,0.0494928627072464,0.0289857437712876,0.000474709153187525,63.7426272137534,2
198.026798883811,1535.96822539939,9.68943011795929,0.0494929067978047,0.0289800548862952,0.000474592313970095,63.7426839986601,2
198.357556759215,1532.76362476878,9.68789131244781,0.0494929500302713,0.0289743681929146,0.000474458295772889,63.7427396784174,2
198.688229970684,1529.56035285207,9.68635284280429,0.0494929864980192,0.0289686834184909,0.000474188014384698,63.7427866457881,2
199.018903182153,1526.35758954512,9.68481520637201,0.0494930253203957,0.0289630017724811,0.000473965466052058,63.7428366457218,2
199.349576393622,1523.15533478856,9.68327868600361,0.0494930693931151,0.0289573241002222,0.000473849157918707,63.7428934076537,2
199.680249605091,1519.95358808819,9.68174268339946,0.0494931126069663,0.028951648611838,0.000473715654785012,63.7429490634359,2
200.010838154305,1516.75316850861,9.68020701452864,0.0494931490548796,0.0289459750333878,0.000473445863335588,63.7429960052615,2
200.341426703518,1513.55325648295,9.67867217701208,0.0494931878584548,0.0289403045754195,0.000473223825486204,63.7430459809806,2
200.672015252732,1510.35385195232,9.67713845351414,0.0494932319133104,0.0289346380825827,0.000473108046452747,63.7431027199055,2
201.002603801945,1507.15495442344,9.67560524595077,0.0494932751085225,0.0289289737659158,0.000472975056425367,63.7431583516821,2
201.333107689116,1503.9573824405,9.67407237000142,0.0494933115365807,0.0289233113502222,0.00047270575302073,63.7432052679358,2
201.663611576286,1500.76031695869,9.67254032355646,0.0494933503213314,0.02891765204711,0.000472484223716063,63.7432552194107,2
201.994115463456,1497.56375791962,9.67100938909224,0.049493394358298,0.0289119967005428,0.000472368971800307,63.7433119352961,2
202.324619350627,1494.36770483094,9.66947896874014,0.0494934375348472,0.0289063435224724,0.000472236492927299,63.7433675430365,2
202.655038584565,1491.17297563419,9.6679488778514,0.0494934739430296,0.0289006922363047,0.000471967675656625,63.743414433692,2
202.985457818504,1487.97875188889,9.66641961462432,0.0494935127089345,0.0288950440548495,0.000471746652968462,63.7434643608951,2
203.315877052443,1484.7850335371,9.66489146134759,0.0494935567279893,0.028889399821386,0.000471631926215203,63.7435210537116,2
203.646296286382,1481.59182008742,9.66336382036775,0.0494935998858537,0.0288837577487779,0.000471499956559477,63.7435766373875,2
203.976630866212,1478.3999289734,9.6618365067539,0.0494936362741396,0.0288781175592042,0.00047123162354183,63.7436235024181,2
204.306965446042,1475.20854226419,9.66031001896601,0.049493675021176,0.0288724804665057,0.000471011105550107,63.7436734053201,2
204.637300025873,1472.0176599023,9.6587846391054,0.0494937190222941,0.0288668473132778,0.000470896901995628,63.7437300750356,2
204.967634605703,1468.82728139726,9.65725976973363,0.0494937621614503,0.0288612163132954,0.000470765439625348,63.743785634617,2
205.297884535976,1465.63822362317,9.6557352256138,0.0494937985298197,0.0288555871874234,0.000470497588980877,63.7438324739969,2
205.628134466249,1462.44966921029,9.65421150549126,0.049493837257966,0.0288499611506203,0.000470277573775495,63.74388235257,2
205.958384396522,1459.26161810159,9.65268889128026,0.0494938812411241,0.0288443390447994,0.000470163891476367,63.7439389991547,2
206.288634326796,1456.07406980752,9.65116678575722,0.0494939243615499,0.0288387190846455,0.000470032934471108,63.7439945346129,2
206.61879961057,1452.88784065812,9.64964500338732,0.049493960709983,0.0288331009897399,0.000469765564333186,63.7440413483165,2
206.948964894345,1449.70211382936,9.64812404319301,0.0494939994192175,0.0288274859761281,0.000469546050010203,63.7440912025329,2
207.27913017812,1446.51688926466,9.64660418690184,0.0494940433843922,0.0288218748850423,0.000469432887027162,63.7441478259564,2
207.609295461895,1443.3321664754,9.64508483750482,0.0494940864860655,0.0288162659320762,0.000469302433476824,63.744203337263,2
207.939376102424,1440.14876124665,9.64356580916959,0.0494941228145426,0.0288106588355293,0.00046903554198281,63.744250125265,2
208.269456742953,1436.96585730098,9.64204760119522,0.049494161504844,0.028805054812532,0.000468816526652413,63.7442999550973,2
208.599537383482,1433.78345458227,9.64053049512282,0.0494942054520123,0.0287994547036368,0.000468703881058333,63.74435655533,2
208.929618024011,1430.60155260283,9.63901389415787,0.0494942485349111,0.028793856725345,0.000468573929059518,63.7444120424567,2
209.259614025315,1427.42096659631,9.6374976121681,0.0494942848434127,0.0287882605946664,0.000468307514355826,63.7444588047319,2
209.589610026619,1424.24088083832,9.63598214873138,0.0494943235147602,0.0287826675298241,0.000468088996134,63.7445086101532,2
209.919606027923,1421.06129527321,9.63446778520272,0.0494943674438994,0.0287770783706918,0.000467976866013889,63.744565187166,2
210.249602029227,1417.88220941419,9.63295392500184,0.0494944105080024,0.0287714913346777,0.000467847413675154,63.7446206500853,2
210.579513392351,1414.70443797313,9.63144038171144,0.0494944467965093,0.0287659061375573,0.000467581473926856,63.7446673866091,2
210.909424755475,1411.52716574905,9.62992765517316,0.0494944854488818,0.0287603239985902,0.000467363450939909,63.7447171675921,2
211.239336118599,1408.35039268673,9.62841602655617,0.0494945293599687,0.028754745756973,0.000467251834377691,63.7447737213551,2
211.569247481723,1405.17411830033,9.6269048994943,0.0494945724052539,0.0287491696310192,0.000467122879809585,63.7448291600387,2
211.899074213089,1401.99915672909,9.6253940872618,0.0494946086737477,0.0287435953351847,0.000466857413182479,63.7448758707873,2
212.228900944454,1398.82469334628,9.62388408998734,0.0494946473071252,0.0287380240898509,0.000466639883568312,63.7449256273065,2
212.55872767582,1395.65072809711,9.62237518865458,0.0494946912001378,0.0287324567335386,0.000466528778662037,63.7449821577913,2
212.888554407185,1392.47726049665,9.62086678711126,0.0494947342265845,0.0287268914854657,0.000466400319990145,63.7450375722126,2
213.218296513417,1389.3051041106,9.61935869832346,0.0494947704750467,0.0287213280587699,0.000466135324653106,63.7450842571622,2
213.548038619649,1386.13344488739,9.61785142270648,0.0494948090894092,0.0287157676749528,0.000465918286549622,63.7451339891916,2
213.877780725881,1382.96228277268,9.61634524105877,0.0494948529643263,0.0287102111718603,0.000465807691415092,63.745190496371,2
214.207522832113,1379.79161728245,9.61483955744177,0.0494948959719143,0.0287046567696137,0.000465679726776229,63.7452458865039,2
214.537180312915,1376.62226147639,9.61333418454621,0.0494949322003262,0.028699104180154,0.000465415200917696,63.7452925456304,2
214.866837793718,1373.45340181053,9.611829623041,0.0494949707956532,0.0286935546259812,0.000465198652481633,63.7453422531437,2
215.19649527452,1370.28503823098,9.6103261535397,0.0494950146524521,0.0286880089442675,0.000465088565230124,63.7453987369885,2
215.526152755323,1367.11717025463,9.60882318031727,0.0494950576411602,0.0286824653560361,0.000464961092764002,63.7454541028055,2
215.855725615662,1363.95061038549,9.60732051576626,0.0494950938495038,0.0286769235719485,0.000464697034581291,63.7455007360859,2
216.185298476001,1360.78454563687,9.6058186608319,0.0494951324257756,0.0286713848155857,0.000464480973970839,63.7455504190578,2
216.51487133634,1357.61897595533,9.60431789594315,0.0494951762644351,0.0286658499234476,0.000464371392729745,63.7456068795405,2
216.844444196679,1354.45390085865,9.6028176255883,0.049495219234243,0.0286603171174587,0.000464244410588394,63.7456622210158,2
217.173932441227,1351.29013229897,9.60131766186428,0.0494952554225006,0.0286547861070104,0.000463980818279725,63.745708828427,2
217.503420685775,1348.12685784308,9.59981850598992,0.049495293979698,0.0286492581167547,0.000463765243668288,63.7457584868327,2
217.832908930323,1344.96407743795,9.5983204382099,0.0494953378001969,0.0286437339825206,0.000463656166573518,63.7458149239262,2
218.16239717487,1341.80179060229,9.59682286322566,0.0494953807510848,0.0286382119271324,0.000463529672918208,63.7458702410341,2
218.491800807452,1338.64080874546,9.59532559284353,0.0494954169192385,0.0286326916587307,0.0004632665446914,63.7459168225532,2
218.821204440033,1335.4803199786,9.59382912855077,0.0494954554573422,0.0286271744030194,0.000463051454257093,63.7459664563679,2
219.150608072615,1332.32032424914,9.59233375040809,0.0494954992596596,0.0286216609951572,0.000462942879454882,63.7460228700451,2
219.480011705196,1329.16082107666,9.59083886332988,0.0494955421916077,0.0286161496588676,0.000462816872456842,63.7460781627602,2
219.809330726732,1326.00262135654,9.58934427884621,0.0494955783396401,0.028610640101094,0.000462554206539643,63.7461247183648,2
220.138649748269,1322.8449137155,9.58785049869824,0.0494956168586307,0.0286051335485376,0.000462339598470179,63.7461743275634,2
220.467968769805,1319.68769810137,9.586357802763,0.049495660642745,0.0285996308356888,0.000462231524106399,63.7462307177966,2
220.797287791342,1316.53097403466,9.58486559616769,0.0494957035557331,0.0285941301871687,0.00046210600193831,63.7462859860928,2
221.126522209619,1313.3755518319,9.58337369013621,0.0494957396836275,0.028588631308614,0.000461843796556834,63.7463325157614,2
221.455756627895,1310.22062070021,9.5818825866934,0.0494957781834868,0.028583135427833,0.000461629669051159,63.7463821003205,2
221.784991046172,1307.06618058789,9.58039256553291,0.0494958219493781,0.0285776433786486,0.000461522093289069,63.7464384670841,2
222.114225464449,1303.91223101632,9.57890303199456,0.0494958648433874,0.0285721533865787,0.000461397054138465,63.7464937109373,2
222.443375284979,1300.75958174593,9.57741379700755,0.049495900951127,0.0285666651559961,0.000461135307527161,63.7465402146482,2
222.772525105509,1297.60742254154,9.57592536286879,0.0494959394318368,0.028561179915773,0.00046092165878893,63.7465897745443,2
223.10167492604,1294.45575335186,9.57443800908885,0.0494959831794851,0.028555698499066,0.000460814579799218,63.7466461178125,2
223.43082474657,1291.30457369915,9.57295114121996,0.0494960260544968,0.0285502191322887,0.000460690021861963,63.7467013371984,2
223.759889973663,1288.15469280025,9.57146456990323,0.0494960621420647,0.0285447415185748,0.000460428732261438,63.7467478149299,2
224.088955200756,1285.00530096514,9.5699787977009,0.0494961006036064,0.0285392668878355,0.000460215560497928,63.7467973501391,2
224.41802042785,1281.85639814296,9.56849410394079,0.0494961443329919,0.0285337960725622,0.000460108976463599,63.7468536698864,2
224.747085654943,1278.70798385687,9.56700989438732,0.0494961871889873,0.0285283273000629,0.000459984897947876,63.7469088647809,2
225.076066287914,1275.56086682882,9.5655259794172,0.0494962232563669,0.0285228602723205,0.000459724063621923,63.7469553165117,2
225.405046920884,1272.4142378652,9.56404286183412,0.0494962616987221,0.0285173962201963,0.000459511367064502,63.7470048270103,2
225.734027553855,1269.26809691559,9.56256082078339,0.0494963054098237,0.028511935975518,0.000459405276160591,63.7470611232094,2
226.063008186826,1266.12244350403,9.56107926224153,0.0494963482467832,0.0285064777664872,0.000459281675272048,63.7471162935874,2
226.391904235032,1262.97808576247,9.55959799627678,0.0494963842939589,0.0285010212937739,0.000459021294478299,63.7471627192971,2
226.720800283239,1259.83421508887,9.5581175259782,0.0494964227171103,0.0284955677893516,0.000458809071353265,63.7472122050631,2
227.049696331445,1256.69083143323,9.55663813030897,0.0494964664099096,0.028490118084385,0.000458703471785056,63.7472684776904,2
227.378592379652,1253.54793432048,9.55515921545747,0.0494965092278157,0.0284846704079684,0.000458580346746368,63.7473236235292,2
227.707403846568,1250.40633134976,9.55368059121107,0.0494965452547714,0.0284792244595614,0.000458320417756586,63.7473700231973,2
228.036215313485,1247.26521445339,9.55220276091646,0.0494965836587014,0.0284737814721467,0.00045810866630219,63.7474194842077,2
228.365026780401,1244.12458358177,9.55072600335494,0.0494966273331788,0.0284683422762276,0.000458003556269716,63.7474757332379,2
228.693838247318,1240.98443826071,9.54924972492658,0.0494966701320131,0.0284629051017896,0.000457880905308084,63.7475308545139,2
229.022565138532,1237.84558553733,9.54777373512958,0.0494967061387333,0.0284574696470522,0.000457621426401278,63.7475772281204,2
229.351292029747,1234.7072178975,9.5462985375764,0.0494967445234249,0.0284520371460367,0.000457410144868089,63.7476266643534,2
229.680018920962,1231.56933529207,9.54482441086678,0.0494967881795612,0.0284466084285865,0.000457305522579533,63.7476828897618,2
230.008745812177,1228.43193724772,9.54335076161231,0.049496830959306,0.0284411817255773,0.000457183343931578,63.7477379864521,2
230.337388134616,1225.2958302477,9.54187739901716,0.0494968669457753,0.0284357567339709,0.00045692431339074,63.7477843339773,2
230.666030457054,1222.1602073433,9.54040482696431,0.0494969053112114,0.0284303346888448,0.000456713500028242,63.7478337454108,2
230.994672779493,1219.02506848577,9.53893332387222,0.0494969489489886,0.0284249164193832,0.000456609363714791,63.7478899471744,2
231.323315101932,1215.89041320267,9.53746229656379,0.0494969917096268,0.0284195001573511,0.000456487655630178,63.7479450192569,2
231.651872857839,1212.75704745899,9.53599155397126,0.0494970276758296,0.0284140855985345,0.000456229071750981,63.7479913406806,2
231.980430613747,1209.62416482579,9.53452160022585,0.0494970660219931,0.0284086739789848,0.000456018724824233,63.7480407272927,2
232.308988369654,1206.49176525476,9.53305271356505,0.049497109641392,0.0284032661272282,0.000455915072708018,63.7480969053865,2
232.637546125562,1203.3598482743,9.53158430102291,0.0494971523829057,0.0283978602759178,0.000455793833439671,63.7481519528384,2
232.966019318053,1200.22921932379,9.53011617125699,0.0494971883288271,0.0283924561196546,0.000455535694531917,63.7481982481413,2
233.294492510543,1197.09907250144,9.52864882864934,0.0494972266557014,0.0283870548954728,0.000455325812318115,63.7482476099106,2
233.622965703033,1193.96940775934,9.52718255125675,0.0494972702567032,0.0283816574312421,0.00045522264263449,63.7483037643105,2
233.951438895524,1190.84022462677,9.52571674632427,0.0494973129790748,0.0283762619605024,0.000455101870441492,63.748358787109,2
234.27982753305,1187.71232796754,9.52425122221208,0.0494973489047003,0.0283708681765869,0.000454844174811539,63.7484050562725,2
234.608216170576,1184.58491245695,9.52278648357563,0.0494973872122694,0.0283654773175954,0.000454634755588425,63.7484543931784,2
234.936604808103,1181.4579780475,9.52132280829135,0.0494974307948566,0.0283600902107419,0.000454532066584517,63.7485105238618,2
235.264993445629,1178.33152426933,9.51985960381506,0.0494974734980698,0.0283547050904527,0.000454411759739173,63.7485655219859,2
235.593297532833,1175.20635544796,9.51839667822771,0.0494975094033849,0.0283493216488602,0.000454154505710229,63.7486117649915,2
235.921601620036,1172.0816667985,9.51693453643986,0.0494975476916325,0.028343941125062,0.000453945547762425,63.7486610770128,2
236.24990570724,1168.95745827386,9.51547345614784,0.0494975912557871,0.028338564345618,0.00045384333769315,63.7487171839568,2
236.578209794443,1165.83372940503,9.51401284501808,0.0494976339398251,0.0283331895458392,0.000453723494473383,63.7487721573848,2
236.906429337325,1162.71128396724,9.51255251084738,0.0494976698248154,0.0283278164166401,0.000453466680366116,63.7488183742137,2
237.234648880207,1159.58931772739,9.5110929588062,0.0494977080937257,0.0283224461981334,0.000453258181990744,63.7488676613302,2
237.562868423089,1156.46783063882,9.50963446641108,0.0494977516394303,0.028317079716226,0.000453156449119352,63.7489237445121,2
237.891087965971,1153.34682223339,9.50817644153887,0.0494977943042768,0.0283117152071126,0.000453037067813407,63.7489786932232,2
238.219222966617,1150.22709577415,9.50671869172072,0.0494978301689281,0.0283063523605584,0.000452780691972941,63.7490248838572,2
238.547357967263,1147.10784754167,9.50526172236831,0.049497868418485,0.0283009924176223,0.000452572651477267,63.7490741460483,2
238.87549296791,1143.98907748967,9.50380581081864,0.0494979119457214,0.0282956362035589,0.00045247139406592,63.7491302054447,2
239.203627968556,1140.87078515088,9.50235036515886,0.0494979545913595,0.0282902819554462,0.000452352472965121,63.749185129417,2
239.531678436195,1137.75377320923,9.50089519262392,0.0494979904356583,0.028284929361788,0.000452096533729515,63.7492312938387,2
239.859728903834,1134.63723852591,9.49944079889713,0.0494980286658469,0.0282795796647009,0.000451888949423702,63.749280531085,2
240.187779371472,1131.52118105507,9.49798746113632,0.0494980721745987,0.0282742336887889,0.000451788165757567,63.7493365666749,2
240.515829839111,1128.40560033025,9.49653458763867,0.0494981148010132,0.0282688896720116,0.000451669703167007,63.7493914658888,2
240.843795777676,1125.29129850755,9.49508198536753,0.0494981506249454,0.0282635473017029,0.00045141419888537,63.7494376040801,2
241.171761716241,1122.1774729775,9.49363016025312,0.0494981888357502,0.0282582078209456,0.000451207069089182,63.7494868163617,2
241.499727654805,1119.06412369463,9.49217938927436,0.0494982323260002,0.0282528720536943,0.000451106757453425,63.7495428281228,2
241.82769359337,1115.95125019336,9.49072908093833,0.049498274933175,0.028247538238789,0.000450988751684717,63.7495977025577,2
242.155575005862,1112.83965411168,9.48927904194199,0.0494983107367273,0.0282422060624136,0.000450733680726082,63.7496438145014,2
242.483456418354,1109.72853335968,9.48782977845706,0.0494983489281331,0.028236876768597,0.000450527003770333,63.7496930017987,2
242.811337830846,1106.61788789232,9.48638156728381,0.0494983923998638,0.0282315511806453,0.000450427162451389,63.7497489897086,2
243.139219243338,1103.50771724485,9.4849338171391,0.0494984349877826,0.0282262275382784,0.000450309611815059,63.7498038393433,2
243.467016141215,1100.39882245784,9.48348633441727,0.0494984707709424,0.0282209055263972,0.000450054972540307,63.7498499250232,2
243.794813039093,1097.29040204032,9.48203962556766,0.049498508942935,0.0282155863901094,0.000449848746759253,63.7498990873181,2
244.12260993697,1094.18245594761,9.48059396721224,0.0494985523961308,0.0282102709520738,0.000449749374060402,63.7499550513566,2
244.450406834848,1091.07498371583,9.47914876827737,0.0494985949647795,0.0282049574528889,0.000449632276890162,63.7500098761731,2
244.778119222669,1087.96878585451,9.47770383488636,0.0494986307275335,0.0281996455762894,0.000449378067672313,63.7500559355721,2
245.105831610491,1084.86306140518,9.47625967373448,0.0494986688800981,0.0281943365683447,0.000449172291405642,63.7501050728453,2
245.433543998313,1081.75781032357,9.47481656126564,0.0494987123147428,0.0281890312510676,0.00044907338564212,63.7501610129916,2
245.761256386134,1078.65303214662,9.47337390661556,0.0494987548641059,0.0281837278659342,0.000448956740270956,63.7502158129699,2
246.088884267757,1075.54952686041,9.47193151564069,0.0494987906064412,0.0281784260955287,0.000448702959496433,63.7502618460714,2
246.416512149379,1072.44649403139,9.47048989527786,0.0494988287395633,0.0281731271868663,0.000448497631099955,63.7503109583043,2
246.744140031002,1069.34393361569,9.46904932179323,0.0494988721556402,0.0281678319613146,0.000448399190581383,63.7503668745368,2
247.071767912624,1066.24184515109,9.46760920453173,0.0494989146857024,0.0281625386612264,0.000448282995347354,63.7504216496572,2
247.399311296974,1063.1410280531,9.46616934906174,0.0494989504076064,0.0281572469679583,0.000448029641396964,63.7504676564449,2
247.726854681324,1060.04068246021,9.46473026258275,0.0494989885212722,0.0281519581295482,0.000447824759226491,63.7505167436197,2
248.054398065674,1056.94080832894,9.46329222118351,0.0494990319187664,0.0281466729667199,0.000447726782290021,63.7505726359193,2
248.381941450024,1053.8414051979,9.46185463441789,0.0494990744295138,0.0281413897227016,0.000447611035551655,63.7506273861639,2
248.709400336274,1050.74327200529,9.46041730761012,0.0494991101309738,0.0281361080777846,0.000447358106836275,63.7506733666215,2
249.036859222523,1047.64560936836,9.45898074817826,0.0494991482251684,0.0281308292808666,0.000447153669261926,63.7507224287192,2
249.364318108773,1044.54841724401,9.45754523203385,0.0494991916040625,0.0281255541520289,0.000447056154225512,63.7507782970634,2
249.691776995023,1041.4516951717,9.45611016893965,0.0494992340954791,0.0281202809353743,0.000446940854328657,63.7508330224116,2
250.019151395573,1038.35624148805,9.45467536391885,0.0494992697764837,0.02811500930992,0.000446688349248295,63.7508789765243,2
250.346525796123,1035.26125741335,9.45324132466484,0.0494993078511943,0.0281097405256324,0.000446484354643451,63.7509280135282,2
250.673900196673,1032.1667429049,9.4518083269123,0.049499351211474,0.0281044754019513,0.00044638729985457,63.7509838578988,2
251.001274597223,1029.07269750298,9.45037578063265,0.0494993936835468,0.0280992121838529,0.000446272445170434,63.7510385583338,2
251.328564516636,1025.97991901771,9.44894349058345,0.0494994293440839,0.0280939505492112,0.000446020362142668,63.7510844860861,2
251.655854436049,1022.88760919731,9.44751196469785,0.0494994673992966,0.0280886917489301,0.000445816808886869,63.7511334979784,2
251.983144355462,1019.79576799948,9.44608147853392,0.0494995107409464,0.028083436601809,0.00044572021268829,63.7511893183551,2
252.310434274875,1016.70439496533,9.4446514422716,0.0494995531936608,0.0280781833536965,0.000445605801586086,63.7512439938582,2
252.637639722507,1013.61428733411,9.44322166038297,0.0494995888337189,0.0280729316812511,0.000445354139026322,63.7512898952353,2
252.964845170139,1010.52464742636,9.44179264106067,0.0494996268694209,0.0280676828363863,0.000445151025508889,63.7513388819995,2
253.292050617771,1007.43547520017,9.44036465968647,0.0494996701924263,0.0280624376372624,0.000445054886261856,63.7513946783639,2
253.619256065403,1004.34677019746,9.43893712664861,0.049499712625769,0.0280571943305993,0.000444940917122756,63.751449328918,2
253.946377046339,1001.25932912788,9.43750984615341,0.0494997482453362,0.028051952591913,0.000444689673454367,63.7514952039045,2
254.273498027275,998.172354843012,9.43608332663315,0.0494997862615141,0.0280467136740532,0.00044448699807078,63.7515441655233,2
254.60061900821,995.085847301326,9.4346578432936,0.0494998295658602,0.0280414783945424,0.000444391314139618,63.7515999378561,2
254.927739989146,991.999806045571,9.4332328067311,0.0494998719798176,0.0280362450009708,0.000444277785354028,63.7516545634435,2
255.254776505313,988.915027286453,9.43180802090105,0.0494999075788823,0.0280310131677666,0.000444026959021221,63.7517004120245,2
255.581813021481,985.830714375919,9.43038399446036,0.0494999455755227,0.0280257841486608,0.000443824720181451,63.7517493484808,2
255.908849537648,982.746867272814,9.42896100243905,0.0494999888611939,0.0280205587605387,0.000443729489928672,63.7518050967619,2
256.235886053816,979.663485520708,9.42753845564145,0.0495000312557515,0.02801533525186,0.000443616399886638,63.751859697364,2
256.562838116445,976.581364744546,9.42611615773264,0.0495000668343031,0.0280101132958214,0.000443365989328004,63.7519055195259,2
256.889790179075,973.499708883476,9.42469461763345,0.049500104811394,0.0280048941471787,0.000443164185441296,63.751954430804,2
257.216742241704,970.418517896724,9.42327411019846,0.0495001480783767,0.0279996786221815,0.000443069407248795,63.752010155016,2
257.543694304333,967.337791328676,9.42185404643978,0.0495001904535222,0.0279944649701578,0.00044295675435594,63.7520647306169,2
257.870561919459,964.258324268425,9.42043422975584,0.0495002260115497,0.0279892528631602,0.000442706758024198,63.7521105263456,2
258.197429534585,961.179321192392,9.41901516930757,0.0495002639690784,0.0279840435568816,0.00044250538750795,63.7521594124293,2
258.524297149711,958.10078206018,9.41759713977436,0.0495003072173582,0.0279788378669371,0.000442411059759251,63.7522151125535,2
258.851164764836,955.022706416989,9.41617955237598,0.0495003495730782,0.027973634043522,0.000442298842422468,63.7522696631361,2
259.177947940853,951.945888794747,9.41476221023502,0.049500385110571,0.0279684317575114,0.000442049258769612,63.7523154324178,2
259.504731116869,948.86953422846,9.41334562276156,0.0495004230485254,0.0279632322655688,0.000441848320049192,63.7523642932914,2
259.831514292886,945.793642678109,9.41193006446013,0.0495004662780888,0.0279580363826753,0.000441754441141948,63.7524199693105,2
260.158297468902,942.718213689706,9.4105149467579,0.049500508614371,0.0279528423598926,0.00044164265778135,63.7524744948589,2
260.484996210183,939.644041276767,9.40910007252011,0.049500544131318,0.0279476498669872,0.000441393485271694,63.7525202376795,2
260.811694951464,936.570330994114,9.40768595138738,0.0495005820496856,0.0279424601615236,0.000441192976780257,63.7525690733269,2
261.138393692745,933.497082802103,9.40627285768966,0.0495006252605184,0.0279372740578509,0.000441099545113934,63.7526247252226,2
261.465092434026,930.424296247553,9.40486020306136,0.0495006675773499,0.0279320898078959,0.000440988194155614,63.7526792257201,2
261.79170674433,927.352764832232,9.40344779011409,0.049500703073741,0.0279269070803304,0.000440739431271944,63.7527249420664,2
262.118321054635,924.281694624107,9.40203612871512,0.0495007409725096,0.0279217271336059,0.000440539351455146,63.7527737524721,2
262.44493536494,921.211085583909,9.40062549302006,0.0495007841645974,0.0279165507814402,0.000440446365428302,63.7528293802257,2
262.771549675244,918.140937259263,9.39921529487046,0.0495008264619648,0.0279113762766243,0.000440335445297989,63.7528838556552,2
263.098079567566,915.07204255427,9.39780533658548,0.0495008619377904,0.0279062032865937,0.000440087090511864,63.7529295455148,2
263.424609459888,912.003608135982,9.39639612829775,0.0495008998169491,0.0279010330708284,0.000439887437814455,63.7529783306646,2
263.751139352209,908.935633965503,9.39498794398884,0.0495009429902796,0.0278958664424161,0.000439794895848291,63.7530339342605,2
264.077669244531,905.868119591258,9.39358019570724,0.0495009852681717,0.0278907016550111,0.000439684404985663,63.7530883846074,2
264.404114725632,902.801857379184,9.39217268550761,0.0495010207234216,0.0278855383749156,0.000439436456779509,63.7531340479673,2
264.730560206733,899.736054535893,9.39076592375984,0.0495010585829587,0.0278803778625348,0.000439237229655474,63.7531828078462,2
265.057005687834,896.670711022858,9.38936018427177,0.0495011017375187,0.0278752209303274,0.000439145130173185,63.7532383872673,2
265.383451168935,893.605826389308,9.38795487929862,0.0495011439959237,0.02787006583281,0.000439035067029149,63.7532928125164,2
265.709812243937,890.542192479298,9.38654981063865,0.0495011794305879,0.0278649122351815,0.000438787523898253,63.7533384493637,2
266.03617331894,887.479017022707,9.38514548889078,0.0495012172704919,0.027859761398742,0.000438588720811,63.7533871839568,2
266.362534393942,884.416299981374,9.38374218768937,0.049501260406268,0.0278546141353222,0.000438497062238859,63.7534427391858,2
266.688895468945,881.354040905326,9.38233931949622,0.0495013026451734,0.0278494687002999,0.00043838742526215,63.7534971393213,2
267.015172144556,878.293031102759,9.38093668584744,0.0495013380592425,0.0278443247577505,0.000438140285711397,63.7535427496438,2
267.341448820167,875.232478840795,9.37953479757658,0.0495013758795022,0.027839183569889,0.000437941905131398,63.7535914589368,2
267.667725495778,872.172384081641,9.37813392814482,0.0495014189964814,0.0278340459479193,0.000437850685903285,63.7536469899569,2
267.994002171389,869.112746376119,9.37673349022038,0.0495014612158756,0.0278289101480795,0.000437741473555136,63.7537013649636,2
268.32019445729,866.054356469566,9.37533328506547,0.0495014966093403,0.027823775833279,0.000437494736085067,63.7537469487494,2
268.646386743191,862.996423193351,9.3739338237599,0.0495015344099449,0.0278186442666901,0.000437296776484784,63.7537956327282,2
268.972579029091,859.938946510045,9.37253537959197,0.0495015775081152,0.0278135162588909,0.000437205995051789,63.7538511395242,2
269.298771314992,856.881925971263,9.37113736543609,0.0495016197079873,0.0278083900669788,0.000437097205802126,63.753905489388,2
269.624879215785,853.826151807995,9.36973958230344,0.0495016550808381,0.0278032653527814,0.000436850868931939,63.7539510466249,2
269.950987116579,850.770833367324,9.36834254149708,0.0495016928617768,0.0277981433803435,0.000436653328799775,63.7539997052757,2
270.277095017372,847.715970612187,9.36694651613265,0.0495017359411248,0.0277930249596189,0.00043656298359922,63.7540551878302,2
270.603202918165,844.661563094987,9.3655509192907,0.0495017781214627,0.0277879083485632,0.000436454615917067,63.7541095125356,2
270.929226444765,841.608400474137,9.36415555170535,0.0495018134736913,0.0277827932078275,0.000436208678170305,63.7541550432128,2
271.255249971364,838.555692670679,9.36276092492878,0.0495018512349538,0.0277776808024239,0.000436011555994302,63.7542036765224,2
271.581273497963,835.50343964791,9.36136731190426,0.049501894295468,0.0277725719416825,0.000435921645488507,63.7542591348205,2
271.907297024563,832.451640959022,9.35997412591827,0.0495019364562611,0.0277674648844163,0.000435813697856107,63.754313434354,2
272.233236187015,829.401085698895,9.35858116743264,0.0495019717878584,0.027762359290118,0.000435568157747077,63.7543589384599,2
272.559175349467,826.350984353475,9.35718894824381,0.0495020095294345,0.0277572564247487,0.000435371452019985,63.754407546415,2
272.885114511919,823.301336886421,9.35579774112302,0.0495020525711037,0.0277521570970163,0.000435281974683587,63.7544629804424,2
273.211053674371,820.25214285171,9.3544069595624,0.0495020947123419,0.0277470595665897,0.000435174445595141,63.7545172547907,2
273.53690847306,817.204190871987,9.35301640379379,0.0495021300232988,0.0277419634919589,0.000434929301672203,63.7545627323136,2
273.862763271748,814.156691906774,9.35162658581542,0.0495021677451775,0.0277368701398778,0.000434733010904525,63.7546113149002,2
274.188618070437,811.109645920087,9.35023777822671,0.049502210767988,0.0277317803184332,0.00043464396519296,63.7546667246392,2
274.514472869125,808.063052466685,9.34884939472541,0.0495022528896591,0.0277266922881493,0.000434536853135603,63.7547209737867,2
274.840243317849,805.017699572389,9.34746123525717,0.0495022881799678,0.027721605706308,0.000434292103936429,63.7547664247165,2
275.166013766574,801.97279879492,9.3460738120781,0.0495023258821399,0.0277165218406614,0.000434096226635951,63.7548149819226,2
275.491784215298,798.92835009865,9.34468739761609,0.0495023688860813,0.0277114414986762,0.000434007611034724,63.7548703673598,2
275.817554664023,795.884353039117,9.34330140577428,0.0495024109881757,0.0277063629417308,0.00043390091451443,63.7549245912944,2
276.143240769943,792.8415951083,9.34191563624145,0.0495024462578276,0.0277012858260068,0.000433656558581947,63.75497001562,2
276.468926875863,789.799288399111,9.34053060150213,0.049502483940283,0.0276962114201466,0.000433461093264605,63.7550185474326,2
276.794612981783,786.757432876279,9.33914657381302,0.0495025269253439,0.0276911405309977,0.000433372906262664,63.7550739085534,2
277.120299087704,783.716028096119,9.33776296728242,0.0495025690078515,0.0276860714207917,0.000433266623792471,63.7551281072617,2
277.445900854406,780.675861051015,9.33637958135844,0.0495026042568381,0.0276810037446699,0.000433022659686089,63.7551735049721,2
277.771502621109,777.636144334808,9.3349969287377,0.0495026419195667,0.0276759387721046,0.000432827604879773,63.7552220113784,2
278.097104387811,774.59687791258,9.33361528150592,0.0495026848857347,0.0276708773093253,0.000432739844960992,63.7552773481668,2
278.422706154514,771.558061341422,9.33223405397645,0.0495027269486445,0.027665817619416,0.000432633975051403,63.7553315216347,2
278.748223592028,768.520481054836,9.33085304533044,0.0495027621769585,0.0276607593563816,0.000432390401340131,63.7553768927206,2
279.073741029543,765.483350206892,9.32947276850276,0.0495027998199511,0.0276557037906201,0.000432195755575633,63.7554253737086,2
279.399258467058,762.446668763024,9.32809349540841,0.0495028427672153,0.0276506517277441,0.000432108421236205,63.7554806861504,2
279.724775904573,759.410436281096,9.32671464056568,0.0495028848105174,0.0276456014316889,0.000432002962408046,63.7555348343654,2
280.050209025751,756.375438610329,9.3253360028778,0.0495029200181512,0.0276405525552839,0.000431759777649121,63.7555801788169,2
280.375642146929,753.340889490424,9.32395809552874,0.0495029576413992,0.0276355063698918,0.000431565539464294,63.7556286343755,2
280.701075268108,750.306788887164,9.32258119026307,0.0495030005697497,0.0276304636805096,0.00043147862921617,63.7556839224581,2
281.026508389286,747.273136359184,9.32120470180377,0.0495030425934351,0.0276254227519228,0.0004313735800015,63.7557380454085,2
281.351857199113,744.240717245665,9.31982842881049,0.0495030777803808,0.0276203832359113,0.000431130782772988,63.7557833632156,2
281.677206008941,741.208745797672,9.31845288468179,0.0495031153838745,0.0276153464046762,0.000430936950710033,63.7558317933323,2
282.002554818768,738.177221981337,9.31707834099214,0.0495031582932999,0.0276103130625998,0.000430850463064079,63.7558870570411,2
282.327903628596,735.146145356059,9.31570421266904,0.0495032002973585,0.0276052814753169,0.000430745821996223,63.7559411547138,2
282.653168135405,732.116300720654,9.3143302981154,0.0495032354636089,0.0276002512935105,0.000430503410883255,63.7559864458671,2
282.978432642215,729.086902867881,9.31295711095741,0.0495032730473394,0.0275952237902673,0.000430309983493794,63.7560348505304,2
283.303697149025,726.057951764219,9.31158492259966,0.049503315937829,0.0275901997693561,0.000430223916963952,63.7560900898515,2
283.628961655834,723.029446969835,9.31021314817407,0.0495033579222514,0.02758517749726,0.000430119682586561,63.7561441622344,2
283.954141869743,720.002172727455,9.30884158582026,0.0495033930677992,0.0275801566235416,0.000429877656171733,63.7561894267245,2
284.279322083651,716.975344387255,9.30747074939847,0.049503430631758,0.0275751384221966,0.000429684632015174,63.7562378059237,2
284.604502297559,713.948961916058,9.30610091014369,0.0495034735033019,0.0275701236963812,0.000429598985132236,63.7562930208443,2
284.929682511468,710.923024874793,9.30473148339204,0.049503515468079,0.0275651107134259,0.000429495155994757,63.7563470679258,2
285.254778439847,707.898316976535,9.30336226703243,0.0495035505929172,0.0275600991218196,0.000429253512872437,63.7563923057435,2
285.579874368225,704.874054102427,9.30199377514646,0.0495035881370953,0.0275550901964199,0.000429060890508553,63.756440659467,2
285.904970296604,701.850236219635,9.30062627879981,0.0495036309896831,0.0275500847397716,0.000428975661804394,63.7564958499737,2
286.230066224983,698.826862889848,9.29925919353259,0.0495036729348059,0.0275450810200517,0.000428872236466055,63.7565498717421,2
286.555077873185,695.804717316126,9.29789231699254,0.0495037080389273,0.0275400786847104,0.000428630975245648,63.7565950828785,2
286.880089521388,692.783015890931,9.29652616347294,0.0495037455633161,0.0275350790094321,0.000428438753248521,63.756643411115,2
287.20510116959,689.761758581772,9.29516100387039,0.049503788396937,0.0275300827961509,0.000428353941255199,63.7566985771939,2
287.530112817793,686.740944951098,9.29379625392894,0.0495038303223957,0.0275250883138895,0.0004282509182707,63.7567525736366,2
287.855040198968,683.721357620351,9.29243171102334,0.0495038654057941,0.0275200952089438,0.000428010037555088,63.7567977580836,2
288.179967580144,680.702213564931,9.29106788969023,0.0495039029103861,0.0275151047579402,0.000427818214504233,63.7568460608234,2
288.504894961319,677.683512752687,9.28970506065742,0.0495039457250309,0.0275101177622038,0.000427733817770108,63.7569012024628,2
288.829822342495,674.665254746824,9.28834263987267,0.0495039876308176,0.0275051324916015,0.000427631195709547,63.7569551735696,2
289.154665465796,671.648221625203,9.28698042445556,0.0495040226934862,0.0275001485913408,0.000427390694107771,63.7570003313184,2
289.479508589098,668.631630908111,9.28561892916814,0.0495040601782731,0.0274951673389243,0.000427199268582705,63.757048608551,2
289.804351712399,665.615482563736,9.28425842456976,0.0495041029739324,0.0274901895350688,0.000427115285661028,63.7571037257386,2
290.129194835701,662.599776156033,9.28289832681167,0.0495041448600387,0.0274852134504847,0.000427013063105187,63.7571576714988,2
290.453953706122,659.585293258779,9.28153843277672,0.0495041799019711,0.0274802387293589,0.000426772939246215,63.7572028025411,2
290.778712576543,656.571251897636,9.28017925743381,0.0495042173669447,0.0274752666500019,0.000426581909840219,63.7572510542558,2
291.103471446963,653.557652041128,9.27882107117399,0.049504260143608,0.0274702980125235,0.000426498339282611,63.7573061469782,2
291.428230317384,650.544493253963,9.27746329035198,0.0495043020100245,0.0274653310884765,0.0004263965148034,63.7573600673797,2
291.752904949335,647.532556519302,9.27610571157544,0.0495043370312152,0.0274603655208873,0.000426156767310763,63.7574051717083,2
292.077579581287,644.521060454732,9.27474885005844,0.0495043744763682,0.0274554025890143,0.000425966132615671,63.7574533978959,2
292.402254213238,641.510005029113,9.27339297602408,0.0495044172340272,0.0274504430923611,0.000425882972991142,63.7575084661423,2
292.726928845189,638.499389807901,9.27203750603025,0.0495044590807468,0.0274454853033223,0.000425781545182747,63.7575623611759,2
293.051519246646,635.489995244235,9.27068223643735,0.0495044940811892,0.0274405288638659,0.000425542172684688,63.7576074387825,2
293.376109648103,632.481040487012,9.26932768267661,0.0495045315065141,0.0274355750540957,0.000425351931306644,63.7576556394331,2
293.70070004956,629.472525505426,9.26797411480341,0.0495045742451593,0.0274306246729101,0.000425269181183841,63.7577106831915,2
294.025290451018,626.46444986568,9.26662094957869,0.0495046160721737,0.0274256759935442,0.000425168148639546,63.7577645528465,2
294.349796630789,623.457593484031,9.26526798311305,0.0495046510518619,0.0274207286568996,0.000424929149773725,63.7578096037235,2
294.674302810561,620.451176047542,9.26391573105727,0.0495046884573511,0.0274157839439334,0.000424739300318147,63.7578577788274,2
294.998808990333,617.445197525742,9.26256446329931,0.0495047311769737,0.0274108426529402,0.000424656958278941,63.7579127980862,2
295.323315170105,614.439657485574,9.26121359680296,0.0495047729842751,0.0274059030579945,0.000424556319601266,63.7579666423525,2
295.647737133911,611.435335335888,9.25986292744287,0.0495048079432032,0.0274009647989825,0.000424317693020199,63.7580116664922,2
295.972159097717,608.431451272428,9.25851297107536,0.049504845328849,0.0273960291576632,0.000424128234103735,63.7580598160395,2
296.296581061523,605.428005265052,9.25716399742123,0.0495048880294393,0.0273910969317285,0.000424046298725107,63.7581148107864,2
296.62100302533,602.424996881447,9.255815423647,0.0495049298170193,0.0273861663960917,0.000423946052517477,63.7581686296531,2
296.945340783918,599.423204977354,9.25446704537143,0.0495049647551819,0.0273812371895507,0.000423707796872953,63.7582136270488,2
297.269678542506,596.421850302905,9.25311937867623,0.0495050021209776,0.0273763105947392,0.000423518727120949,63.7582617510308,2
297.594016301095,593.42093282829,9.25177269311526,0.0495050448025271,0.027371387408747,0.000423437196993463,63.7583167212548,2
297.918354059683,590.420452121932,9.25042640605762,0.0495050865703784,0.0273664659073252,0.000423337341870536,63.7583705147127,2
298.242607624515,587.421186480745,9.2490803128642,0.0495051214877701,0.0273615457281771,0.000423099455812353,63.7584154853572,2
298.566861189347,584.422357214968,9.24773492984395,0.0495051588337089,0.0273566281548173,0.000422910773848883,63.7584635837652,2
298.89111475418,581.423964295118,9.24639052638411,0.0495052014962097,0.0273517139837348,0.000422829647572705,63.758518529456,2
299.215368319012,578.426007290357,9.24504652005615,0.0495052432443252,0.0273468014915174,0.000422730182154934,63.7585722974959,2
299.53953769673,575.429263984212,9.24370270598404,0.0495052781409407,0.027341890314851,0.000422492664354806,63.7586172413824,2
299.863707074448,572.432956201568,9.24235960068288,0.0495053154670155,0.0273369817380535,0.000422304368815178,63.7586653142073,2
300.187876452165,569.43708391327,9.24101747337352,0.0495053581104584,0.0273320765570142,0.000422223644986126,63.7587202353533,2
300.512045829883,566.441646689211,9.23967574182968,0.0495053998388304,0.0273271730491568,0.000422124567895956,63.7587739779652,2
300.836131032461,563.447421751102,9.23833420091731,0.049505434714665,0.0273222708500729,0.000421887417024151,63.7588188950876,2
301.160216235039,560.453631486918,9.23699336737864,0.0495054720208694,0.0273173712449606,0.000421699506546387,63.7588669423212,2
301.484301437617,557.460275867824,9.23565351026841,0.0495055146452467,0.0273124750291103,0.000421619183774228,63.7589218389122,2
301.808386640195,554.46735446445,9.23431404756241,0.0495055563538684,0.0273075804807807,0.000421520493642437,63.7589755560873,2
302.1323876782,551.47564395058,9.23297477387539,0.0495055912089171,0.0273026872344946,0.000421283708373386,63.7590204464394,2
302.456388716205,548.484367263374,9.23163620616975,0.0495056284952449,0.0272977965763044,0.000421096181604023,63.7590684680736,2
302.78038975421,545.493524374324,9.23029861333441,0.0495056711005486,0.0272929093009029,0.000421016258500696,63.7591233400994,2
303.104390792214,542.503114854786,9.22896141354706,0.0495057127894131,0.0272880236873826,0.000420917953965852,63.7591770318291,2
303.428307677486,539.513914819738,9.22762440116694,0.0495057476236713,0.0272831393691827,0.000420681532975255,63.7592218954047,2
303.752224562758,536.52514776641,9.22628809338084,0.0495057848901164,0.0272782576332246,0.000420494388564091,63.7592698914316,2
304.07614144803,533.536813666613,9.22495275891213,0.0495058274763392,0.0272733792736048,0.000420414863758743,63.7593247388829,2
304.400058333302,530.548912092432,9.22361781614018,0.0495058691454403,0.0272685025702486,0.000420316943467926,63.759378405159,2
304.723891071633,527.562218656698,9.22228305919461,0.0495059039589027,0.0272636271556062,0.000420080885443076,63.7594232419514,2
305.047723809965,524.575957360026,9.22094900546059,0.0495059412054583,0.0272587543173733,0.000419894122048966,63.7594712123624,2
305.371556548296,521.59012817455,9.21961592349618,0.0495059837725919,0.0272538848490507,0.000419814994166398,63.7595260352284,2
305.695389286628,518.604730673079,9.21828323188232,0.0495060254219225,0.0272490170313957,0.000419717456769767,63.7595796760416,2
306.019137884398,515.620539961702,9.21695072451752,0.0495060602145849,0.0272441504958649,0.000419481760421324,63.7596244860455,2
306.342886482169,512.636780549013,9.21561891898664,0.0495060974412449,0.0272392865309323,0.000419295376713266,63.7596724308326,2
306.666635079939,509.653452407464,9.21428808368264,0.0495061399892804,0.0272344259295043,0.000419216644369584,63.7597272291019,2
306.99038367771,506.670555110589,9.21295763738794,0.0495061816188329,0.0272295669731695,0.000419119488513495,63.7597808444427,2
307.314048154665,503.688863135437,9.21162737371599,0.0495062163906917,0.027224709292194,0.000418884152526216,63.7598256276532,2
307.637712631619,500.707601620908,9.21029781050523,0.0495062535974514,0.0272198541760273,0.000418698147169041,63.7598735468104,2
307.961377108574,497.726770539772,9.20896921598388,0.0495062961263837,0.0272150024169823,0.00041861980902328,63.7599283204765,2
308.285041585529,494.746369466284,9.20764100913555,0.0495063377361539,0.0272101522974774,0.000418523033381441,63.7599819103394,2
308.608621945926,491.767172391996,9.20631298335314,0.049506372487204,0.0272053034468247,0.000418288056459646,63.7600266667501,2
308.932202306323,488.788404942526,9.20498565666402,0.0495064096740568,0.0272004571552125,0.000418102428130323,63.760074560269,2
309.255782666719,485.810067090962,9.20365929713187,0.0495064521838775,0.0271956142143611,0.000418024482817789,63.7601293093209,2
309.579363027116,482.832158412275,9.20233332394139,0.0495064937738581,0.0271907729075182,0.000417928086053039,63.7601828736965,2
309.90285928062,479.855452363564,9.20100753024372,0.0495065285040961,0.0271859328629648,0.00041769346692025,63.7602276033029,2
310.226355534124,476.879175106135,9.19968243427623,0.0495065656710366,0.0271810953717046,0.000417508214302991,63.7602754711764,2
310.549851787628,473.903326613387,9.1983583039383,0.0495066081617381,0.0271762612248664,0.00041743066046823,63.7603301956045,2
310.873348041132,470.92790646101,9.1970345586156,0.0495066497319228,0.0271714287065264,0.000417334641248481,63.7603837344846,2
311.196760203785,467.953687513856,9.19571099119236,0.0495066844413451,0.027166597443843,0.000417100378613544,63.7604284372822,2
311.520172366438,464.97989652672,9.19438812014102,0.0495067215883686,0.0271617687287268,0.000416915500392383,63.7604762795043,2
311.843584529091,462.006533473317,9.19306621319696,0.0495067640599454,0.0271569433517161,0.000416838336702038,63.7605309793013,2
312.166996691744,459.033597930047,9.19174468994658,0.0495068056103295,0.0271521195977144,0.000416742693715306,63.76058449268,2
312.490324770417,456.061862254723,9.19042334304564,0.0495068402989317,0.0271472970928986,0.000416508786296853,63.7606291686631,2
312.81365284909,453.090553710397,9.18910269116306,0.0495068774260326,0.0271424771299447,0.000416324281166328,63.7606769852266,2
313.136980927763,450.119672271093,9.18778300187051,0.0495069198784772,0.0271376604988019,0.000416247506281969,63.760731660383,2
313.460309006436,447.149217513927,9.18646369495496,0.0495069614090545,0.0271328454851998,0.000416152238213013,63.7607851482523,2
313.783553008444,444.179961286395,9.18514456284279,0.0495069960768331,0.0271280317143312,0.000415918684750141,63.7608297974163,2
314.106797010453,441.211131363075,9.18382612440018,0.0495070331840059,0.0271232204796401,0.000415734551411312,63.760877588314,2
314.430041012461,438.242727718304,9.18250864703528,0.0495070756173108,0.0271184125704872,0.000415658163992338,63.7609322388202,2
314.75328501447,435.274749929905,9.18119155073554,0.0495071171280751,0.0271136062734279,0.000415563269525551,63.760985701172,2
315.076444955215,432.30796926166,9.17987462766597,0.0495071517750272,0.0271088012125541,0.000415330068750295,63.7610303235133,2
315.39960489596,429.34161407309,9.17855839692189,0.0495071888622675,0.0271039986821943,0.000415146305906032,63.7610780887397,2
315.722764836705,426.375684338842,9.17724312574824,0.0495072312764273,0.0270991994711218,0.000415070304633215,63.7611327145886,2
316.045924777451,423.410179637445,9.17592823433274,0.0495072727673742,0.0270944018667166,0.000414975782472193,63.7611861514171,2
316.369000666189,420.44587070624,9.17461351460498,0.0495073073934962,0.0270896054920651,0.000414742933123108,63.7612307469311,2
316.692076554927,417.4819864324,9.17329948586334,0.0495073444607991,0.0270848116422847,0.000414559539484615,63.7612784864798,2
317.015152443666,414.518526790876,9.17198641518981,0.0495073868558071,0.0270800211055624,0.00041448392303456,63.7613330876628,2
317.338228332404,411.555491360905,9.17067372297222,0.0495074283269308,0.0270752321701018,0.000414389771878371,63.7613864989609,2
317.661220180178,408.593650337841,9.16936120089839,0.0495074629322198,0.0270704444579612,0.000414157272703068,63.7614310676436,2
317.984212027953,405.632233152051,9.16804936847602,0.0495074999795806,0.0270656592650695,0.000413974246986983,63.7614787815087,2
318.307203875727,402.671239778793,9.16673849262438,0.0495075423554308,0.0270608773790283,0.000413899014048794,63.7615333580181,2
318.630195723501,399.710669798007,9.16542799393124,0.0495075838067265,0.0270560970888638,0.000413805232606648,63.7615867437793,2
318.953103540616,396.751292870675,9.16411766384659,0.0495076183911791,0.0270513180156212,0.000413573082352197,63.7616312856266,2
319.276011357731,393.792338962737,9.16280802208339,0.0495076554185933,0.0270465414560255,0.000413390423279322,63.7616789738021,2
319.598919174845,390.833808049758,9.16149933539846,0.0495076977752796,0.0270417681970943,0.000413315572544822,63.76173352563,2
319.92182699196,387.875699712375,9.16019102457937,0.0495077392067422,0.0270369965286756,0.000413222159533719,63.7617868858479,2
320.244650787029,384.918783093534,9.15888288084603,0.0495077737703558,0.0270322260708298,0.000412990356967655,63.7618314008563,2
320.567474582098,381.962288678406,9.15757542410875,0.0495078107778188,0.0270274581210495,0.000412808063268576,63.7618790633364,2
320.890298377167,379.006216442859,9.15626892096212,0.0495078531153344,0.0270226934657689,0.000412733593424514,63.7619335904741,2
321.213122172236,376.050565968232,9.1549627923934,0.0495078945269586,0.0270179303956567,0.000412640547557649,63.7619869251418,2
321.535861962614,373.096105800226,9.15365682935799,0.0495079290697309,0.0270131685296642,0.000412409091433926,63.7620314133084,2
321.858601752992,370.142067022468,9.15235155199791,0.0495079660572393,0.0270084091661761,0.000412227161840133,63.7620790500887,2
322.181341543371,367.188449611126,9.15104722674581,0.0495080083755799,0.0270036530910442,0.000412153071599705,63.7621335525307,2
322.504081333749,364.235253148235,9.14974327478841,0.0495080497673622,0.0269988985957573,0.000412060391609112,63.7621868616437,2
322.826737127502,361.283245668165,9.14843948685507,0.0495080842892901,0.0269941452982979,0.000411829280693998,63.7622313229645,2
323.149392921254,358.331658767058,9.14713638328091,0.0495081212568394,0.0269893944978019,0.000411647713941511,63.762278934039,2
323.472048715007,355.380492421383,9.14583423033693,0.0495081635559989,0.0269846469795401,0.000411574002013384,63.7623334117774,2
323.794704508759,352.429746213868,9.14453244940912,0.0495082049279344,0.02697990103582,0.000411481686631098,63.7623866953295,2
324.117276313399,349.480187673407,9.14323083100395,0.0495082394290153,0.0269751562836674,0.000411250919706803,63.7624311298011,2
324.439848118039,346.531048902796,9.14192989564637,0.0495082763766012,0.0269704140229572,0.000411069714546856,63.7624787151646,2
324.762419922678,343.582329878804,9.14062990944593,0.0495083186565732,0.02696567503838,0.0004109963796339,63.7625331681911,2
325.084991727318,340.634030184851,9.1393302939878,0.0495083600086568,0.0269609376230615,0.000410904427591955,63.7625864261755,2
325.407479558917,337.68691676694,9.13803083952198,0.0495083944888888,0.0269562013929485,0.000410674003431268,63.7626308337956,2
325.729967390517,334.740222311953,9.13673206679674,0.049508431416508,0.0269514676487773,0.000410493158609662,63.7626783934437,2
326.052455222116,331.793946796957,9.13543424176047,0.0495084736772884,0.0269467371746589,0.000410420199442825,63.7627328217529,2
326.374943053715,328.848089806063,9.13413678619734,0.0495085150095166,0.0269420082645364,0.000410328609487021,63.7627860541654,2
326.697346920645,325.903417773607,9.13283949013275,0.0495085494688976,0.0269372805333945,0.000410098526883202,63.7628304349311,2
327.019750787576,322.959163899309,9.13154287450625,0.0495085863765462,0.0269325552827134,0.000409918041157692,63.7628779688587,2
327.342154654506,320.015328160532,9.13024720510528,0.0495086286181287,0.0269278332960259,0.000409845456450171,63.7629323724428,2
327.664558521436,317.071910142074,9.12895190391288,0.0495086699304967,0.0269231128680912,0.000409754227320693,63.762985579277,2
327.986878439967,314.129675695312,9.1276567606991,0.049508704369025,0.0269183936128206,0.00040952448505903,63.7630299331862,2
328.309198358499,311.187858604112,9.12636229662544,0.0495087412567,0.0269136768325496,0.000409344357187735,63.7630774413896,2
328.63151827703,308.246458846134,9.12506877731871,0.0495087834790808,0.0269089633102339,0.000409272145680257,63.7631318202434,2
328.953838195561,305.30547600686,9.12377562496061,0.0495088247715856,0.0269042513414481,0.000409181276136491,63.7631850014956,2
329.2760741768,302.365675402708,9.1224826290874,0.0495088591892587,0.0268995405391088,0.000408951873001911,63.7632293285451,2
329.59831015804,299.426291353673,9.12119031106088,0.0495088960569566,0.0268948322063279,0.000408772101747658,63.7632768110195,2
329.920546139279,296.487323837709,9.11989893634748,0.0495089382601309,0.0268901271254848,0.000408700262180046,63.7633311651371,2
330.242782120518,293.548772440983,9.11860792732735,0.0495089795327689,0.0268854235929684,0.000408609750985727,63.7633843208024,2
330.56493416806,290.611402014263,9.117317073334,0.0495090139295849,0.0268807212208143,0.000408380685799202,63.7634286209898,2
330.887086215602,287.674447344339,9.11602689589832,0.0495090507773016,0.0268760213127968,0.000408201269942026,63.7634760777302,2
331.209238263144,284.737908409457,9.11473766032653,0.0495090929612625,0.0268713246507198,0.000408129801038164,63.7635304071026,2
331.531390310686,281.801784796467,9.11344878919723,0.0495091342140283,0.0268666295317861,0.000408039646945793,63.7635835371742,2
331.853458445716,278.866840730956,9.11216007157165,0.0495091685899862,0.0268619355668973,0.000407810918498952,63.7636278104981,2
332.175526580747,275.932311626084,9.11087202921923,0.0495092054177198,0.0268572440607431,0.000407631856812731,63.763675241502,2
332.497594715777,272.998197460384,9.10958492728631,0.049509247582465,0.026852555794553,0.000407560757335445,63.7637295461261,2
332.819662850808,270.064497821388,9.10829818854965,0.0495092888153568,0.0268478690663424,0.000407470959124153,63.7637826506018,2
333.141647079633,267.13197644594,9.1070116018586,0.0495093231704547,0.0268431834860997,0.000407242566235613,63.7638268970597,2
333.463631308458,264.199869237086,9.10572568916061,0.0495093599782014,0.0268385003592087,0.000407063857502194,63.7638743023222,2
333.785615537283,261.26817617365,9.10444071544234,0.049509402123725,0.0268338204663259,0.000406993126194026,63.7639285821906,2
334.107599766107,258.336896843841,9.10315610367865,0.0495094433367384,0.0268291421062782,0.000406903682634609,63.7639816610645,2
334.42950010268,255.406794426933,9.10187164247734,0.0495094776709751,0.0268244648880333,0.000406675624120635,63.7640258806551,2
334.751400439253,252.477105384701,9.10058785399341,0.0495095144587324,0.0268197901177768,0.000406497267128023,63.7640732601729,2
335.073300775826,249.54782969626,9.09930500305414,0.0495095565850306,0.0268151185755928,0.000406426902751981,63.7641275152807,2
335.395201112399,246.618966950492,9.09802251283225,0.0495095977781626,0.0268104485611191,0.000406337812624113,63.7641805685491,2
335.717017568782,243.69127978716,9.09674017170245,0.049509632091537,0.0268057796823339,0.000406110087306402,63.7642247612707,2
336.038834025166,240.764005208703,9.09545850201878,0.049509668859302,0.026801113246193,0.000405932080846588,63.7642721150402,2
336.360650481549,237.837143194522,9.09417776844933,0.0495097109663706,0.0267964500322092,0.000405862082164774,63.7643263453818,2
336.682466937932,234.910693334172,9.09289739436457,0.0495097521396182,0.0267917883408304,0.000405773344256824,63.7643793730408,2
337.004199525489,231.985417735087,9.09161716790979,0.0495097864321289,0.0267871277790587,0.000405545950960152,63.7644235388917,2
337.325932113046,229.060553933181,9.09033761163423,0.0495098231798992,0.0267824696546065,0.000405368293834908,63.7644708669098,2
337.647664700603,226.13610190814,9.08905899004708,0.0495098652677338,0.0267778147464163,0.00040529865961305,63.7645250724796,2
337.96939728816,223.212061250192,9.08778072671641,0.0495099064210938,0.0267731613557448,0.000405210272713566,63.7645780745251,2
338.291046019634,220.289193522733,9.08650260955347,0.0495099406927399,0.0267685090886023,0.000404983210272853,63.7646222135042,2
338.612694751107,217.366736806858,9.08522516130722,0.049509977420513,0.0267638592534735,0.000404805901283409,63.7646695157676,2
338.934343482581,214.444691082538,9.0839486463282,0.0495100194891099,0.0267592126287317,0.00040473663029828,63.7647236965609,2
339.255992214055,211.523055940671,9.08267248838188,0.0495100606225796,0.0267545675164415,0.000404648593205412,63.7647766729893,2
339.577557100601,208.602592415858,9.08139647515269,0.0495100948733602,0.026749923521648,0.000404421860459746,63.7648207850955,2
339.899121987147,205.682539119125,9.08012112958198,0.0495101315811338,0.0267452819535815,0.000404244898417111,63.7648680616011,2
340.220686873693,202.762896030727,9.07884671586188,0.0495101736304887,0.0267406435900468,0.000404175989443313,63.7649222176125,2
340.542251760239,199.843662742227,9.07757265795514,0.0495102147440649,0.0267360067339159,0.000404088300954124,63.7649751684198,2
340.863732815872,196.925599734306,9.07629874330893,0.0495102489739797,0.0267313709892308,0.000403861896748931,63.7650192536526,2
341.185213871505,194.007946173051,9.07502549506731,0.0495102856617517,0.026726737666005,0.000403685280465746,63.7650665043979,2
341.506694927138,191.090702038998,9.07375317726426,0.0495103276918613,0.0267221075414757,0.000403616732287843,63.7651206356228,2
341.828175982771,188.173866924377,9.07248121405965,0.0495103687855417,0.0267174789193214,0.000403529391211169,63.7651735608061,2
342.149573221661,185.258200755376,9.07120939266363,0.0495104029945901,0.0267128514025827,0.000403303314390426,63.7652176191648,2
342.470970460551,182.34294325371,9.06993823642265,0.0495104396623586,0.0267082263020543,0.000403127042684585,63.7652648441472,2
342.792367699441,179.428094400196,9.06866800921276,0.0495104816732197,0.0267036043944071,0.000403058854094568,63.7653189505817,2
343.113764938331,176.513653787726,9.06739813539077,0.0495105227470021,0.026698983984125,0.000402971859242869,63.7653718501381,2
343.435078371847,173.600380814242,9.06612840194181,0.0495105569351833,0.0266943646732911,0.000402746108657437,63.7654158816216,2
343.756391805362,170.68751573083,9.06485933240259,0.0495105935829462,0.0266897477734374,0.00040257018035281,63.7654630808386,2
344.077705238878,167.775058518588,9.06359119049152,0.0495106355745551,0.0266851340606692,0.0004025023501443,63.7655171624778,2
344.399018672394,164.863008771067,9.06232340076219,0.049510676628437,0.0266805218402751,0.000402415700333839,63.765570036404,2
344.720248312007,161.952125357831,9.06105574997514,0.0495107107957507,0.0266759107133827,0.000402190274845084,63.7656140410119,2
345.041477951621,159.041649059467,9.05978876185681,0.049510747423506,0.0266713019922591,0.000402014688772063,63.7656612144609,2
345.362707591235,156.131579857348,9.05852269996817,0.0495107893958592,0.026666696452445,0.000401947215745927,63.7657152713005,2
345.683937230848,153.221917345688,9.05725698905948,0.0495108304298384,0.0266620924000326,0.000401860909801662,63.7657681195936,2
346.005083088947,150.313419858198,9.05599141566393,0.0495108645762842,0.0266574894351849,0.000401635808272944,63.7658120973255,2
346.326228947046,147.405328712434,9.0547265037003,0.0495109011840304,0.0266528888709129,0.000401460563267718,63.7658592450044,2
346.647374805145,144.49764389005,9.05346251657241,0.0495109431371245,0.026648291482194,0.00040139344622446,63.7659132770399,2
346.968520663244,141.590364985913,9.05219887922699,0.0495109841511984,0.0266436955759232,0.000401307482968268,63.7659660996968,2
347.289582754192,138.684249780815,9.050935377963,0.0495110182767766,0.0266391007512739,0.000401082704268561,63.766010050553,2
347.61064484514,135.778540146354,9.04967253689839,0.0495110548645121,0.026634508322026,0.000400907799168406,63.7660571724598,2
347.931706936087,132.873236064457,9.04841061928004,0.0495110967983445,0.0266299190625942,0.000400841036922659,63.7661111796879,2
348.252769027035,129.968337130648,9.04714905025101,0.0495111377925117,0.0266253312806754,0.000400755415190186,63.7661639767066,2
348.573747362899,127.064600594405,9.04588761588592,0.049511171897222,0.0266207445744901,0.000400530958190819,63.7662079006866,2
348.894725698763,124.161268859748,9.04462684049185,0.0495112084649454,0.0266161602585501,0.000400356391842066,63.7662549968196,2
349.215704034627,121.258341908882,9.04336698715901,0.0495112503795128,0.0266115791067088,0.000400289983205202,63.7663089792361,2
349.536682370492,118.355819337982,9.04210748122664,0.0495112913537711,0.0266069994274639,0.000400204701833,63.7663617506138,2
349.857576964718,115.454457853558,9.04084810854047,0.0495113254376139,0.0266024208180667,0.000399980565414722,63.7664056477183,2
350.178471558945,112.553500403711,9.03958939360116,0.0495113619853237,0.0265978445937773,0.000399806336663522,63.7664527180755,2
350.499366153172,109.652946970914,9.03833159934247,0.0495114038806235,0.0265932715278883,0.000399740280456877,63.7665066756769,2
350.820260747398,106.752797151997,9.03707415129968,0.0495114448349713,0.0265886999296975,0.000399655338286205,63.7665594214116,2
351.141071612831,103.853807116774,9.03581683509286,0.0495114788979466,0.0265841293954994,0.000399431521329944,63.7666032916405,2
351.461882478263,100.955220351143,9.0345601754129,0.0495115154256418,0.0265795612412898,0.000399257629032774,63.7666503362205,2
351.782693343695,98.0570368378528,9.0333044350374,0.0495115573016713,0.0265749962398015,0.000399191924082754,63.7667042690035,2
352.103504209128,95.1592561743816,9.03204903969748,0.0495115982361069,0.0265704327011317,0.000399107319962662,63.766756989093,2
352.424231358051,92.2626339996979,9.0307937747906,0.0495116322782153,0.0265658702206293,0.000398883821362934,63.7668008324472,2
352.744958506974,89.3664143316449,9.02953916519474,0.0495116687858947,0.0265613101150143,0.000398710264381703,63.7668478512485,2
353.065685655897,86.4705971532403,9.0282854735315,0.0495117106426508,0.0265567531564604,0.000398644909507833,63.7669017592089,2
353.386412804821,83.5751820626105,9.02703212572778,0.0495117515571725,0.0265521976558635,0.000398560642286282,63.7669544536509,2
353.707056255382,80.6809241157797,9.02577890693637,0.0495117855784146,0.0265476432075475,0.000398337460925466,63.7669982701312,2
354.027699705943,77.7870679146453,9.02452634224428,0.0495118220660778,0.0265430911290357,0.000398164238120997,63.7670452631534,2
354.348343156505,74.8936134424941,9.02327469411745,0.0495118639035593,0.0265385421919444,0.000398099232173231,63.7670991462898,2
354.668986607066,72.0005602980977,9.02202338867829,0.0495119047981666,0.0265339947079667,0.000398015300712676,63.7671518150838,2
354.989546368024,69.1086630400902,9.02077221087243,0.0495119387985427,0.0265294482705382,0.000397792435492894,63.7671956046903,2
355.310106128982,66.2171667688415,9.01952168595831,0.0495119752661882,0.0265249041978488,0.000397619545734344,63.7672425719314,2
355.63066588994,63.3260714679071,9.01827207624639,0.049512017084392,0.0265203632609581,0.000397554887547421,63.7672964302397,2
355.951225650899,60.4353767367016,9.01702280805449,0.0495120579590828,0.0265158237723556,0.000397471290706329,63.767349073383,2
356.271701735306,57.545836598523,9.01577366610521,0.0495120919385938,0.0265112853245314,0.00039724874053695,63.7673928361171,2
356.592177819714,54.6566966901668,9.01452517584415,0.0495121283862208,0.0265067492363993,0.000397076182699813,63.7674397775761,2
356.912653904122,51.7679569954551,9.01327759942655,0.0495121701851443,0.0265022162784625,0.00039701187111119,63.767493611053,2
357.23312998853,48.8796171144446,9.01203036336552,0.0495122110399173,0.0264976847640067,0.000396928607754914,63.7675462285439,2
357.553522415089,45.9924304850033,9.01078325213944,0.0495122449985642,0.0264931542845,0.000396706371532626,63.7675899644068,2
357.873914841648,43.1056433304562,9.00953679140221,0.049512281426173,0.0264886261596561,0.000396534144495114,63.767636880084,2
358.194307268207,40.2192556348909,9.00829124315408,0.0495123232058152,0.0264841011594234,0.00039647017836489,63.7676906887283,2
358.514699694767,37.3332669990034,9.00704603410324,0.0495123640406705,0.0264795775978825,0.000396387247371279,63.7677432805668,2
358.835008471791,34.4484303696506,9.0058009485251,0.0495123979784538,0.0264750550656295,0.000396165324012877,63.7677869895592,2
359.155317248815,31.5639924622379,9.00455651224046,0.0495124343860429,0.0264705348830279,0.000395993426658276,63.7678338794528,2
359.475626025839,28.6799532611184,9.00331298709482,0.0495124761464009,0.0264660178194719,0.000395929804835681,63.7678876632607,2
359.795934802864,25.796312367626,9.00206979999133,0.0495125169613366,0.0264615021898361,0.000395847205076789,63.7679402294444,2
360.116159945038,22.913822181013,9.00082673497855,0.0495125508782575,0.0264569875837587,0.000395625593500154,63.7679839115678,2
360.436385087212,20.031729965371,8.99958431806794,0.0495125872658268,0.0264524753223387,0.000395454024717906,63.7680307756776,2
360.756610229387,17.1500357053157,8.99834281095055,0.049512629006899,0.0264479661744175,0.000395390746063582,63.768084534647,2
361.076835371561,14.2687390028176,8.99710164072428,0.0495126698019145,0.0264434584556627,0.000395308476423237,63.7681370751752,2
361.396976892563,11.3885917194092,8.9958605912156,0.049512703697974,0.0264389517547722,0.000395087175546614,63.7681807304309,2
361.717118413564,8.50884165797732,8.99462018862182,0.0495127400655233,0.0264344473935629,0.000394915934231053,63.7682275687566,2
362.037259934566,5.62948880339937,8.99338069447971,0.0495127817873079,0.026429946140324,0.000394852997609627,63.7682813028852,2
362.357401455568,2.75053275827974,8.99214153608185,0.0495128225624024,0.0264254463115155,0.000394771056972744,63.768333817757,2
362.43387695144,2.06286552875093,8.99184506083522,0.0495128264981739,0.0264243700901298,0.000394634220877447,63.7683388866967,2
362.510352447312,1.37522100980209,8.99154832364513,0.0495128272835007,0.026423293123985,0.000394433737929727,63.7683398981298,2
362.586827943184,0.687599258421988,8.9912528850466,0.0495128421048671,0.0264222199989932,0.000394516856661812,63.7683589867965,2
362.663303439056,-1.28785870856518e-14,8.99096127249438,0.0495128988022,0.0264211581422505,0.000395446075585489,63.7684320081714,2
